order_detail_id,order_id,product_id,quantity,discount
1,1,45,1,5.0
2,2,36,3,15.0
3,2,44,2,5.0
4,3,20,1,5.0
5,4,45,1,10.0
6,5,23,2,10.0
7,6,45,1,5.0
8,6,23,3,5.0
9,6,40,2,5.0
10,7,22,1,5.0
11,8,11,2,0.0
12,8,28,1,10.0
13,9,56,1,10.0
14,10,18,1,0.0
15,10,3,1,0.0
16,11,20,2,10.0
17,12,32,2,5.0
18,13,5,1,15.0
19,14,56,2,5.0
20,14,40,1,5.0
21,14,53,3,10.0
22,14,44,3,5.0
23,15,6,1,15.0
24,15,51,4,5.0
25,16,54,4,10.0
26,17,8,1,0.0
27,18,25,2,10.0
28,19,33,1,0.0
29,19,29,3,0.0
30,20,24,2,5.0
31,20,49,2,5.0
32,21,29,2,20.0
33,21,31,3,10.0
34,21,59,3,10.0
35,22,34,2,20.0
36,23,60,2,5.0
37,23,35,2,10.0
38,24,59,1,0.0
39,25,57,1,0.0
40,25,43,1,10.0
41,26,16,1,5.0
42,26,34,1,5.0
43,26,20,3,15.0
44,27,7,1,10.0
45,27,13,4,0.0
46,27,8,2,10.0
47,28,17,1,15.0
48,29,42,1,0.0
49,30,1,1,20.0
50,30,27,4,5.0
51,31,8,1,0.0
52,31,21,3,10.0
53,32,6,2,0.0
54,33,46,3,0.0
55,33,28,3,20.0
56,34,54,2,10.0
57,34,7,2,10.0
58,35,30,2,5.0
59,35,54,1,15.0
60,36,18,1,10.0
61,36,19,2,10.0
62,37,2,2,5.0
63,37,16,2,5.0
64,38,53,1,5.0
65,39,49,2,5.0
66,39,15,2,0.0
67,40,56,1,10.0
68,41,48,3,10.0
69,41,54,2,5.0
70,42,17,1,0.0
71,43,35,1,5.0
72,44,11,1,15.0
73,44,54,1,5.0
74,45,34,1,15.0
75,45,43,3,10.0
76,46,57,3,10.0
77,46,15,1,15.0
78,46,40,2,10.0
79,47,20,5,5.0
80,47,12,4,5.0
81,48,14,1,10.0
82,49,31,1,15.0
83,49,59,1,5.0
84,49,58,3,15.0
85,50,28,4,15.0
86,50,8,2,15.0
87,50,42,1,5.0
88,51,43,2,10.0
89,52,40,1,5.0
90,53,53,5,10.0
91,54,4,1,10.0
92,55,37,2,5.0
93,55,4,3,0.0
94,56,60,2,0.0
95,57,17,1,20.0
96,57,49,1,20.0
97,58,31,2,0.0
98,59,45,1,15.0
99,59,59,1,15.0
100,59,50,2,0.0
101,60,54,3,5.0
102,61,8,1,0.0
103,61,30,5,15.0
104,61,11,2,10.0
105,61,56,1,5.0
106,62,36,1,15.0
107,62,39,1,0.0
108,62,53,1,0.0
109,62,13,1,0.0
110,63,36,1,20.0
111,63,11,4,15.0
112,64,18,1,5.0
113,65,26,1,10.0
114,65,31,1,5.0
115,66,46,4,20.0
116,67,50,3,5.0
117,67,23,1,10.0
118,68,19,1,15.0
119,69,38,1,10.0
120,69,36,2,10.0
121,69,31,2,10.0
122,70,32,1,15.0
123,71,15,1,10.0
124,71,1,1,5.0
125,71,56,2,20.0
126,72,4,1,5.0
127,73,53,1,0.0
128,74,49,3,5.0
129,74,33,4,5.0
130,75,17,4,5.0
131,75,14,1,10.0
132,76,30,3,15.0
133,76,11,1,5.0
134,77,54,1,5.0
135,78,10,1,10.0
136,79,55,5,0.0
137,80,16,4,0.0
138,80,1,2,10.0
139,80,13,2,10.0
140,81,46,1,5.0
141,81,7,4,5.0
142,82,23,2,0.0
143,83,59,3,10.0
144,84,21,1,10.0
145,85,24,1,0.0
146,86,6,4,10.0
147,87,15,1,15.0
148,88,35,1,0.0
149,89,40,1,5.0
150,90,41,3,15.0
151,91,11,1,0.0
152,92,46,3,15.0
153,93,19,2,0.0
154,93,33,4,5.0
155,94,27,2,0.0
156,95,50,3,15.0
157,96,35,1,10.0
158,97,55,1,0.0
159,98,7,1,15.0
160,99,45,1,5.0
161,100,45,3,0.0
162,101,36,1,5.0
163,101,31,2,10.0
164,102,51,3,0.0
165,102,42,2,10.0
166,102,8,3,0.0
167,103,37,2,0.0
168,103,30,1,5.0
169,104,8,1,5.0
170,105,57,1,20.0
171,105,40,1,5.0
172,106,58,3,5.0
173,106,51,3,0.0
174,107,56,1,10.0
175,107,20,1,10.0
176,108,50,2,10.0
177,108,35,1,0.0
178,109,60,4,10.0
179,110,11,1,15.0
180,111,15,2,0.0
181,111,40,2,15.0
182,112,14,1,0.0
183,113,24,2,10.0
184,114,41,1,10.0
185,114,49,1,5.0
186,115,29,2,10.0
187,116,57,2,5.0
188,117,37,3,0.0
189,118,37,1,10.0
190,119,1,1,10.0
191,119,39,1,10.0
192,119,33,3,15.0
193,120,36,2,5.0
194,120,3,4,20.0
195,121,5,1,10.0
196,121,20,1,0.0
197,122,31,1,0.0
198,122,35,3,5.0
199,122,39,1,0.0
200,123,4,5,10.0
201,124,39,1,0.0
202,125,14,2,10.0
203,126,32,1,5.0
204,127,8,1,0.0
205,128,4,1,0.0
206,129,60,1,20.0
207,129,35,4,5.0
208,130,2,2,15.0
209,131,22,3,15.0
210,131,12,2,10.0
211,131,10,1,5.0
212,132,39,1,5.0
213,133,54,3,0.0
214,134,31,1,10.0
215,135,8,3,5.0
216,136,23,1,5.0
217,137,16,4,10.0
218,138,46,2,5.0
219,138,3,1,10.0
220,138,28,3,0.0
221,139,21,1,5.0
222,139,3,2,10.0
223,139,52,2,5.0
224,140,36,1,0.0
225,140,44,1,15.0
226,141,45,3,10.0
227,142,31,2,15.0
228,142,14,2,5.0
229,143,41,1,0.0
230,144,53,2,15.0
231,144,23,1,10.0
232,145,29,2,5.0
233,146,46,3,5.0
234,147,9,1,5.0
235,148,37,2,10.0
236,148,34,1,15.0
237,149,47,1,10.0
238,150,12,2,5.0
239,151,8,3,5.0
240,151,45,1,5.0
241,152,13,3,0.0
242,153,53,5,15.0
243,154,27,2,15.0
244,154,9,1,10.0
245,155,51,1,0.0
246,156,19,3,10.0
247,156,43,1,10.0
248,156,44,2,15.0
249,157,33,2,15.0
250,158,47,2,15.0
251,158,17,3,20.0
252,158,39,1,10.0
253,159,10,2,10.0
254,159,29,1,10.0
255,159,45,2,15.0
256,160,41,1,10.0
257,161,8,1,10.0
258,162,25,1,0.0
259,162,14,2,15.0
260,162,32,3,10.0
261,163,12,3,5.0
262,164,5,1,5.0
263,165,36,3,5.0
264,165,34,1,0.0
265,165,43,1,5.0
266,166,38,3,5.0
267,167,32,4,15.0
268,168,4,1,10.0
269,169,22,2,10.0
270,169,9,1,15.0
271,170,3,1,0.0
272,170,56,2,5.0
273,170,13,1,10.0
274,170,27,2,5.0
275,171,58,1,5.0
276,172,56,2,15.0
277,172,54,1,15.0
278,173,25,1,15.0
279,174,12,1,15.0
280,174,14,4,5.0
281,174,57,1,0.0
282,175,21,1,0.0
283,176,35,1,10.0
284,176,11,1,15.0
285,176,9,1,5.0
286,177,26,2,5.0
287,178,4,2,0.0
288,179,12,3,15.0
289,180,56,1,10.0
290,181,9,2,15.0
291,182,26,1,10.0
292,183,42,1,15.0
293,184,25,1,20.0
294,185,25,1,0.0
295,185,26,3,5.0
296,186,24,4,0.0
297,186,29,2,5.0
298,187,43,1,5.0
299,188,60,3,5.0
300,188,2,1,15.0
301,189,29,1,10.0
302,190,13,2,0.0
303,191,40,3,20.0
304,191,41,1,15.0
305,191,27,1,15.0
306,191,11,2,5.0
307,192,46,1,15.0
308,193,45,2,15.0
309,194,24,1,5.0
310,194,5,1,10.0
311,195,12,1,10.0
312,195,35,1,15.0
313,195,16,1,5.0
314,196,59,2,10.0
315,196,20,1,5.0
316,196,34,1,5.0
317,197,39,1,0.0
318,198,16,1,0.0
319,199,54,1,15.0
320,200,1,2,0.0
321,200,3,2,10.0
322,201,19,1,0.0
323,202,43,3,0.0
324,203,55,1,5.0
325,204,12,3,0.0
326,205,19,1,5.0
327,206,4,3,0.0
328,206,32,1,0.0
329,207,46,1,5.0
330,208,44,3,0.0
331,209,52,1,0.0
332,210,54,1,15.0
333,210,9,3,10.0
334,211,50,1,10.0
335,212,17,3,5.0
336,212,30,3,20.0
337,213,44,2,0.0
338,213,46,1,10.0
339,214,39,1,15.0
340,215,32,1,10.0
341,216,51,1,15.0
342,216,36,1,5.0
343,217,44,2,5.0
344,217,2,2,0.0
345,218,43,2,5.0
346,219,57,2,0.0
347,220,35,1,0.0
348,221,54,1,5.0
349,221,28,5,5.0
350,222,12,2,15.0
351,222,34,1,5.0
352,223,43,1,5.0
353,224,13,3,5.0
354,225,21,1,15.0
355,225,34,1,5.0
356,225,53,3,10.0
357,226,7,5,5.0
358,226,5,2,10.0
359,227,54,5,5.0
360,228,43,5,15.0
361,229,16,2,5.0
362,229,52,3,0.0
363,230,32,4,15.0
364,231,21,1,10.0
365,231,5,1,5.0
366,232,21,3,10.0
367,233,43,1,20.0
368,234,44,2,15.0
369,235,14,2,5.0
370,236,16,1,5.0
371,236,20,2,10.0
372,236,23,2,5.0
373,237,38,1,15.0
374,238,23,3,5.0
375,239,54,1,10.0
376,240,1,2,20.0
377,241,16,5,10.0
378,242,19,1,10.0
379,242,10,2,0.0
380,243,49,3,10.0
381,243,19,4,10.0
382,244,40,1,10.0
383,244,17,4,15.0
384,244,5,1,10.0
385,245,16,2,10.0
386,246,21,2,0.0
387,247,57,2,10.0
388,247,6,1,15.0
389,248,11,1,0.0
390,248,59,4,0.0
391,249,31,1,10.0
392,249,37,3,20.0
393,250,32,1,10.0
394,251,1,1,10.0
395,252,40,1,10.0
396,253,1,1,0.0
397,254,31,1,10.0
398,255,15,3,5.0
399,256,38,1,15.0
400,256,29,3,15.0
401,256,53,2,5.0
402,257,56,4,5.0
403,257,36,2,5.0
404,257,58,2,5.0
405,258,58,1,0.0
406,259,44,1,10.0
407,259,20,4,15.0
408,259,50,1,5.0
409,260,20,1,5.0
410,261,57,1,5.0
411,262,60,2,0.0
412,262,6,2,10.0
413,262,2,1,5.0
414,263,30,1,10.0
415,263,57,1,5.0
416,264,60,3,5.0
417,264,51,2,10.0
418,264,33,1,10.0
419,265,20,1,15.0
420,266,10,3,5.0
421,267,38,1,0.0
422,267,52,2,15.0
423,267,11,1,5.0
424,268,42,1,10.0
425,269,56,2,10.0
426,270,41,4,0.0
427,270,57,1,0.0
428,271,11,1,5.0
429,272,19,2,10.0
430,273,52,1,10.0
431,273,4,3,0.0
432,274,43,2,15.0
433,275,23,1,10.0
434,276,37,1,10.0
435,277,23,1,5.0
436,278,52,2,15.0
437,279,16,2,0.0
438,279,19,3,5.0
439,280,43,2,0.0
440,280,40,2,0.0
441,281,38,1,10.0
442,281,1,2,5.0
443,282,25,3,5.0
444,282,8,2,20.0
445,283,3,2,5.0
446,284,22,1,0.0
447,285,41,1,0.0
448,285,4,1,5.0
449,286,38,2,20.0
450,286,12,1,20.0
451,287,44,2,5.0
452,287,51,2,5.0
453,287,13,1,0.0
454,288,44,2,10.0
455,288,54,2,5.0
456,288,26,1,5.0
457,289,28,1,0.0
458,290,59,1,0.0
459,291,58,2,5.0
460,292,12,1,5.0
461,293,43,2,5.0
462,294,22,4,5.0
463,294,2,1,0.0
464,295,28,1,0.0
465,296,30,2,5.0
466,297,31,2,5.0
467,298,53,2,10.0
468,299,13,1,5.0
469,300,23,2,15.0
470,301,58,3,15.0
471,301,12,1,10.0
472,302,43,2,15.0
473,302,1,2,15.0
474,302,18,1,10.0
475,303,10,2,10.0
476,304,52,3,10.0
477,305,47,1,20.0
478,305,37,2,15.0
479,306,31,1,10.0
480,307,45,2,15.0
481,307,37,2,5.0
482,308,24,2,5.0
483,309,5,2,15.0
484,310,51,1,10.0
485,310,40,3,5.0
486,311,9,1,10.0
487,311,42,1,20.0
488,312,37,3,10.0
489,312,1,3,10.0
490,312,42,4,10.0
491,313,25,1,5.0
492,313,48,1,5.0
493,314,25,2,5.0
494,314,46,1,10.0
495,315,57,1,5.0
496,315,2,3,5.0
497,316,13,2,10.0
498,316,33,4,10.0
499,317,41,1,5.0
500,317,4,1,0.0
501,318,27,2,0.0
502,319,24,2,10.0
503,320,19,1,10.0
504,321,26,1,0.0
505,321,8,1,10.0
506,322,31,1,5.0
507,322,38,1,5.0
508,323,40,1,0.0
509,324,43,3,15.0
510,325,31,1,10.0
511,325,55,2,5.0
512,326,29,3,0.0
513,326,23,1,15.0
514,327,4,1,0.0
515,328,40,2,10.0
516,329,22,1,10.0
517,329,56,1,5.0
518,329,52,2,10.0
519,330,11,2,0.0
520,330,18,2,5.0
521,331,41,1,10.0
522,331,23,1,0.0
523,332,43,1,0.0
524,333,45,1,15.0
525,334,22,1,5.0
526,335,44,1,5.0
527,335,20,2,10.0
528,335,7,2,5.0
529,336,18,3,20.0
530,337,51,1,15.0
531,337,7,1,15.0
532,338,10,1,15.0
533,338,11,2,5.0
534,339,17,1,5.0
535,340,55,2,15.0
536,340,48,1,5.0
537,341,7,2,10.0
538,341,17,3,5.0
539,341,58,1,0.0
540,341,39,1,5.0
541,342,52,2,0.0
542,342,10,2,0.0
543,343,58,1,15.0
544,343,55,3,5.0
545,344,10,2,0.0
546,344,55,4,10.0
547,344,13,4,5.0
548,345,60,1,10.0
549,345,1,1,10.0
550,346,6,2,0.0
551,347,58,1,20.0
552,348,56,1,5.0
553,349,22,2,0.0
554,350,16,2,15.0
555,350,23,3,10.0
556,351,27,3,0.0
557,351,2,3,0.0
558,351,50,1,0.0
559,352,48,2,5.0
560,352,37,1,10.0
561,353,53,1,5.0
562,354,17,1,15.0
563,354,59,2,20.0
564,354,29,1,0.0
565,355,31,4,5.0
566,356,9,2,5.0
567,357,50,1,0.0
568,357,8,1,5.0
569,358,53,1,5.0
570,359,5,1,0.0
571,359,26,1,15.0
572,359,24,2,15.0
573,360,1,1,10.0
574,360,30,1,15.0
575,361,51,1,15.0
576,362,4,2,5.0
577,363,12,1,10.0
578,363,18,4,15.0
579,363,22,1,10.0
580,364,6,1,0.0
581,364,41,3,5.0
582,364,57,3,5.0
583,365,23,2,0.0
584,366,22,5,10.0
585,367,51,2,0.0
586,367,59,3,5.0
587,367,6,4,5.0
588,368,30,1,10.0
589,368,17,2,0.0
590,369,19,2,10.0
591,369,37,4,0.0
592,370,11,1,0.0
593,371,33,2,5.0
594,372,43,1,10.0
595,372,1,1,0.0
596,373,11,4,10.0
597,374,47,1,10.0
598,375,53,4,5.0
599,375,40,2,15.0
600,376,28,3,10.0
601,376,14,3,0.0
602,376,22,1,0.0
603,377,5,1,5.0
604,378,6,3,15.0
605,379,39,2,15.0
606,379,53,3,10.0
607,380,60,1,5.0
608,380,33,5,15.0
609,380,55,1,20.0
610,381,36,3,20.0
611,381,6,1,5.0
612,382,1,1,15.0
613,382,16,1,0.0
614,382,59,2,15.0
615,383,47,5,5.0
616,383,28,4,10.0
617,383,40,1,5.0
618,384,28,3,5.0
619,385,40,2,5.0
620,386,52,1,0.0
621,387,53,1,0.0
622,387,44,2,5.0
623,387,16,1,5.0
624,388,34,1,15.0
625,389,26,3,5.0
626,390,52,1,20.0
627,391,50,1,5.0
628,392,48,2,0.0
629,393,7,1,0.0
630,394,54,1,0.0
631,395,54,2,5.0
632,396,11,5,10.0
633,396,23,1,5.0
634,396,2,2,10.0
635,397,49,2,0.0
636,398,3,1,10.0
637,399,25,2,5.0
638,400,38,3,0.0
639,400,18,1,10.0
640,400,56,2,0.0
641,400,1,1,10.0
642,401,51,2,5.0
643,401,18,2,0.0
644,402,25,1,0.0
645,402,59,2,0.0
646,403,44,4,0.0
647,404,7,1,5.0
648,404,38,1,15.0
649,405,47,1,0.0
650,406,17,2,0.0
651,407,43,1,0.0
652,408,45,1,15.0
653,408,42,1,10.0
654,408,22,1,10.0
655,409,8,1,20.0
656,410,39,2,0.0
657,410,27,1,10.0
658,411,17,1,0.0
659,411,49,3,15.0
660,411,60,1,5.0
661,412,28,3,0.0
662,412,27,3,15.0
663,413,51,1,5.0
664,414,34,1,10.0
665,415,8,3,15.0
666,415,2,2,0.0
667,415,24,4,10.0
668,416,29,1,0.0
669,417,2,1,20.0
670,417,28,1,20.0
671,418,34,1,15.0
672,418,22,1,15.0
673,419,11,1,0.0
674,420,23,3,5.0
675,421,45,3,15.0
676,422,34,5,0.0
677,423,13,2,5.0
678,423,28,1,0.0
679,423,57,1,0.0
680,424,46,3,10.0
681,425,43,4,10.0
682,425,42,3,0.0
683,426,54,1,0.0
684,426,38,3,5.0
685,427,15,3,5.0
686,428,47,1,10.0
687,428,26,2,0.0
688,429,32,1,5.0
689,430,25,3,10.0
690,430,27,1,5.0
691,431,13,3,0.0
692,431,30,2,15.0
693,432,15,1,5.0
694,432,40,2,10.0
695,433,44,1,10.0
696,433,9,1,15.0
697,434,59,1,10.0
698,434,36,1,5.0
699,434,24,1,5.0
700,435,41,2,15.0
701,435,36,1,0.0
702,435,14,1,0.0
703,436,1,4,5.0
704,437,34,2,15.0
705,437,23,1,10.0
706,438,6,1,10.0
707,439,4,1,0.0
708,440,19,1,5.0
709,441,52,4,10.0
710,442,23,3,10.0
711,442,7,1,15.0
712,443,22,2,0.0
713,443,2,2,15.0
714,444,33,2,15.0
715,444,56,1,5.0
716,445,10,2,0.0
717,445,19,1,0.0
718,445,35,1,0.0
719,446,7,4,0.0
720,446,37,1,15.0
721,447,46,2,0.0
722,447,49,3,0.0
723,447,30,1,10.0
724,447,55,2,10.0
725,448,60,3,5.0
726,449,20,5,0.0
727,450,7,2,20.0
728,451,32,1,0.0
729,452,26,2,0.0
730,453,24,1,0.0
731,454,10,3,5.0
732,455,38,1,5.0
733,456,18,5,10.0
734,457,60,2,15.0
735,457,16,1,15.0
736,458,15,1,10.0
737,458,28,1,15.0
738,459,36,4,0.0
739,459,28,3,15.0
740,460,16,1,15.0
741,461,59,2,10.0
742,461,5,3,0.0
743,462,48,2,10.0
744,462,24,3,15.0
745,462,54,3,0.0
746,463,47,1,5.0
747,464,56,2,0.0
748,465,34,2,5.0
749,465,27,1,10.0
750,466,1,1,0.0
751,467,43,2,10.0
752,468,1,1,10.0
753,468,41,2,20.0
754,468,2,1,15.0
755,469,12,3,20.0
756,469,18,2,15.0
757,470,60,2,0.0
758,471,15,2,10.0
759,472,13,1,0.0
760,473,29,1,15.0
761,473,54,1,10.0
762,473,3,3,5.0
763,474,43,3,15.0
764,475,35,3,5.0
765,475,13,2,15.0
766,476,4,1,5.0
767,476,28,1,5.0
768,476,57,1,0.0
769,476,36,1,15.0
770,477,36,1,20.0
771,478,59,4,5.0
772,479,42,2,20.0
773,479,54,2,5.0
774,480,35,3,20.0
775,480,44,2,15.0
776,481,45,2,5.0
777,481,22,1,10.0
778,481,23,2,20.0
779,482,32,2,0.0
780,482,13,1,5.0
781,483,3,1,0.0
782,484,15,1,10.0
783,484,54,1,0.0
784,484,60,2,15.0
785,484,55,3,15.0
786,485,35,2,5.0
787,485,36,1,20.0
788,486,50,2,15.0
789,487,40,1,15.0
790,487,10,1,0.0
791,488,2,1,0.0
792,489,11,3,10.0
793,490,16,1,5.0
794,491,48,2,5.0
795,491,2,3,10.0
796,492,55,1,5.0
797,493,5,5,15.0
798,494,38,3,5.0
799,494,19,1,0.0
800,495,31,2,5.0
801,496,23,5,10.0
802,497,41,1,5.0
803,498,9,1,20.0
804,499,39,5,10.0
805,500,8,1,0.0
806,500,23,3,10.0
807,501,52,2,0.0
808,501,11,1,5.0
809,502,8,2,10.0
810,502,15,2,0.0
811,503,13,1,15.0
812,504,54,1,0.0
813,505,24,2,0.0
814,506,12,2,0.0
815,507,9,1,10.0
816,508,51,4,5.0
817,508,25,2,0.0
818,508,2,1,0.0
819,508,12,1,0.0
820,509,13,2,5.0
821,510,44,4,10.0
822,511,16,3,15.0
823,512,15,4,10.0
824,512,32,1,5.0
825,513,53,1,0.0
826,513,2,1,5.0
827,514,55,1,10.0
828,515,23,2,10.0
829,516,13,3,10.0
830,517,33,4,5.0
831,518,43,1,5.0
832,518,3,1,15.0
833,519,38,1,5.0
834,519,18,1,10.0
835,520,57,1,0.0
836,520,31,1,15.0
837,520,39,1,5.0
838,521,47,1,0.0
839,522,11,3,15.0
840,523,47,2,20.0
841,524,35,1,5.0
842,524,18,1,5.0
843,525,58,2,10.0
844,525,42,1,10.0
845,526,6,2,0.0
846,526,10,1,0.0
847,527,40,1,0.0
848,528,43,5,10.0
849,528,36,2,15.0
850,528,5,4,5.0
851,529,42,4,15.0
852,530,4,1,5.0
853,531,10,1,15.0
854,532,36,1,5.0
855,533,8,4,0.0
856,534,27,1,15.0
857,534,35,1,10.0
858,535,60,2,10.0
859,535,37,1,10.0
860,536,38,2,15.0
861,537,55,3,5.0
862,538,41,3,5.0
863,539,31,2,5.0
864,540,31,1,0.0
865,541,21,1,5.0
866,542,22,1,10.0
867,542,60,3,10.0
868,543,51,3,0.0
869,544,32,4,10.0
870,545,9,2,5.0
871,545,31,1,10.0
872,546,21,3,0.0
873,546,44,1,0.0
874,547,55,1,5.0
875,547,47,2,5.0
876,548,19,2,15.0
877,548,4,5,5.0
878,549,26,4,5.0
879,550,21,1,10.0
880,551,20,2,0.0
881,552,8,5,20.0
882,553,43,2,15.0
883,553,25,5,0.0
884,553,23,2,5.0
885,554,14,1,15.0
886,554,24,1,0.0
887,554,8,3,5.0
888,555,25,1,5.0
889,556,59,2,5.0
890,556,28,1,10.0
891,557,39,1,0.0
892,557,1,1,5.0
893,558,6,2,10.0
894,559,56,3,5.0
895,560,39,4,15.0
896,560,23,5,15.0
897,561,18,1,5.0
898,562,28,3,0.0
899,563,30,2,0.0
900,563,6,1,5.0
901,563,35,2,5.0
902,564,10,2,20.0
903,564,8,1,0.0
904,564,39,1,5.0
905,565,1,1,15.0
906,566,23,1,5.0
907,567,19,2,15.0
908,567,38,1,5.0
909,568,26,1,0.0
910,568,25,2,5.0
911,569,30,2,10.0
912,569,10,3,5.0
913,570,41,3,20.0
914,571,51,3,5.0
915,572,21,2,0.0
916,573,44,2,20.0
917,573,18,1,20.0
918,574,55,2,0.0
919,575,23,1,5.0
920,575,27,1,10.0
921,575,5,1,10.0
922,576,57,2,10.0
923,577,59,1,20.0
924,578,44,1,0.0
925,579,38,1,5.0
926,580,19,1,10.0
927,581,38,1,5.0
928,582,22,1,0.0
929,582,31,1,5.0
930,583,51,1,5.0
931,584,3,1,10.0
932,585,4,1,10.0
933,585,43,3,5.0
934,585,3,3,10.0
935,585,25,1,10.0
936,586,42,1,15.0
937,587,11,3,10.0
938,587,49,4,0.0
939,587,60,2,10.0
940,587,32,2,5.0
941,588,54,1,0.0
942,589,49,2,20.0
943,590,12,4,10.0
944,591,55,3,10.0
945,591,31,3,5.0
946,591,32,1,15.0
947,592,32,3,5.0
948,593,27,3,5.0
949,594,43,1,0.0
950,595,3,4,0.0
951,596,27,2,5.0
952,596,42,1,5.0
953,597,36,1,15.0
954,598,28,1,20.0
955,599,48,1,10.0
956,600,8,1,5.0
957,601,6,1,15.0
958,601,8,2,15.0
959,602,25,1,10.0
960,602,57,2,10.0
961,603,41,4,0.0
962,604,53,3,20.0
963,604,30,4,5.0
964,605,5,1,10.0
965,605,15,1,15.0
966,606,57,1,5.0
967,606,24,1,10.0
968,607,19,2,10.0
969,608,36,4,5.0
970,608,56,1,0.0
971,609,24,2,0.0
972,609,44,4,0.0
973,610,20,2,5.0
974,610,24,1,0.0
975,611,11,4,10.0
976,612,58,1,0.0
977,613,29,1,0.0
978,613,21,3,10.0
979,614,23,1,10.0
980,614,38,1,5.0
981,615,33,2,0.0
982,616,55,1,5.0
983,617,35,1,5.0
984,618,56,1,5.0
985,618,39,1,10.0
986,618,10,2,15.0
987,619,43,1,10.0
988,620,1,1,15.0
989,621,39,2,0.0
990,622,32,1,0.0
991,623,31,2,5.0
992,623,7,2,10.0
993,623,21,2,15.0
994,624,56,1,10.0
995,624,58,1,10.0
996,625,56,1,0.0
997,625,1,1,0.0
998,626,42,1,15.0
999,626,47,2,0.0
1000,627,15,5,0.0
1001,628,52,3,10.0
1002,629,38,3,0.0
1003,629,5,1,10.0
1004,630,38,3,5.0
1005,630,16,1,5.0
1006,630,36,1,5.0
1007,631,27,1,20.0
1008,631,12,1,0.0
1009,631,10,3,0.0
1010,632,17,1,10.0
1011,633,9,2,5.0
1012,634,25,2,15.0
1013,635,1,1,15.0
1014,636,43,3,5.0
1015,636,44,1,5.0
1016,637,60,1,5.0
1017,637,31,3,0.0
1018,638,14,3,10.0
1019,639,22,2,15.0
1020,640,50,1,10.0
1021,640,25,1,20.0
1022,641,33,2,0.0
1023,642,52,1,10.0
1024,643,41,1,0.0
1025,644,25,1,15.0
1026,645,28,3,5.0
1027,645,52,1,10.0
1028,646,48,2,0.0
1029,646,60,3,5.0
1030,647,26,2,0.0
1031,647,9,2,15.0
1032,647,22,2,0.0
1033,647,25,1,15.0
1034,648,34,1,5.0
1035,649,22,1,0.0
1036,649,56,2,5.0
1037,649,60,1,10.0
1038,650,40,1,5.0
1039,651,47,1,5.0
1040,652,27,2,15.0
1041,653,59,5,0.0
1042,653,25,1,15.0
1043,654,16,4,20.0
1044,655,57,2,10.0
1045,656,46,1,5.0
1046,657,49,1,5.0
1047,658,43,1,5.0
1048,659,11,1,0.0
1049,660,49,2,10.0
1050,660,45,3,15.0
1051,661,7,1,0.0
1052,662,52,1,5.0
1053,662,53,3,5.0
1054,662,38,2,15.0
1055,663,7,2,0.0
1056,664,5,1,10.0
1057,665,47,2,10.0
1058,665,53,5,15.0
1059,666,34,4,0.0
1060,666,5,1,0.0
1061,666,57,3,10.0
1062,667,1,2,5.0
1063,667,4,1,10.0
1064,667,59,1,5.0
1065,668,3,1,10.0
1066,669,20,1,15.0
1067,670,45,3,0.0
1068,670,15,1,15.0
1069,671,28,2,5.0
1070,671,51,1,10.0
1071,671,8,4,5.0
1072,671,32,1,5.0
1073,672,41,1,0.0
1074,673,18,1,10.0
1075,674,29,3,10.0
1076,674,35,3,20.0
1077,675,42,1,20.0
1078,676,45,1,15.0
1079,677,2,1,5.0
1080,678,4,3,0.0
1081,678,18,1,15.0
1082,678,55,1,5.0
1083,679,5,3,0.0
1084,679,26,2,5.0
1085,680,17,2,10.0
1086,681,58,1,0.0
1087,682,57,1,5.0
1088,683,24,3,15.0
1089,683,46,1,0.0
1090,684,35,1,0.0
1091,685,24,1,0.0
1092,685,58,2,20.0
1093,686,38,1,10.0
1094,687,50,1,10.0
1095,688,17,4,0.0
1096,689,19,2,5.0
1097,690,58,2,10.0
1098,691,36,1,10.0
1099,692,16,3,10.0
1100,693,31,1,10.0
1101,693,43,2,15.0
1102,693,14,1,10.0
1103,693,13,1,0.0
1104,694,5,3,5.0
1105,695,23,1,0.0
1106,696,49,2,15.0
1107,696,46,5,0.0
1108,696,30,3,0.0
1109,697,36,1,5.0
1110,697,7,2,10.0
1111,698,57,1,5.0
1112,699,60,1,5.0
1113,699,18,1,0.0
1114,700,22,1,0.0
1115,700,30,1,10.0
1116,700,48,1,0.0
1117,700,29,2,0.0
1118,701,32,1,15.0
1119,702,45,3,10.0
1120,703,46,2,0.0
1121,704,58,2,5.0
1122,704,42,2,15.0
1123,704,23,1,5.0
1124,705,50,2,5.0
1125,706,1,2,0.0
1126,706,5,2,0.0
1127,707,36,1,0.0
1128,708,32,5,5.0
1129,709,52,2,10.0
1130,709,51,2,10.0
1131,710,27,2,5.0
1132,710,38,1,0.0
1133,710,19,4,15.0
1134,711,50,3,5.0
1135,712,15,2,0.0
1136,713,20,1,10.0
1137,714,36,1,10.0
1138,715,19,3,5.0
1139,716,26,1,0.0
1140,717,25,2,15.0
1141,718,20,2,10.0
1142,719,56,2,0.0
1143,720,27,2,5.0
1144,720,1,1,0.0
1145,720,19,2,5.0
1146,721,37,3,5.0
1147,721,28,1,20.0
1148,722,9,2,5.0
1149,722,8,4,0.0
1150,722,33,3,0.0
1151,723,47,3,10.0
1152,724,25,4,10.0
1153,724,52,1,0.0
1154,724,56,1,15.0
1155,725,48,1,10.0
1156,725,42,3,15.0
1157,726,52,1,5.0
1158,727,24,1,20.0
1159,728,42,1,10.0
1160,729,18,1,0.0
1161,730,34,2,5.0
1162,731,38,1,5.0
1163,732,42,2,10.0
1164,732,21,4,5.0
1165,733,19,1,15.0
1166,733,31,2,15.0
1167,734,43,2,10.0
1168,735,59,3,0.0
1169,736,30,1,5.0
1170,737,41,1,0.0
1171,737,54,1,0.0
1172,738,12,4,0.0
1173,739,34,1,10.0
1174,739,30,2,5.0
1175,740,40,3,10.0
1176,740,43,2,10.0
1177,741,39,3,10.0
1178,741,35,1,5.0
1179,741,21,1,20.0
1180,742,26,1,5.0
1181,743,53,1,20.0
1182,743,17,1,0.0
1183,744,6,1,0.0
1184,745,55,3,0.0
1185,746,55,2,0.0
1186,746,52,1,5.0
1187,746,9,1,5.0
1188,747,56,4,5.0
1189,747,38,1,5.0
1190,748,48,4,15.0
1191,748,10,1,10.0
1192,749,30,1,15.0
1193,750,54,1,0.0
1194,751,28,1,5.0
1195,752,35,1,0.0
1196,752,53,1,5.0
1197,753,46,1,15.0
1198,754,13,1,20.0
1199,754,5,1,5.0
1200,755,43,1,10.0
1201,756,42,2,0.0
1202,757,29,3,0.0
1203,758,52,3,5.0
1204,758,32,1,5.0
1205,758,20,1,5.0
1206,758,25,2,0.0
1207,759,17,3,5.0
1208,759,15,1,0.0
1209,759,49,1,15.0
1210,760,52,2,5.0
1211,761,35,3,10.0
1212,761,32,1,15.0
1213,762,43,4,15.0
1214,762,53,1,15.0
1215,763,5,1,15.0
1216,763,29,1,10.0
1217,764,59,3,10.0
1218,765,3,2,10.0
1219,766,60,2,5.0
1220,767,59,3,0.0
1221,768,9,4,0.0
1222,769,12,1,5.0
1223,769,18,1,10.0
1224,770,58,3,0.0
1225,771,30,2,0.0
1226,772,56,1,0.0
1227,773,15,3,10.0
1228,773,30,1,10.0
1229,774,35,3,5.0
1230,774,3,1,15.0
1231,775,30,2,5.0
1232,776,56,3,5.0
1233,776,2,1,15.0
1234,776,26,1,15.0
1235,776,6,3,0.0
1236,777,43,1,15.0
1237,778,26,1,0.0
1238,778,53,1,5.0
1239,779,7,1,0.0
1240,780,18,1,0.0
1241,781,12,2,20.0
1242,782,10,1,5.0
1243,783,27,3,5.0
1244,783,7,1,15.0
1245,784,20,4,10.0
1246,785,4,1,5.0
1247,785,20,1,10.0
1248,785,19,1,15.0
1249,786,35,4,10.0
1250,787,43,1,10.0
1251,788,2,3,0.0
1252,788,45,1,5.0
1253,789,2,2,0.0
1254,790,25,1,5.0
1255,791,18,4,10.0
1256,792,27,2,5.0
1257,793,55,1,5.0
1258,794,37,3,0.0
1259,795,27,3,20.0
1260,795,31,1,10.0
1261,796,48,4,0.0
1262,796,36,1,0.0
1263,797,31,4,20.0
1264,797,34,2,5.0
1265,798,42,2,0.0
1266,799,39,1,10.0
1267,799,29,2,10.0
1268,800,44,1,5.0
1269,801,44,1,10.0
1270,802,8,1,20.0
1271,803,41,1,15.0
1272,803,53,2,10.0
1273,803,17,1,0.0
1274,804,41,1,5.0
1275,805,24,1,0.0
1276,805,54,1,15.0
1277,805,60,4,0.0
1278,806,36,2,10.0
1279,807,34,1,10.0
1280,807,58,1,10.0
1281,807,31,3,5.0
1282,808,38,1,0.0
1283,808,15,1,5.0
1284,808,7,1,0.0
1285,809,46,1,0.0
1286,810,37,2,20.0
1287,810,13,1,5.0
1288,810,39,1,5.0
1289,811,2,3,0.0
1290,811,51,3,5.0
1291,812,2,4,20.0
1292,813,51,2,5.0
1293,814,18,2,15.0
1294,815,15,2,0.0
1295,816,44,3,10.0
1296,817,56,1,10.0
1297,817,29,1,0.0
1298,818,4,2,15.0
1299,819,45,1,0.0
1300,819,3,1,5.0
1301,820,15,3,5.0
1302,820,1,4,10.0
1303,820,42,2,5.0
1304,821,49,1,0.0
1305,821,7,1,5.0
1306,822,22,1,5.0
1307,823,28,2,5.0
1308,823,40,1,0.0
1309,824,2,1,10.0
1310,824,3,2,0.0
1311,825,38,1,0.0
1312,826,1,2,0.0
1313,827,55,3,0.0
1314,828,55,2,5.0
1315,828,8,1,0.0
1316,829,36,1,0.0
1317,829,37,2,0.0
1318,830,17,1,15.0
1319,830,30,1,10.0
1320,830,57,2,5.0
1321,831,52,3,0.0
1322,831,18,2,0.0
1323,832,2,1,5.0
1324,832,8,1,10.0
1325,833,26,4,10.0
1326,833,45,1,5.0
1327,833,41,3,15.0
1328,834,28,3,0.0
1329,835,19,3,5.0
1330,835,3,1,10.0
1331,835,51,2,20.0
1332,835,57,3,5.0
1333,836,44,2,0.0
1334,837,49,1,15.0
1335,837,41,1,10.0
1336,838,55,1,10.0
1337,838,25,3,5.0
1338,839,30,3,10.0
1339,839,50,2,0.0
1340,839,8,1,5.0
1341,840,51,2,5.0
1342,841,52,2,5.0
1343,842,20,1,15.0
1344,843,30,1,20.0
1345,844,18,4,15.0
1346,845,52,2,0.0
1347,845,25,1,5.0
1348,846,57,3,0.0
1349,847,35,2,5.0
1350,848,42,2,0.0
1351,849,17,1,5.0
1352,849,6,1,5.0
1353,850,26,3,5.0
1354,851,36,4,0.0
1355,851,35,1,15.0
1356,851,45,1,5.0
1357,851,6,2,10.0
1358,852,19,1,0.0
1359,853,44,1,5.0
1360,854,10,1,15.0
1361,855,23,2,5.0
1362,855,2,2,0.0
1363,855,16,1,0.0
1364,856,47,3,0.0
1365,857,56,3,10.0
1366,858,30,1,10.0
1367,859,4,5,10.0
1368,859,6,1,5.0
1369,860,46,1,5.0
1370,861,20,3,10.0
1371,862,40,1,10.0
1372,862,38,1,0.0
1373,862,41,1,0.0
1374,862,5,3,15.0
1375,863,35,1,0.0
1376,864,20,3,5.0
1377,865,49,2,5.0
1378,865,37,2,10.0
1379,866,15,1,20.0
1380,867,3,5,5.0
1381,867,32,2,10.0
1382,868,27,3,5.0
1383,869,35,1,5.0
1384,869,18,1,15.0
1385,870,19,3,10.0
1386,870,54,4,5.0
1387,870,38,1,10.0
1388,871,35,1,10.0
1389,871,16,2,10.0
1390,871,27,5,20.0
1391,871,8,2,0.0
1392,872,51,3,15.0
1393,873,40,2,0.0
1394,873,41,1,5.0
1395,873,47,1,5.0
1396,873,28,1,10.0
1397,874,7,1,5.0
1398,874,24,4,15.0
1399,875,28,3,5.0
1400,876,4,2,15.0
1401,876,22,2,0.0
1402,877,26,4,0.0
1403,878,30,1,15.0
1404,879,40,1,10.0
1405,879,8,1,10.0
1406,879,19,2,5.0
1407,880,6,1,15.0
1408,881,50,1,5.0
1409,882,28,1,5.0
1410,883,20,1,0.0
1411,884,26,3,10.0
1412,885,55,4,0.0
1413,885,49,1,10.0
1414,886,34,1,0.0
1415,887,59,2,5.0
1416,887,28,2,20.0
1417,887,16,2,5.0
1418,887,23,2,15.0
1419,888,28,1,10.0
1420,889,58,1,10.0
1421,890,58,1,5.0
1422,890,18,4,0.0
1423,891,60,2,5.0
1424,891,18,1,10.0
1425,892,46,2,10.0
1426,893,16,1,20.0
1427,893,21,2,15.0
1428,894,17,1,5.0
1429,895,19,1,10.0
1430,896,55,1,10.0
1431,897,49,2,0.0
1432,897,17,1,5.0
1433,898,28,1,0.0
1434,898,8,3,5.0
1435,899,59,1,15.0
1436,900,8,3,15.0
1437,901,40,1,5.0
1438,901,37,2,10.0
1439,901,16,1,0.0
1440,901,23,1,10.0
1441,902,46,2,0.0
1442,903,46,3,5.0
1443,903,17,1,10.0
1444,904,59,2,5.0
1445,904,41,1,15.0
1446,904,58,1,5.0
1447,905,21,1,5.0
1448,906,58,3,10.0
1449,906,39,3,0.0
1450,906,41,1,10.0
1451,907,43,1,10.0
1452,908,39,1,0.0
1453,909,28,2,15.0
1454,909,44,3,15.0
1455,909,33,5,15.0
1456,910,6,3,10.0
1457,911,59,1,5.0
1458,912,24,1,0.0
1459,913,60,3,5.0
1460,914,25,2,5.0
1461,914,33,1,15.0
1462,914,35,4,10.0
1463,915,49,1,5.0
1464,915,57,3,15.0
1465,916,18,3,20.0
1466,917,19,2,0.0
1467,917,14,3,5.0
1468,918,20,1,10.0
1469,919,42,1,15.0
1470,920,35,1,5.0
1471,920,5,2,5.0
1472,920,55,1,10.0
1473,921,27,3,0.0
1474,922,32,2,5.0
1475,922,50,1,10.0
1476,923,51,1,15.0
1477,923,49,1,10.0
1478,924,22,1,5.0
1479,924,15,1,0.0
1480,924,14,3,0.0
1481,925,21,1,10.0
1482,926,26,1,15.0
1483,926,2,2,15.0
1484,926,13,1,15.0
1485,927,18,1,5.0
1486,928,21,1,0.0
1487,929,18,2,5.0
1488,929,27,3,15.0
1489,929,12,3,5.0
1490,930,47,2,10.0
1491,931,21,4,0.0
1492,932,59,1,15.0
1493,933,19,1,15.0
1494,933,38,4,0.0
1495,933,52,4,5.0
1496,934,29,2,10.0
1497,934,22,1,20.0
1498,935,29,1,5.0
1499,936,60,3,10.0
1500,937,15,1,5.0
1501,938,12,2,10.0
1502,938,56,5,5.0
1503,938,17,2,5.0
1504,938,22,5,15.0
1505,939,41,1,0.0
1506,940,40,1,15.0
1507,941,41,3,0.0
1508,941,1,1,10.0
1509,942,39,2,15.0
1510,943,17,1,5.0
1511,944,1,3,10.0
1512,945,5,2,0.0
1513,946,20,3,10.0
1514,947,25,1,10.0
1515,948,54,1,0.0
1516,949,34,1,5.0
1517,950,43,3,15.0
1518,951,48,1,5.0
1519,952,26,1,10.0
1520,953,29,1,0.0
1521,954,14,1,5.0
1522,955,30,2,0.0
1523,956,4,1,5.0
1524,956,12,1,10.0
1525,957,1,1,0.0
1526,957,39,1,5.0
1527,957,31,2,5.0
1528,958,33,1,0.0
1529,958,52,4,15.0
1530,958,48,2,10.0
1531,959,46,1,5.0
1532,959,5,3,15.0
1533,959,59,1,0.0
1534,960,34,2,20.0
1535,960,58,1,0.0
1536,960,17,1,20.0
1537,961,2,2,0.0
1538,962,1,1,0.0
1539,963,43,1,0.0
1540,963,50,3,0.0
1541,964,47,2,10.0
1542,964,52,2,10.0
1543,965,24,3,0.0
1544,966,45,2,0.0
1545,967,27,1,0.0
1546,968,4,1,5.0
1547,969,2,1,5.0
1548,969,42,2,10.0
1549,970,30,2,10.0
1550,970,41,1,0.0
1551,971,38,3,0.0
1552,971,33,2,0.0
1553,972,20,1,10.0
1554,972,40,2,5.0
1555,973,41,2,10.0
1556,974,26,1,0.0
1557,974,30,3,10.0
1558,975,39,2,0.0
1559,975,34,1,5.0
1560,975,15,1,10.0
1561,975,4,4,0.0
1562,976,50,2,15.0
1563,976,11,1,10.0
1564,977,22,2,20.0
1565,977,16,4,10.0
1566,978,35,1,0.0
1567,979,5,1,15.0
1568,980,26,5,15.0
1569,980,56,2,5.0
1570,981,31,2,20.0
1571,982,51,3,0.0
1572,983,60,2,10.0
1573,983,28,2,10.0
1574,984,27,2,15.0
1575,984,11,4,10.0
1576,984,7,5,20.0
1577,985,60,1,20.0
1578,986,5,2,5.0
1579,987,55,4,5.0
1580,988,59,3,0.0
1581,988,10,3,5.0
1582,988,25,4,0.0
1583,988,1,1,15.0
1584,989,29,2,0.0
1585,989,40,1,15.0
1586,990,11,2,15.0
1587,991,38,2,5.0
1588,992,2,1,5.0
1589,993,7,1,0.0
1590,994,51,4,10.0
1591,995,25,3,20.0
1592,996,42,2,15.0
1593,997,51,1,20.0
1594,997,30,1,0.0
1595,998,32,2,5.0
1596,999,16,3,10.0
1597,999,7,4,5.0
1598,999,48,1,10.0
1599,1000,53,3,15.0
1600,1001,32,1,0.0
1601,1002,52,1,20.0
1602,1003,35,1,5.0
1603,1004,25,1,0.0
1604,1004,4,3,0.0
1605,1004,32,3,15.0
1606,1005,26,2,15.0
1607,1005,14,2,5.0
1608,1006,24,2,10.0
1609,1007,22,1,10.0
1610,1008,7,1,20.0
1611,1008,19,1,5.0
1612,1008,2,3,10.0
1613,1008,60,1,0.0
1614,1009,46,5,5.0
1615,1010,51,2,5.0
1616,1011,9,1,5.0
1617,1012,53,1,10.0
1618,1013,4,2,5.0
1619,1014,36,4,5.0
1620,1014,35,3,0.0
1621,1015,45,1,5.0
1622,1016,53,1,5.0
1623,1017,33,2,5.0
1624,1018,51,5,0.0
1625,1018,59,1,10.0
1626,1018,58,4,10.0
1627,1019,37,1,15.0
1628,1020,18,1,5.0
1629,1020,47,1,5.0
1630,1021,11,1,0.0
1631,1021,12,2,5.0
1632,1022,32,3,5.0
1633,1023,36,1,10.0
1634,1023,39,1,5.0
1635,1024,10,1,10.0
1636,1025,7,2,15.0
1637,1026,21,1,15.0
1638,1026,17,1,20.0
1639,1027,13,1,0.0
1640,1027,27,1,0.0
1641,1027,31,1,10.0
1642,1027,48,1,5.0
1643,1028,33,2,15.0
1644,1029,57,1,0.0
1645,1030,35,3,10.0
1646,1031,19,4,5.0
1647,1032,31,1,15.0
1648,1032,46,2,5.0
1649,1033,22,4,15.0
1650,1034,19,3,15.0
1651,1035,57,1,10.0
1652,1036,31,2,5.0
1653,1036,45,4,5.0
1654,1037,10,1,15.0
1655,1037,58,1,5.0
1656,1037,7,2,10.0
1657,1038,6,5,10.0
1658,1038,44,3,15.0
1659,1039,3,2,10.0
1660,1039,40,1,5.0
1661,1040,57,2,10.0
1662,1040,50,3,15.0
1663,1040,31,1,10.0
1664,1041,3,1,0.0
1665,1041,26,1,5.0
1666,1041,37,1,0.0
1667,1042,24,1,20.0
1668,1043,42,2,10.0
1669,1044,38,1,15.0
1670,1045,54,1,5.0
1671,1046,46,2,10.0
1672,1047,7,2,10.0
1673,1047,59,1,15.0
1674,1047,48,4,5.0
1675,1048,16,2,5.0
1676,1049,52,1,10.0
1677,1050,16,1,5.0
1678,1051,33,1,10.0
1679,1051,57,2,5.0
1680,1052,27,4,10.0
1681,1053,1,4,10.0
1682,1054,46,5,5.0
1683,1054,8,2,0.0
1684,1055,20,2,0.0
1685,1056,52,1,5.0
1686,1056,18,2,20.0
1687,1056,13,1,10.0
1688,1056,25,1,5.0
1689,1057,30,2,5.0
1690,1058,48,1,5.0
1691,1058,8,1,10.0
1692,1058,42,1,5.0
1693,1059,59,1,10.0
1694,1060,4,3,0.0
1695,1060,22,2,0.0
1696,1061,14,3,0.0
1697,1062,7,1,0.0
1698,1063,9,2,5.0
1699,1064,35,1,5.0
1700,1064,45,2,15.0
1701,1065,53,2,5.0
1702,1065,15,1,5.0
1703,1065,38,2,0.0
1704,1066,29,1,5.0
1705,1067,53,1,5.0
1706,1068,16,1,0.0
1707,1069,39,2,5.0
1708,1069,40,1,5.0
1709,1070,48,1,5.0
1710,1070,23,1,15.0
1711,1071,56,2,0.0
1712,1072,33,3,15.0
1713,1073,21,1,20.0
1714,1074,3,2,10.0
1715,1074,43,4,15.0
1716,1074,40,2,5.0
1717,1075,33,2,5.0
1718,1075,13,2,5.0
1719,1075,49,1,10.0
1720,1076,54,3,5.0
1721,1076,18,1,10.0
1722,1077,43,2,10.0
1723,1078,13,1,15.0
1724,1078,29,1,5.0
1725,1078,41,1,5.0
1726,1079,59,3,5.0
1727,1080,4,2,10.0
1728,1080,30,1,10.0
1729,1080,59,2,10.0
1730,1081,52,2,5.0
1731,1081,37,1,10.0
1732,1082,13,1,20.0
1733,1082,58,1,10.0
1734,1082,11,2,5.0
1735,1083,23,1,5.0
1736,1084,41,1,0.0
1737,1085,36,2,10.0
1738,1086,57,1,0.0
1739,1087,46,1,5.0
1740,1087,45,2,15.0
1741,1088,42,2,10.0
1742,1088,40,4,10.0
1743,1088,9,3,5.0
1744,1089,12,2,0.0
1745,1090,21,1,15.0
1746,1090,29,1,0.0
1747,1091,37,4,5.0
1748,1091,18,2,15.0
1749,1092,9,1,0.0
1750,1092,16,1,10.0
1751,1092,2,2,5.0
1752,1092,4,1,15.0
1753,1093,27,1,10.0
1754,1094,58,2,5.0
1755,1095,3,1,10.0
1756,1096,56,2,0.0
1757,1097,56,4,5.0
1758,1098,22,3,15.0
1759,1099,41,1,0.0
1760,1099,48,1,5.0
1761,1100,23,1,10.0
1762,1100,51,2,5.0
1763,1101,34,2,15.0
1764,1101,24,2,10.0
1765,1102,53,2,0.0
1766,1103,60,2,5.0
1767,1104,24,2,10.0
1768,1105,52,2,10.0
1769,1105,57,2,10.0
1770,1106,31,1,0.0
1771,1106,21,1,0.0
1772,1106,33,1,0.0
1773,1107,38,3,0.0
1774,1108,16,3,15.0
1775,1109,37,1,0.0
1776,1110,25,3,5.0
1777,1110,13,1,15.0
1778,1110,55,1,15.0
1779,1111,24,2,10.0
1780,1112,32,1,5.0
1781,1113,28,2,5.0
1782,1113,9,2,5.0
1783,1114,46,1,10.0
1784,1115,11,1,0.0
1785,1115,4,2,5.0
1786,1115,30,1,0.0
1787,1115,25,2,5.0
1788,1116,19,1,0.0
1789,1117,12,1,5.0
1790,1117,59,1,5.0
1791,1117,27,4,20.0
1792,1118,17,3,10.0
1793,1118,40,1,10.0
1794,1119,50,2,15.0
1795,1119,45,3,20.0
1796,1119,56,1,10.0
1797,1120,36,2,10.0
1798,1121,3,1,10.0
1799,1122,47,3,15.0
1800,1123,45,2,15.0
1801,1124,41,1,0.0
1802,1124,20,2,5.0
1803,1125,45,5,5.0
1804,1125,56,1,10.0
1805,1126,47,1,0.0
1806,1126,51,2,10.0
1807,1126,16,3,15.0
1808,1127,52,1,10.0
1809,1127,56,1,0.0
1810,1128,60,1,20.0
1811,1128,1,1,5.0
1812,1128,3,1,10.0
1813,1129,14,2,10.0
1814,1129,31,1,0.0
1815,1130,23,1,10.0
1816,1131,52,2,5.0
1817,1131,26,2,0.0
1818,1131,49,2,0.0
1819,1131,24,1,5.0
1820,1132,50,1,0.0
1821,1133,31,3,5.0
1822,1133,21,2,15.0
1823,1133,44,2,5.0
1824,1134,46,1,20.0
1825,1134,35,3,0.0
1826,1135,36,1,5.0
1827,1135,59,1,10.0
1828,1135,19,2,20.0
1829,1136,55,1,15.0
1830,1136,36,1,0.0
1831,1137,45,2,15.0
1832,1137,23,2,0.0
1833,1138,15,2,10.0
1834,1139,9,1,0.0
1835,1139,50,1,15.0
1836,1140,2,2,0.0
1837,1140,38,1,10.0
1838,1141,44,1,10.0
1839,1142,39,1,15.0
1840,1143,59,1,15.0
1841,1143,50,2,5.0
1842,1144,6,1,10.0
1843,1144,60,2,0.0
1844,1145,59,2,10.0
1845,1145,34,1,5.0
1846,1145,4,1,5.0
1847,1146,10,1,15.0
1848,1147,59,4,5.0
1849,1148,16,3,10.0
1850,1149,25,5,5.0
1851,1149,39,2,5.0
1852,1150,28,2,10.0
1853,1150,37,4,10.0
1854,1151,10,2,15.0
1855,1151,1,2,0.0
1856,1152,15,1,0.0
1857,1152,17,3,10.0
1858,1153,51,2,5.0
1859,1153,59,1,15.0
1860,1153,52,2,0.0
1861,1154,50,3,15.0
1862,1154,55,1,20.0
1863,1154,23,1,0.0
1864,1155,52,1,5.0
1865,1155,40,3,0.0
1866,1155,53,3,15.0
1867,1156,3,3,0.0
1868,1157,8,1,10.0
1869,1158,13,3,20.0
1870,1159,21,2,10.0
1871,1160,21,1,5.0
1872,1161,16,1,15.0
1873,1161,51,1,5.0
1874,1161,21,1,0.0
1875,1162,14,4,0.0
1876,1163,20,4,20.0
1877,1164,7,2,15.0
1878,1165,1,1,5.0
1879,1166,13,5,10.0
1880,1166,19,2,0.0
1881,1167,48,1,0.0
1882,1167,47,1,0.0
1883,1167,55,1,5.0
1884,1168,7,3,5.0
1885,1168,33,1,5.0
1886,1169,45,1,10.0
1887,1170,24,3,20.0
1888,1171,7,3,10.0
1889,1171,19,1,5.0
1890,1172,47,1,5.0
1891,1173,8,1,20.0
1892,1174,37,1,15.0
1893,1174,14,1,10.0
1894,1175,9,1,10.0
1895,1175,52,1,5.0
1896,1176,32,3,0.0
1897,1177,52,1,15.0
1898,1178,28,1,0.0
1899,1178,29,1,0.0
1900,1179,44,1,5.0
1901,1180,13,1,5.0
1902,1180,35,1,10.0
1903,1180,20,1,5.0
1904,1180,39,3,10.0
1905,1181,42,3,5.0
1906,1182,17,1,15.0
1907,1182,34,1,5.0
1908,1183,13,2,5.0
1909,1184,31,2,5.0
1910,1184,36,3,10.0
1911,1185,53,2,5.0
1912,1185,22,4,10.0
1913,1186,20,2,10.0
1914,1186,35,1,5.0
1915,1186,53,1,10.0
1916,1187,10,2,10.0
1917,1188,51,3,10.0
1918,1189,12,1,5.0
1919,1190,4,3,5.0
1920,1191,57,3,0.0
1921,1191,46,1,0.0
1922,1192,50,1,0.0
1923,1193,43,2,5.0
1924,1194,57,1,10.0
1925,1195,40,3,5.0
1926,1196,3,1,5.0
1927,1196,53,2,0.0
1928,1197,1,2,5.0
1929,1198,16,2,15.0
1930,1198,19,1,5.0
1931,1199,60,1,0.0
1932,1200,19,4,15.0
1933,1200,15,1,10.0
1934,1201,38,1,10.0
1935,1202,24,1,10.0
1936,1202,58,1,5.0
1937,1203,28,1,15.0
1938,1204,18,1,10.0
1939,1205,3,2,0.0
1940,1206,41,3,5.0
1941,1207,15,1,15.0
1942,1208,43,2,5.0
1943,1209,16,3,10.0
1944,1210,56,3,0.0
1945,1210,22,2,15.0
1946,1211,46,2,15.0
1947,1212,49,1,5.0
1948,1212,16,2,10.0
1949,1212,60,2,0.0
1950,1213,59,1,5.0
1951,1213,42,2,0.0
1952,1214,59,2,10.0
1953,1215,30,1,20.0
1954,1216,52,2,5.0
1955,1216,14,1,15.0
1956,1216,35,2,5.0
1957,1217,43,1,0.0
1958,1218,27,2,5.0
1959,1219,57,1,5.0
1960,1219,51,2,0.0
1961,1219,7,2,5.0
1962,1219,33,3,15.0
1963,1220,34,1,15.0
1964,1221,10,2,15.0
1965,1221,39,1,0.0
1966,1222,57,3,10.0
1967,1222,48,3,10.0
1968,1223,22,1,0.0
1969,1224,29,1,0.0
1970,1225,36,1,15.0
1971,1225,4,3,5.0
1972,1226,24,5,5.0
1973,1227,57,1,10.0
1974,1228,16,2,5.0
1975,1228,34,1,5.0
1976,1228,45,1,15.0
1977,1228,59,3,15.0
1978,1229,18,1,10.0
1979,1229,24,1,0.0
1980,1230,39,1,0.0
1981,1231,40,2,0.0
1982,1231,35,1,20.0
1983,1231,5,1,5.0
1984,1232,30,1,0.0
1985,1233,21,1,20.0
1986,1234,19,1,5.0
1987,1235,51,1,20.0
1988,1236,44,1,20.0
1989,1236,56,3,20.0
1990,1237,13,1,15.0
1991,1238,32,3,0.0
1992,1239,20,2,5.0
1993,1239,16,2,15.0
1994,1239,48,3,10.0
1995,1240,30,2,0.0
1996,1240,19,2,10.0
1997,1241,21,2,15.0
1998,1242,25,1,0.0
1999,1243,7,1,5.0
2000,1243,21,1,5.0
2001,1243,29,1,0.0
2002,1244,8,1,5.0
2003,1244,13,2,10.0
2004,1245,53,1,20.0
2005,1245,27,2,10.0
2006,1246,13,2,5.0
2007,1246,47,2,10.0
2008,1246,51,5,5.0
2009,1247,54,2,15.0
2010,1247,37,1,20.0
2011,1248,55,1,5.0
2012,1249,17,1,5.0
2013,1250,37,4,0.0
2014,1251,54,1,5.0
2015,1251,34,4,0.0
2016,1252,13,1,10.0
2017,1253,38,1,10.0
2018,1254,17,1,10.0
2019,1255,8,3,0.0
2020,1255,51,3,10.0
2021,1255,40,1,5.0
2022,1256,12,1,5.0
2023,1257,14,2,15.0
2024,1257,6,2,5.0
2025,1258,42,1,0.0
2026,1258,39,1,5.0
2027,1258,48,4,15.0
2028,1258,37,2,5.0
2029,1259,49,3,10.0
2030,1260,38,5,15.0
2031,1260,36,2,15.0
2032,1261,37,2,5.0
2033,1261,34,1,10.0
2034,1262,1,1,10.0
2035,1262,8,2,10.0
2036,1262,35,5,5.0
2037,1263,15,1,10.0
2038,1263,51,1,0.0
2039,1264,10,1,0.0
2040,1265,23,2,10.0
2041,1265,35,1,5.0
2042,1266,20,4,5.0
2043,1267,26,1,10.0
2044,1268,18,1,5.0
2045,1269,60,3,0.0
2046,1270,45,2,10.0
2047,1270,6,1,20.0
2048,1271,8,1,20.0
2049,1272,8,5,5.0
2050,1272,57,1,0.0
2051,1273,33,1,15.0
2052,1273,34,2,10.0
2053,1274,60,2,10.0
2054,1274,9,1,5.0
2055,1275,31,4,10.0
2056,1276,5,4,0.0
2057,1276,45,1,0.0
2058,1276,49,3,0.0
2059,1277,25,2,10.0
2060,1278,52,1,5.0
2061,1279,42,4,10.0
2062,1279,51,1,5.0
2063,1280,12,4,5.0
2064,1281,38,3,10.0
2065,1281,29,1,5.0
2066,1282,7,2,0.0
2067,1283,27,1,5.0
2068,1284,9,2,5.0
2069,1285,27,2,15.0
2070,1286,13,1,0.0
2071,1287,49,1,5.0
2072,1288,20,3,0.0
2073,1289,21,2,15.0
2074,1289,15,2,15.0
2075,1290,58,5,5.0
2076,1290,4,1,5.0
2077,1291,52,1,10.0
2078,1292,43,1,10.0
2079,1293,60,1,10.0
2080,1294,5,3,15.0
2081,1295,15,2,5.0
2082,1295,39,2,20.0
2083,1296,38,1,10.0
2084,1297,1,1,0.0
2085,1297,16,2,0.0
2086,1298,38,1,5.0
2087,1299,45,2,0.0
2088,1300,1,1,0.0
2089,1300,27,1,5.0
2090,1300,12,2,5.0
2091,1300,10,3,15.0
2092,1301,17,1,0.0
2093,1302,20,2,5.0
2094,1302,24,2,5.0
2095,1303,41,2,0.0
2096,1303,29,2,10.0
2097,1304,48,1,5.0
2098,1305,46,3,0.0
2099,1305,22,1,5.0
2100,1305,1,1,0.0
2101,1305,39,3,0.0
2102,1306,4,4,0.0
2103,1307,3,1,15.0
2104,1308,7,1,10.0
2105,1308,28,1,15.0
2106,1308,57,1,20.0
2107,1309,6,1,0.0
2108,1310,37,2,0.0
2109,1311,36,1,10.0
2110,1311,24,1,15.0
2111,1312,39,5,0.0
2112,1312,15,1,0.0
2113,1313,17,3,15.0
2114,1313,45,1,15.0
2115,1314,31,2,5.0
2116,1315,14,3,5.0
2117,1316,43,3,5.0
2118,1317,25,1,5.0
2119,1317,38,3,10.0
2120,1317,29,1,0.0
2121,1318,34,1,15.0
2122,1318,46,2,0.0
2123,1319,28,1,10.0
2124,1319,53,2,15.0
2125,1320,13,1,10.0
2126,1320,14,1,15.0
2127,1321,43,1,0.0
2128,1322,31,1,10.0
2129,1323,34,1,0.0
2130,1324,38,1,0.0
2131,1324,50,1,5.0
2132,1325,60,2,15.0
2133,1326,51,5,5.0
2134,1326,27,1,15.0
2135,1326,37,2,10.0
2136,1327,40,3,10.0
2137,1328,34,2,0.0
2138,1329,37,1,10.0
2139,1329,32,1,15.0
2140,1329,7,1,0.0
2141,1330,43,1,10.0
2142,1331,35,2,5.0
2143,1331,21,1,15.0
2144,1331,19,5,15.0
2145,1332,30,4,15.0
2146,1333,8,1,5.0
2147,1334,60,1,15.0
2148,1334,49,4,0.0
2149,1335,34,1,10.0
2150,1335,8,2,5.0
2151,1336,23,4,5.0
2152,1337,55,2,10.0
2153,1337,15,2,5.0
2154,1338,6,1,5.0
2155,1339,37,2,5.0
2156,1340,3,2,5.0
2157,1340,15,1,0.0
2158,1340,5,3,5.0
2159,1341,38,2,20.0
2160,1342,30,1,15.0
2161,1342,56,2,10.0
2162,1342,47,2,0.0
2163,1343,31,2,10.0
2164,1344,33,1,15.0
2165,1345,46,1,5.0
2166,1346,33,2,20.0
2167,1347,7,1,10.0
2168,1348,43,1,10.0
2169,1348,41,2,5.0
2170,1349,28,1,5.0
2171,1350,42,1,5.0
2172,1350,1,3,15.0
2173,1351,32,1,10.0
2174,1352,56,1,5.0
2175,1352,60,5,15.0
2176,1352,49,5,10.0
2177,1352,52,1,15.0
2178,1353,29,1,10.0
2179,1353,36,1,0.0
2180,1354,3,4,5.0
2181,1354,16,3,15.0
2182,1354,32,5,0.0
2183,1355,47,1,10.0
2184,1355,49,3,5.0
2185,1356,54,2,20.0
2186,1357,52,1,10.0
2187,1358,13,5,0.0
2188,1359,37,3,5.0
2189,1360,12,3,5.0
2190,1360,14,1,10.0
2191,1360,34,3,5.0
2192,1361,56,1,0.0
2193,1362,26,2,10.0
2194,1363,8,2,15.0
2195,1364,17,2,5.0
2196,1364,60,1,5.0
2197,1364,54,1,5.0
2198,1365,36,1,0.0
2199,1366,34,2,5.0
2200,1366,52,1,5.0
2201,1366,14,3,10.0
2202,1367,15,4,5.0
2203,1367,43,1,0.0
2204,1368,33,1,15.0
2205,1368,58,3,10.0
2206,1369,50,1,0.0
2207,1369,44,1,10.0
2208,1370,6,3,0.0
2209,1370,54,2,0.0
2210,1370,27,2,5.0
2211,1371,16,1,10.0
2212,1371,36,4,10.0
2213,1371,44,3,5.0
2214,1372,17,3,0.0
2215,1373,14,1,5.0
2216,1374,2,4,0.0
2217,1375,42,3,10.0
2218,1376,19,2,5.0
2219,1376,21,3,15.0
2220,1376,20,1,5.0
2221,1377,16,3,10.0
2222,1377,54,2,10.0
2223,1378,55,3,5.0
2224,1378,6,2,5.0
2225,1378,14,1,0.0
2226,1379,10,3,10.0
2227,1379,32,1,10.0
2228,1380,51,1,10.0
2229,1381,41,1,5.0
2230,1381,21,1,10.0
2231,1382,37,2,5.0
2232,1383,21,1,15.0
2233,1384,43,5,10.0
2234,1384,3,1,10.0
2235,1384,10,1,0.0
2236,1385,9,2,10.0
2237,1386,58,2,5.0
2238,1386,21,2,0.0
2239,1386,9,3,0.0
2240,1387,47,1,15.0
2241,1387,13,1,10.0
2242,1388,13,2,15.0
2243,1389,45,3,5.0
2244,1389,30,5,15.0
2245,1390,32,1,10.0
2246,1391,2,1,20.0
2247,1391,14,2,0.0
2248,1391,36,1,15.0
2249,1392,47,1,10.0
2250,1393,22,2,10.0
2251,1394,39,3,15.0
2252,1394,36,2,0.0
2253,1394,43,1,0.0
2254,1395,6,1,10.0
2255,1395,42,2,5.0
2256,1395,53,1,0.0
2257,1396,37,1,5.0
2258,1397,54,3,5.0
2259,1397,5,1,15.0
2260,1398,8,2,5.0
2261,1399,17,2,0.0
2262,1399,40,2,5.0
2263,1400,4,1,10.0
2264,1401,55,3,5.0
2265,1401,60,1,0.0
2266,1402,13,1,10.0
2267,1402,16,1,0.0
2268,1403,50,3,5.0
2269,1404,49,1,10.0
2270,1404,17,2,15.0
2271,1404,45,2,10.0
2272,1405,48,1,10.0
2273,1405,30,1,10.0
2274,1405,1,1,5.0
2275,1406,40,3,0.0
2276,1407,60,2,15.0
2277,1407,38,3,15.0
2278,1408,44,1,15.0
2279,1408,52,3,15.0
2280,1409,9,1,5.0
2281,1410,27,1,5.0
2282,1411,49,1,15.0
2283,1411,59,2,0.0
2284,1412,44,3,5.0
2285,1412,34,1,5.0
2286,1413,47,3,15.0
2287,1413,44,2,10.0
2288,1414,59,1,10.0
2289,1414,16,2,15.0
2290,1415,28,4,5.0
2291,1416,26,1,15.0
2292,1417,3,4,15.0
2293,1418,12,2,5.0
2294,1419,32,1,10.0
2295,1419,28,2,15.0
2296,1420,43,3,15.0
2297,1420,30,2,0.0
2298,1421,58,1,0.0
2299,1422,4,1,5.0
2300,1423,55,3,5.0
2301,1423,19,2,10.0
2302,1423,20,4,10.0
2303,1423,39,1,20.0
2304,1424,48,1,10.0
2305,1424,42,2,0.0
2306,1425,29,2,5.0
2307,1425,22,2,15.0
2308,1426,56,1,10.0
2309,1427,9,1,0.0
2310,1428,47,1,0.0
2311,1428,7,3,5.0
2312,1428,15,2,5.0
2313,1429,42,2,15.0
2314,1430,50,1,5.0
2315,1431,22,1,0.0
2316,1431,30,2,0.0
2317,1432,47,2,10.0
2318,1433,28,1,10.0
2319,1434,38,1,5.0
2320,1435,44,1,20.0
2321,1436,55,2,15.0
2322,1437,54,2,0.0
2323,1437,3,1,5.0
2324,1437,18,1,10.0
2325,1438,47,3,5.0
2326,1438,35,1,10.0
2327,1438,46,3,5.0
2328,1439,4,2,15.0
2329,1439,32,1,10.0
2330,1440,28,1,5.0
2331,1441,34,1,10.0
2332,1441,53,1,0.0
2333,1442,13,3,10.0
2334,1442,44,1,5.0
2335,1442,7,1,5.0
2336,1442,57,2,5.0
2337,1443,51,1,0.0
2338,1443,23,1,20.0
2339,1443,19,1,0.0
2340,1444,56,4,15.0
2341,1445,17,3,10.0
2342,1446,50,1,20.0
2343,1447,36,2,15.0
2344,1447,57,1,5.0
2345,1448,27,1,5.0
2346,1448,40,1,15.0
2347,1449,3,4,0.0
2348,1450,22,1,10.0
2349,1451,25,4,15.0
2350,1451,44,1,5.0
2351,1452,22,3,0.0
2352,1453,13,1,15.0
2353,1454,2,1,5.0
2354,1454,37,4,10.0
2355,1454,19,2,15.0
2356,1454,18,1,5.0
2357,1455,16,1,0.0
2358,1455,46,2,5.0
2359,1455,32,1,10.0
2360,1455,44,2,10.0
2361,1456,40,2,0.0
2362,1457,23,1,20.0
2363,1458,21,3,5.0
2364,1458,41,2,10.0
2365,1458,29,2,10.0
2366,1459,5,1,10.0
2367,1460,57,1,10.0
2368,1460,49,1,5.0
2369,1460,14,1,5.0
2370,1460,1,1,10.0
2371,1461,36,1,0.0
2372,1462,8,1,5.0
2373,1463,58,2,10.0
2374,1464,46,4,15.0
2375,1465,45,2,20.0
2376,1465,49,2,0.0
2377,1465,47,1,15.0
2378,1466,59,1,10.0
2379,1466,54,2,15.0
2380,1467,24,4,10.0
2381,1467,2,1,10.0
2382,1468,39,1,0.0
2383,1468,42,1,10.0
2384,1469,35,1,15.0
2385,1470,27,2,0.0
2386,1470,24,1,0.0
2387,1471,48,3,5.0
2388,1471,44,2,0.0
2389,1472,55,1,0.0
2390,1472,32,3,0.0
2391,1473,53,3,5.0
2392,1474,3,2,15.0
2393,1475,7,1,15.0
2394,1476,50,1,0.0
2395,1477,56,4,20.0
2396,1478,14,2,10.0
2397,1479,50,1,5.0
2398,1479,23,2,5.0
2399,1480,24,5,10.0
2400,1480,5,2,0.0
2401,1480,10,1,5.0
2402,1480,59,2,5.0
2403,1481,1,2,0.0
2404,1482,24,1,10.0
2405,1483,20,3,10.0
2406,1484,55,3,10.0
2407,1484,19,2,10.0
2408,1484,12,1,10.0
2409,1484,2,1,0.0
2410,1485,2,2,15.0
2411,1486,1,1,10.0
2412,1487,53,3,20.0
2413,1487,24,2,0.0
2414,1488,15,1,5.0
2415,1488,27,1,10.0
2416,1489,6,1,10.0
2417,1490,9,1,15.0
2418,1491,12,2,0.0
2419,1492,46,2,0.0
2420,1492,19,1,10.0
2421,1493,58,1,0.0
2422,1494,46,2,5.0
2423,1495,37,1,10.0
2424,1496,38,2,10.0
2425,1496,50,2,10.0
2426,1496,29,2,10.0
2427,1497,46,2,10.0
2428,1497,15,1,20.0
2429,1498,21,3,10.0
2430,1499,59,1,10.0
2431,1499,52,1,10.0
2432,1500,50,2,5.0
2433,1500,5,2,0.0
2434,1501,1,3,5.0
2435,1501,27,4,5.0
2436,1502,3,1,5.0
2437,1503,47,1,5.0
2438,1503,56,1,15.0
2439,1504,56,1,15.0
2440,1505,21,2,15.0
2441,1506,45,1,10.0
2442,1506,54,2,10.0
2443,1507,22,5,10.0
2444,1508,14,1,5.0
2445,1509,20,1,5.0
2446,1509,47,1,5.0
2447,1509,36,1,20.0
2448,1510,27,5,5.0
2449,1511,8,2,10.0
2450,1511,37,1,5.0
2451,1511,57,2,15.0
2452,1512,56,4,0.0
2453,1513,44,4,10.0
2454,1514,12,1,15.0
2455,1514,4,3,20.0
2456,1514,47,1,0.0
2457,1515,55,4,10.0
2458,1516,54,3,5.0
2459,1516,22,2,5.0
2460,1517,3,4,5.0
2461,1517,5,1,0.0
2462,1518,60,3,20.0
2463,1519,9,1,5.0
2464,1520,50,3,15.0
2465,1521,18,1,0.0
2466,1522,45,2,10.0
2467,1523,35,1,5.0
2468,1524,24,1,15.0
2469,1525,16,2,10.0
2470,1526,51,1,0.0
2471,1527,24,3,10.0
2472,1528,50,3,0.0
2473,1528,24,1,5.0
2474,1529,17,1,5.0
2475,1530,35,1,0.0
2476,1531,37,2,20.0
2477,1531,23,1,10.0
2478,1532,19,3,10.0
2479,1532,35,1,10.0
2480,1532,8,2,15.0
2481,1533,49,1,15.0
2482,1534,10,3,0.0
2483,1535,45,2,10.0
2484,1536,58,1,0.0
2485,1537,21,1,0.0
2486,1538,1,3,15.0
2487,1538,17,1,10.0
2488,1538,3,4,5.0
2489,1539,19,1,0.0
2490,1539,43,1,10.0
2491,1540,17,2,10.0
2492,1540,22,3,5.0
2493,1541,27,1,10.0
2494,1542,40,4,5.0
2495,1542,57,3,0.0
2496,1542,49,3,0.0
2497,1543,55,2,0.0
2498,1543,2,1,0.0
2499,1544,15,1,10.0
2500,1544,1,5,5.0
2501,1545,4,1,5.0
2502,1546,19,1,0.0
2503,1547,24,2,5.0
2504,1548,13,1,5.0
2505,1549,17,1,10.0
2506,1549,60,2,0.0
2507,1549,50,1,10.0
2508,1550,35,2,5.0
2509,1550,40,1,0.0
2510,1551,13,3,5.0
2511,1551,54,2,10.0
2512,1552,17,2,15.0
2513,1553,36,1,5.0
2514,1554,56,1,5.0
2515,1554,41,2,10.0
2516,1555,15,3,10.0
2517,1556,41,1,10.0
2518,1557,16,1,10.0
2519,1557,57,1,0.0
2520,1557,43,2,15.0
2521,1558,55,1,5.0
2522,1559,49,3,10.0
2523,1560,42,1,5.0
2524,1560,19,1,10.0
2525,1561,48,4,0.0
2526,1562,52,2,0.0
2527,1563,35,1,5.0
2528,1564,21,1,0.0
2529,1565,33,1,10.0
2530,1565,51,1,5.0
2531,1566,48,4,15.0
2532,1567,41,2,0.0
2533,1568,10,1,5.0
2534,1569,53,2,10.0
2535,1569,15,3,0.0
2536,1570,49,5,10.0
2537,1571,8,1,0.0
2538,1572,56,2,5.0
2539,1572,48,1,20.0
2540,1573,18,1,0.0
2541,1574,29,3,15.0
2542,1574,46,1,5.0
2543,1574,33,1,0.0
2544,1575,22,1,10.0
2545,1575,21,3,0.0
2546,1575,59,2,0.0
2547,1576,36,1,0.0
2548,1576,22,2,0.0
2549,1577,33,2,5.0
2550,1578,9,1,10.0
2551,1578,32,1,5.0
2552,1579,14,3,0.0
2553,1580,21,4,0.0
2554,1580,48,3,0.0
2555,1581,44,1,10.0
2556,1582,40,1,5.0
2557,1583,10,3,0.0
2558,1584,52,1,0.0
2559,1585,29,2,15.0
2560,1586,48,1,0.0
2561,1587,59,2,20.0
2562,1588,47,3,15.0
2563,1589,19,3,5.0
2564,1590,8,2,0.0
2565,1591,26,1,20.0
2566,1592,2,1,5.0
2567,1593,41,2,20.0
2568,1594,35,5,10.0
2569,1594,27,2,0.0
2570,1594,13,5,0.0
2571,1594,60,1,0.0
2572,1595,22,2,0.0
2573,1595,34,2,5.0
2574,1595,2,2,5.0
2575,1595,26,3,5.0
2576,1596,5,1,15.0
2577,1596,55,1,5.0
2578,1597,46,1,0.0
2579,1597,60,2,15.0
2580,1597,26,1,5.0
2581,1597,32,1,5.0
2582,1598,30,1,5.0
2583,1598,29,2,10.0
2584,1599,22,3,15.0
2585,1600,60,4,5.0
2586,1600,26,1,15.0
2587,1601,23,1,10.0
2588,1602,37,1,10.0
2589,1602,45,2,15.0
2590,1603,1,3,5.0
2591,1603,37,2,15.0
2592,1604,22,1,0.0
2593,1604,48,2,5.0
2594,1605,28,3,0.0
2595,1606,37,1,5.0
2596,1606,40,1,10.0
2597,1607,57,2,5.0
2598,1607,8,1,15.0
2599,1608,16,1,5.0
2600,1609,39,1,15.0
2601,1610,19,2,15.0
2602,1610,54,1,5.0
2603,1611,13,1,15.0
2604,1612,56,2,0.0
2605,1612,37,2,5.0
2606,1612,28,2,5.0
2607,1613,9,4,5.0
2608,1613,31,1,5.0
2609,1614,39,1,5.0
2610,1614,43,1,5.0
2611,1615,37,1,15.0
2612,1616,30,3,15.0
2613,1617,47,4,5.0
2614,1617,2,2,15.0
2615,1618,18,1,5.0
2616,1619,29,2,5.0
2617,1619,52,1,5.0
2618,1619,41,1,0.0
2619,1620,18,1,0.0
2620,1620,21,1,10.0
2621,1620,8,1,20.0
2622,1621,28,1,15.0
2623,1621,35,1,15.0
2624,1622,37,1,0.0
2625,1623,48,2,0.0
2626,1624,4,3,5.0
2627,1625,39,1,5.0
2628,1625,44,2,5.0
2629,1625,33,1,5.0
2630,1625,41,1,5.0
2631,1626,57,1,5.0
2632,1626,18,1,10.0
2633,1626,54,1,10.0
2634,1627,18,2,15.0
2635,1628,3,1,10.0
2636,1629,25,1,0.0
2637,1629,46,1,15.0
2638,1629,8,3,5.0
2639,1630,19,1,10.0
2640,1631,19,1,10.0
2641,1632,4,1,10.0
2642,1633,35,2,15.0
2643,1633,33,3,10.0
2644,1634,52,4,0.0
2645,1634,21,1,15.0
2646,1635,44,1,0.0
2647,1635,34,2,5.0
2648,1636,59,2,10.0
2649,1636,58,1,10.0
2650,1637,24,2,20.0
2651,1638,53,1,10.0
2652,1639,23,4,5.0
2653,1639,58,1,5.0
2654,1639,29,2,5.0
2655,1640,46,1,5.0
2656,1640,10,1,0.0
2657,1641,18,2,0.0
2658,1642,10,2,0.0
2659,1642,51,2,15.0
2660,1643,10,4,10.0
2661,1643,24,1,0.0
2662,1643,47,1,0.0
2663,1644,44,1,10.0
2664,1644,31,3,15.0
2665,1645,47,2,20.0
2666,1645,28,2,0.0
2667,1645,3,1,5.0
2668,1646,56,1,0.0
2669,1646,38,2,10.0
2670,1647,25,2,15.0
2671,1648,37,2,15.0
2672,1649,14,3,5.0
2673,1650,56,1,10.0
2674,1651,34,1,5.0
2675,1652,42,1,10.0
2676,1653,7,2,0.0
2677,1653,58,3,15.0
2678,1654,3,2,5.0
2679,1655,15,2,0.0
2680,1655,50,2,10.0
2681,1656,48,1,5.0
2682,1657,36,2,10.0
2683,1657,12,1,10.0
2684,1657,14,1,15.0
2685,1657,55,2,10.0
2686,1658,15,1,15.0
2687,1658,11,2,5.0
2688,1658,25,2,5.0
2689,1659,45,4,20.0
2690,1659,10,2,5.0
2691,1659,15,1,10.0
2692,1660,28,1,0.0
2693,1661,11,1,5.0
2694,1661,35,3,5.0
2695,1661,59,5,5.0
2696,1662,24,2,10.0
2697,1662,5,1,10.0
2698,1663,50,1,5.0
2699,1663,40,3,0.0
2700,1664,25,1,5.0
2701,1665,52,1,5.0
2702,1665,23,1,0.0
2703,1666,31,1,10.0
2704,1667,59,2,10.0
2705,1668,48,1,10.0
2706,1669,4,1,0.0
2707,1669,28,1,10.0
2708,1669,56,1,15.0
2709,1669,34,1,5.0
2710,1670,48,1,10.0
2711,1670,23,3,0.0
2712,1671,7,1,5.0
2713,1672,8,2,5.0
2714,1672,39,2,0.0
2715,1673,21,2,0.0
2716,1673,51,1,5.0
2717,1674,3,3,20.0
2718,1674,31,1,0.0
2719,1674,1,1,5.0
2720,1675,19,1,5.0
2721,1676,38,2,0.0
2722,1676,56,3,5.0
2723,1677,13,2,10.0
2724,1677,43,3,5.0
2725,1677,26,2,5.0
2726,1677,20,1,10.0
2727,1678,40,1,0.0
2728,1679,21,2,10.0
2729,1679,4,2,0.0
2730,1680,10,1,10.0
2731,1680,1,1,5.0
2732,1680,60,3,10.0
2733,1680,45,1,0.0
2734,1681,60,1,10.0
2735,1682,51,1,0.0
2736,1683,26,1,10.0
2737,1683,18,2,10.0
2738,1683,49,1,5.0
2739,1684,55,1,10.0
2740,1684,53,2,0.0
2741,1684,34,1,5.0
2742,1685,4,2,15.0
2743,1686,52,1,0.0
2744,1687,39,3,20.0
2745,1688,49,2,15.0
2746,1688,25,1,5.0
2747,1688,41,5,0.0
2748,1689,19,4,10.0
2749,1690,54,1,15.0
2750,1691,8,3,5.0
2751,1691,46,1,5.0
2752,1692,29,3,5.0
2753,1692,15,2,10.0
2754,1692,12,1,5.0
2755,1692,48,2,5.0
2756,1693,12,1,5.0
2757,1693,21,1,15.0
2758,1694,58,1,15.0
2759,1694,13,2,0.0
2760,1695,13,1,10.0
2761,1696,54,2,0.0
2762,1697,13,1,5.0
2763,1698,5,2,10.0
2764,1699,14,3,5.0
2765,1700,29,3,15.0
2766,1701,35,1,5.0
2767,1702,20,2,15.0
2768,1702,52,5,10.0
2769,1702,17,4,10.0
2770,1703,40,3,0.0
2771,1704,52,2,5.0
2772,1704,49,1,15.0
2773,1705,42,1,10.0
2774,1705,25,3,5.0
2775,1706,29,3,5.0
2776,1706,5,2,10.0
2777,1706,9,1,5.0
2778,1707,1,2,0.0
2779,1708,4,2,10.0
2780,1708,34,2,10.0
2781,1709,39,2,15.0
2782,1709,52,2,5.0
2783,1709,32,1,10.0
2784,1710,21,1,0.0
2785,1711,32,2,5.0
2786,1711,59,1,10.0
2787,1712,13,1,10.0
2788,1712,28,2,5.0
2789,1713,51,1,0.0
2790,1714,19,1,0.0
2791,1715,35,3,0.0
2792,1715,12,2,5.0
2793,1715,17,3,10.0
2794,1716,24,3,5.0
2795,1716,4,3,0.0
2796,1717,55,1,0.0
2797,1718,60,1,15.0
2798,1719,40,1,5.0
2799,1719,58,2,0.0
2800,1720,4,3,5.0
2801,1720,60,2,5.0
2802,1720,56,1,5.0
2803,1720,5,2,0.0
2804,1721,46,1,20.0
2805,1721,3,3,0.0
2806,1722,41,3,10.0
2807,1722,34,2,0.0
2808,1723,52,1,10.0
2809,1724,38,2,0.0
2810,1725,13,1,5.0
2811,1726,26,2,10.0
2812,1727,16,1,0.0
2813,1728,46,2,5.0
2814,1728,2,2,15.0
2815,1729,54,1,10.0
2816,1730,48,1,0.0
2817,1731,17,1,0.0
2818,1731,25,1,10.0
2819,1732,38,3,10.0
2820,1732,5,1,10.0
2821,1733,14,5,15.0
2822,1734,10,1,20.0
2823,1734,37,5,5.0
2824,1735,25,1,15.0
2825,1735,49,2,10.0
2826,1735,11,2,10.0
2827,1736,21,1,0.0
2828,1737,36,1,0.0
2829,1738,1,3,15.0
2830,1739,11,2,15.0
2831,1740,23,3,5.0
2832,1741,48,5,0.0
2833,1742,59,1,10.0
2834,1742,34,1,20.0
2835,1743,16,3,5.0
2836,1743,29,1,0.0
2837,1744,15,1,5.0
2838,1745,17,4,0.0
2839,1746,40,3,15.0
2840,1747,2,2,10.0
2841,1747,5,5,5.0
2842,1747,13,1,10.0
2843,1747,48,1,15.0
2844,1748,32,1,5.0
2845,1749,43,2,20.0
2846,1750,33,2,5.0
2847,1750,32,3,15.0
2848,1751,1,2,10.0
2849,1752,45,1,5.0
2850,1753,3,3,5.0
2851,1754,49,3,10.0
2852,1755,48,1,10.0
2853,1755,50,1,10.0
2854,1756,47,2,10.0
2855,1756,6,4,15.0
2856,1757,27,3,0.0
2857,1758,56,1,5.0
2858,1758,53,1,5.0
2859,1759,58,3,10.0
2860,1759,4,1,0.0
2861,1760,22,1,5.0
2862,1761,51,3,0.0
2863,1761,58,1,10.0
2864,1762,28,4,15.0
2865,1763,22,1,0.0
2866,1763,38,1,15.0
2867,1764,44,3,10.0
2868,1764,17,1,15.0
2869,1764,15,3,5.0
2870,1765,6,3,10.0
2871,1765,35,2,10.0
2872,1766,40,1,10.0
2873,1767,29,3,0.0
2874,1768,41,1,0.0
2875,1768,37,2,10.0
2876,1768,29,1,20.0
2877,1769,21,1,5.0
2878,1770,1,2,0.0
2879,1771,14,1,10.0
2880,1772,14,1,0.0
2881,1772,22,2,10.0
2882,1773,50,2,15.0
2883,1774,9,5,0.0
2884,1774,23,1,5.0
2885,1775,18,1,10.0
2886,1776,23,1,0.0
2887,1776,30,1,0.0
2888,1776,35,1,20.0
2889,1776,55,4,5.0
2890,1777,13,4,5.0
2891,1778,53,4,0.0
2892,1779,11,1,0.0
2893,1780,37,2,15.0
2894,1780,38,1,0.0
2895,1780,30,4,10.0
2896,1780,53,2,5.0
2897,1781,36,3,20.0
2898,1782,24,1,0.0
2899,1783,45,3,0.0
2900,1784,46,1,5.0
2901,1785,10,1,10.0
2902,1785,57,2,0.0
2903,1786,9,1,5.0
2904,1787,27,2,0.0
2905,1787,7,1,0.0
2906,1787,9,3,10.0
2907,1788,7,1,5.0
2908,1788,55,1,5.0
2909,1789,58,2,0.0
2910,1790,47,2,0.0
2911,1790,42,5,5.0
2912,1790,3,1,0.0
2913,1791,31,1,0.0
2914,1792,33,2,5.0
2915,1793,8,1,10.0
2916,1793,47,1,10.0
2917,1793,57,2,5.0
2918,1794,25,3,0.0
2919,1794,33,3,15.0
2920,1795,41,1,15.0
2921,1796,23,1,15.0
2922,1796,26,1,20.0
2923,1797,25,1,0.0
2924,1797,28,1,10.0
2925,1797,50,4,15.0
2926,1798,42,5,20.0
2927,1799,49,1,20.0
2928,1799,60,1,5.0
2929,1799,27,1,5.0
2930,1800,13,2,5.0
2931,1800,45,1,20.0
2932,1801,40,4,20.0
2933,1802,29,3,0.0
2934,1802,31,2,10.0
2935,1803,53,1,15.0
2936,1804,48,1,10.0
2937,1804,17,2,0.0
2938,1804,59,3,10.0
2939,1804,47,2,5.0
2940,1805,12,2,0.0
2941,1806,2,1,10.0
2942,1806,27,1,0.0
2943,1807,6,2,10.0
2944,1808,4,2,15.0
2945,1808,14,1,5.0
2946,1809,60,3,0.0
2947,1810,60,2,5.0
2948,1810,56,1,0.0
2949,1810,6,1,10.0
2950,1811,1,1,10.0
2951,1812,21,1,0.0
2952,1812,38,1,0.0
2953,1812,24,3,5.0
2954,1813,27,1,10.0
2955,1814,33,2,15.0
2956,1815,1,2,5.0
2957,1815,57,1,0.0
2958,1816,30,2,0.0
2959,1817,3,2,0.0
2960,1818,8,2,0.0
2961,1818,19,2,5.0
2962,1818,18,1,10.0
2963,1819,4,1,5.0
2964,1820,34,3,15.0
2965,1820,24,3,5.0
2966,1821,38,1,15.0
2967,1821,43,1,15.0
2968,1821,59,4,10.0
2969,1822,24,3,5.0
2970,1822,50,1,5.0
2971,1823,17,1,5.0
2972,1824,9,1,5.0
2973,1824,59,3,5.0
2974,1824,20,5,15.0
2975,1825,5,1,5.0
2976,1826,5,2,0.0
2977,1827,24,3,0.0
2978,1827,11,1,10.0
2979,1828,36,1,5.0
2980,1829,17,2,0.0
2981,1829,59,1,15.0
2982,1830,20,1,10.0
2983,1831,37,2,0.0
2984,1831,32,2,15.0
2985,1831,12,1,5.0
2986,1832,51,1,5.0
2987,1833,48,1,0.0
2988,1834,44,3,10.0
2989,1835,39,2,10.0
2990,1836,58,2,5.0
2991,1837,21,1,10.0
2992,1838,42,1,15.0
2993,1838,53,1,5.0
2994,1839,34,3,10.0
2995,1840,29,1,5.0
2996,1840,18,3,15.0
2997,1841,6,1,5.0
2998,1841,35,1,0.0
2999,1841,40,1,10.0
3000,1842,47,1,5.0
3001,1843,60,1,20.0
3002,1843,32,1,10.0
3003,1844,55,5,0.0
3004,1845,35,3,5.0
3005,1845,10,1,5.0
3006,1846,22,1,15.0
3007,1847,52,1,15.0
3008,1848,11,1,10.0
3009,1848,52,1,0.0
3010,1849,30,2,10.0
3011,1850,60,2,0.0
3012,1851,52,1,15.0
3013,1851,1,3,15.0
3014,1852,40,2,5.0
3015,1852,15,2,10.0
3016,1853,60,1,5.0
3017,1854,22,2,5.0
3018,1854,51,2,10.0
3019,1855,50,4,5.0
3020,1855,8,1,0.0
3021,1855,15,1,0.0
3022,1856,49,5,5.0
3023,1857,10,3,0.0
3024,1858,36,1,15.0
3025,1859,3,1,5.0
3026,1860,60,2,10.0
3027,1860,51,4,15.0
3028,1861,13,2,15.0
3029,1861,45,2,15.0
3030,1862,59,2,0.0
3031,1863,58,1,10.0
3032,1863,17,1,0.0
3033,1863,36,1,5.0
3034,1864,26,1,5.0
3035,1864,30,3,0.0
3036,1864,53,1,5.0
3037,1864,43,1,15.0
3038,1865,44,1,15.0
3039,1865,26,1,0.0
3040,1866,37,2,5.0
3041,1866,53,1,5.0
3042,1867,27,1,10.0
3043,1867,33,1,15.0
3044,1868,18,1,5.0
3045,1869,42,2,5.0
3046,1869,27,3,0.0
3047,1869,34,2,0.0
3048,1870,55,2,10.0
3049,1871,37,1,0.0
3050,1872,21,3,0.0
3051,1873,20,2,20.0
3052,1874,10,2,15.0
3053,1874,25,1,0.0
3054,1874,56,1,5.0
3055,1874,4,2,5.0
3056,1875,2,1,0.0
3057,1876,53,1,5.0
3058,1877,36,3,5.0
3059,1878,1,2,10.0
3060,1879,60,1,0.0
3061,1880,29,2,10.0
3062,1880,9,1,0.0
3063,1881,55,2,10.0
3064,1882,46,1,5.0
3065,1882,59,2,0.0
3066,1883,27,3,10.0
3067,1883,8,2,10.0
3068,1883,11,2,5.0
3069,1884,28,3,5.0
3070,1885,17,3,5.0
3071,1885,2,3,0.0
3072,1886,46,3,15.0
3073,1887,44,1,10.0
3074,1887,47,1,0.0
3075,1887,41,1,0.0
3076,1888,17,4,10.0
3077,1889,7,2,10.0
3078,1890,49,1,10.0
3079,1890,55,2,5.0
3080,1890,22,2,5.0
3081,1890,2,1,0.0
3082,1891,58,4,5.0
3083,1891,4,2,5.0
3084,1891,5,2,5.0
3085,1892,57,5,10.0
3086,1893,58,1,5.0
3087,1894,39,4,20.0
3088,1894,25,1,5.0
3089,1894,5,1,0.0
3090,1894,22,2,5.0
3091,1895,23,2,5.0
3092,1896,6,1,15.0
3093,1896,4,2,20.0
3094,1896,46,1,0.0
3095,1897,40,1,0.0
3096,1898,25,1,15.0
3097,1899,55,1,15.0
3098,1900,57,1,10.0
3099,1901,19,1,5.0
3100,1902,12,1,5.0
3101,1903,10,1,0.0
3102,1903,5,2,5.0
3103,1904,34,2,10.0
3104,1905,28,2,20.0
3105,1906,41,2,15.0
3106,1907,54,1,10.0
3107,1908,18,2,5.0
3108,1909,29,1,15.0
3109,1909,9,3,10.0
3110,1910,36,1,0.0
3111,1910,6,1,5.0
3112,1910,34,1,5.0
3113,1911,38,1,0.0
3114,1912,21,2,10.0
3115,1913,57,1,5.0
3116,1913,49,2,0.0
3117,1913,24,1,10.0
3118,1914,44,1,15.0
3119,1915,48,2,10.0
3120,1915,34,1,5.0
3121,1916,38,4,5.0
3122,1916,36,2,5.0
3123,1916,57,4,0.0
3124,1916,23,1,5.0
3125,1917,19,1,5.0
3126,1918,30,1,0.0
3127,1918,13,3,5.0
3128,1919,10,1,10.0
3129,1919,60,1,20.0
3130,1919,18,2,0.0
3131,1919,17,1,5.0
3132,1920,2,2,0.0
3133,1920,25,1,5.0
3134,1921,32,1,10.0
3135,1921,2,2,20.0
3136,1921,40,5,5.0
3137,1921,1,2,0.0
3138,1922,8,5,10.0
3139,1923,7,2,5.0
3140,1923,17,1,5.0
3141,1924,13,1,15.0
3142,1925,38,4,5.0
3143,1925,33,1,10.0
3144,1926,34,3,10.0
3145,1927,33,3,5.0
3146,1927,17,2,0.0
3147,1927,40,3,15.0
3148,1928,11,2,10.0
3149,1929,21,1,5.0
3150,1930,26,1,10.0
3151,1931,8,1,15.0
3152,1932,39,2,5.0
3153,1932,56,1,15.0
3154,1932,50,2,20.0
3155,1932,20,1,5.0
3156,1933,52,2,0.0
3157,1934,33,1,5.0
3158,1934,27,2,10.0
3159,1935,34,1,0.0
3160,1935,17,1,10.0
3161,1935,21,2,15.0
3162,1936,5,4,10.0
3163,1937,33,2,10.0
3164,1938,9,1,20.0
3165,1938,50,1,0.0
3166,1939,31,1,20.0
3167,1939,47,1,5.0
3168,1940,42,1,10.0
3169,1941,17,3,10.0
3170,1941,7,4,15.0
3171,1942,1,1,5.0
3172,1943,53,4,5.0
3173,1943,44,2,0.0
3174,1943,45,4,10.0
3175,1944,30,3,15.0
3176,1945,8,3,0.0
3177,1946,5,5,20.0
3178,1947,12,1,5.0
3179,1947,6,1,0.0
3180,1947,14,4,0.0
3181,1948,25,3,5.0
3182,1948,11,2,10.0
3183,1948,26,4,15.0
3184,1949,56,2,5.0
3185,1949,46,2,0.0
3186,1950,12,2,20.0
3187,1951,5,2,10.0
3188,1952,22,1,15.0
3189,1953,13,1,0.0
3190,1953,30,1,15.0
3191,1954,41,2,5.0
3192,1954,8,3,15.0
3193,1955,51,2,5.0
3194,1955,47,3,20.0
3195,1955,9,2,10.0
3196,1956,26,2,0.0
3197,1956,37,1,5.0
3198,1956,8,1,5.0
3199,1957,57,1,5.0
3200,1958,11,1,0.0
3201,1958,18,2,15.0
3202,1959,25,2,5.0
3203,1960,60,2,0.0
3204,1960,6,4,5.0
3205,1961,41,3,5.0
3206,1962,5,1,5.0
3207,1963,42,1,10.0
3208,1963,37,3,10.0
3209,1964,6,2,10.0
3210,1964,39,2,10.0
3211,1965,38,1,20.0
3212,1966,30,5,15.0
3213,1967,36,2,10.0
3214,1967,33,4,5.0
3215,1967,34,2,5.0
3216,1967,7,1,0.0
3217,1968,8,1,0.0
3218,1969,6,1,5.0
3219,1970,18,2,10.0
3220,1971,15,1,10.0
3221,1972,5,4,20.0
3222,1973,7,1,5.0
3223,1974,40,1,5.0
3224,1975,7,1,5.0
3225,1976,22,1,5.0
3226,1976,39,1,5.0
3227,1976,30,2,5.0
3228,1976,27,1,15.0
3229,1977,47,1,20.0
3230,1978,25,2,10.0
3231,1978,52,1,5.0
3232,1979,30,1,15.0
3233,1979,15,1,10.0
3234,1980,17,2,0.0
3235,1980,8,5,0.0
3236,1980,32,2,10.0
3237,1981,56,1,0.0
3238,1981,43,2,10.0
3239,1982,3,2,5.0
3240,1983,17,3,15.0
3241,1983,39,1,5.0
3242,1984,21,3,5.0
3243,1985,38,1,0.0
3244,1986,57,1,0.0
3245,1986,10,2,10.0
3246,1987,18,3,15.0
3247,1988,8,4,5.0
3248,1988,60,1,10.0
3249,1989,17,1,15.0
3250,1989,60,2,15.0
3251,1990,24,2,0.0
3252,1990,31,3,0.0
3253,1991,40,1,5.0
3254,1992,18,5,10.0
3255,1993,22,2,5.0
3256,1994,33,2,0.0
3257,1994,28,4,15.0
3258,1995,7,2,20.0
3259,1996,6,2,10.0
3260,1997,35,1,5.0
3261,1998,54,1,5.0
3262,1999,52,2,10.0
3263,2000,3,5,5.0
3264,2001,31,1,10.0
3265,2001,34,1,10.0
3266,2001,13,3,5.0
3267,2002,48,2,10.0
3268,2003,46,1,10.0
3269,2004,29,1,0.0
3270,2005,49,2,20.0
3271,2006,4,1,15.0
3272,2007,9,2,10.0
3273,2008,60,2,0.0
3274,2009,12,1,0.0
3275,2010,32,1,10.0
3276,2010,14,2,0.0
3277,2011,6,1,10.0
3278,2011,54,2,10.0
3279,2012,25,3,5.0
3280,2013,55,2,10.0
3281,2014,35,2,0.0
3282,2015,49,2,10.0
3283,2015,34,3,0.0
3284,2016,54,2,10.0
3285,2017,15,3,0.0
3286,2017,5,2,20.0
3287,2018,34,2,5.0
3288,2019,38,4,0.0
3289,2020,12,1,5.0
3290,2021,31,3,15.0
3291,2021,2,1,10.0
3292,2021,41,1,10.0
3293,2021,25,3,5.0
3294,2022,8,2,0.0
3295,2022,26,2,10.0
3296,2023,57,2,10.0
3297,2024,21,1,0.0
3298,2025,37,2,0.0
3299,2025,17,1,15.0
3300,2025,31,3,0.0
3301,2026,52,4,10.0
3302,2027,53,3,20.0
3303,2028,11,2,15.0
3304,2029,56,1,10.0
3305,2030,50,4,5.0
3306,2030,58,2,0.0
3307,2031,57,1,5.0
3308,2032,3,3,10.0
3309,2033,59,3,5.0
3310,2033,11,5,5.0
3311,2034,19,2,5.0
3312,2034,41,2,0.0
3313,2034,53,3,10.0
3314,2035,28,2,5.0
3315,2036,16,3,20.0
3316,2036,18,2,0.0
3317,2037,21,3,5.0
3318,2038,37,5,15.0
3319,2039,17,1,5.0
3320,2040,40,2,5.0
3321,2040,16,1,15.0
3322,2040,30,2,0.0
3323,2041,50,1,10.0
3324,2041,4,1,15.0
3325,2042,9,1,0.0
3326,2042,17,1,10.0
3327,2043,44,1,5.0
3328,2043,48,2,10.0
3329,2044,28,1,5.0
3330,2045,16,4,5.0
3331,2046,34,4,15.0
3332,2047,13,4,0.0
3333,2048,9,1,0.0
3334,2049,38,1,15.0
3335,2050,55,2,0.0
3336,2050,1,2,5.0
3337,2051,46,1,15.0
3338,2052,52,4,10.0
3339,2053,14,1,0.0
3340,2054,41,3,5.0
3341,2054,57,1,5.0
3342,2055,25,1,5.0
3343,2056,46,3,5.0
3344,2057,23,1,5.0
3345,2058,10,1,5.0
3346,2058,16,1,10.0
3347,2059,54,1,10.0
3348,2059,7,1,0.0
3349,2060,20,1,5.0
3350,2061,27,1,20.0
3351,2061,42,1,15.0
3352,2061,6,1,15.0
3353,2062,19,1,5.0
3354,2062,60,1,10.0
3355,2063,39,2,20.0
3356,2063,41,3,10.0
3357,2064,40,3,5.0
3358,2064,35,1,5.0
3359,2064,50,3,10.0
3360,2065,47,3,0.0
3361,2066,56,1,0.0
3362,2067,38,1,0.0
3363,2068,32,1,0.0
3364,2069,53,1,0.0
3365,2070,32,2,0.0
3366,2070,55,3,5.0
3367,2070,14,5,15.0
3368,2071,55,1,0.0
3369,2071,7,1,10.0
3370,2071,14,1,10.0
3371,2071,15,1,0.0
3372,2072,7,2,20.0
3373,2073,56,3,5.0
3374,2073,45,1,15.0
3375,2074,3,1,10.0
3376,2075,2,2,15.0
3377,2075,23,1,10.0
3378,2076,37,2,20.0
3379,2076,52,1,10.0
3380,2076,41,1,0.0
3381,2077,48,5,5.0
3382,2078,4,2,5.0
3383,2078,33,1,0.0
3384,2078,60,1,0.0
3385,2079,10,2,15.0
3386,2079,9,2,0.0
3387,2080,52,1,0.0
3388,2080,12,2,5.0
3389,2080,7,3,5.0
3390,2080,10,2,15.0
3391,2081,32,3,5.0
3392,2081,8,1,10.0
3393,2081,29,1,5.0
3394,2082,52,2,10.0
3395,2082,8,3,0.0
3396,2083,55,2,0.0
3397,2084,38,3,15.0
3398,2084,6,3,5.0
3399,2085,43,2,0.0
3400,2086,23,4,5.0
3401,2086,33,1,0.0
3402,2087,21,1,20.0
3403,2087,27,3,0.0
3404,2087,56,3,0.0
3405,2087,10,1,10.0
3406,2088,44,1,20.0
3407,2089,5,1,15.0
3408,2089,42,1,10.0
3409,2090,55,1,0.0
3410,2091,40,2,5.0
3411,2092,56,3,0.0
3412,2092,36,4,5.0
3413,2093,24,1,5.0
3414,2094,32,2,0.0
3415,2094,33,1,10.0
3416,2095,31,2,15.0
3417,2095,26,3,10.0
3418,2095,9,1,0.0
3419,2096,21,1,10.0
3420,2097,41,4,0.0
3421,2097,54,2,5.0
3422,2097,37,2,5.0
3423,2097,3,2,0.0
3424,2098,48,1,5.0
3425,2099,45,2,5.0
3426,2100,49,1,10.0
3427,2100,25,1,10.0
3428,2101,28,1,15.0
3429,2101,47,2,5.0
3430,2102,37,1,10.0
3431,2102,51,1,5.0
3432,2103,43,2,5.0
3433,2104,39,1,10.0
3434,2105,2,1,10.0
3435,2105,24,2,10.0
3436,2105,40,3,15.0
3437,2106,46,2,20.0
3438,2107,37,1,5.0
3439,2108,41,5,0.0
3440,2109,46,2,0.0
3441,2110,8,3,10.0
3442,2110,23,1,5.0
3443,2111,26,1,0.0
3444,2112,8,1,0.0
3445,2113,22,2,5.0
3446,2113,14,1,5.0
3447,2114,3,2,10.0
3448,2114,20,2,10.0
3449,2115,18,5,20.0
3450,2115,37,3,0.0
3451,2116,25,1,0.0
3452,2117,43,1,15.0
3453,2118,43,1,10.0
3454,2118,25,3,5.0
3455,2119,56,1,5.0
3456,2119,25,3,10.0
3457,2120,17,4,0.0
3458,2120,35,4,5.0
3459,2121,9,1,15.0
3460,2121,54,1,0.0
3461,2122,55,4,10.0
3462,2122,56,1,5.0
3463,2122,49,1,5.0
3464,2123,42,3,5.0
3465,2123,10,3,0.0
3466,2123,37,2,0.0
3467,2124,6,2,10.0
3468,2125,15,1,15.0
3469,2125,36,3,20.0
3470,2125,41,4,15.0
3471,2126,58,2,5.0
3472,2127,19,1,0.0
3473,2128,19,2,0.0
3474,2129,44,1,0.0
3475,2129,13,4,15.0
3476,2130,47,2,10.0
3477,2131,47,1,5.0
3478,2132,1,2,10.0
3479,2132,23,4,5.0
3480,2133,17,2,10.0
3481,2134,11,2,5.0
3482,2134,31,1,10.0
3483,2134,49,1,0.0
3484,2135,32,2,5.0
3485,2135,48,2,5.0
3486,2136,27,3,0.0
3487,2137,34,1,10.0
3488,2138,47,1,15.0
3489,2138,16,1,5.0
3490,2139,56,1,10.0
3491,2140,42,4,5.0
3492,2141,47,4,5.0
3493,2141,14,3,5.0
3494,2142,28,3,0.0
3495,2143,13,2,20.0
3496,2143,34,1,0.0
3497,2143,18,1,5.0
3498,2144,35,3,10.0
3499,2145,58,5,5.0
3500,2145,2,1,0.0
3501,2146,37,3,15.0
3502,2147,52,5,5.0
3503,2147,16,2,0.0
3504,2148,59,3,10.0
3505,2148,22,1,0.0
3506,2149,55,2,5.0
3507,2150,41,1,5.0
3508,2150,32,1,15.0
3509,2151,24,2,5.0
3510,2152,48,1,5.0
3511,2152,37,3,0.0
3512,2153,50,3,0.0
3513,2154,47,2,10.0
3514,2154,49,1,5.0
3515,2155,35,2,0.0
3516,2156,26,3,0.0
3517,2156,23,1,10.0
3518,2157,28,1,0.0
3519,2157,4,1,10.0
3520,2157,3,1,15.0
3521,2158,38,2,5.0
3522,2158,24,3,10.0
3523,2158,45,2,15.0
3524,2159,20,1,5.0
3525,2160,28,1,15.0
3526,2161,15,2,10.0
3527,2162,27,1,10.0
3528,2162,25,1,15.0
3529,2163,17,2,5.0
3530,2164,31,1,15.0
3531,2165,29,1,5.0
3532,2166,8,2,0.0
3533,2166,50,1,10.0
3534,2166,24,2,10.0
3535,2167,29,3,20.0
3536,2168,53,1,5.0
3537,2169,27,1,0.0
3538,2169,33,3,0.0
3539,2169,42,1,5.0
3540,2170,27,2,5.0
3541,2171,38,1,5.0
3542,2171,56,3,5.0
3543,2171,33,1,10.0
3544,2172,1,2,5.0
3545,2173,21,1,0.0
3546,2173,28,2,15.0
3547,2174,27,2,5.0
3548,2174,39,1,5.0
3549,2174,6,2,15.0
3550,2175,12,1,10.0
3551,2175,26,1,20.0
3552,2176,23,3,15.0
3553,2177,26,1,0.0
3554,2177,50,1,10.0
3555,2177,4,3,5.0
3556,2178,6,1,5.0
3557,2179,34,4,5.0
3558,2180,13,2,0.0
3559,2180,32,3,0.0
3560,2181,9,3,20.0
3561,2182,49,2,0.0
3562,2183,27,1,20.0
3563,2183,59,2,0.0
3564,2183,46,3,5.0
3565,2184,58,4,0.0
3566,2184,4,2,5.0
3567,2185,31,2,15.0
3568,2185,51,3,15.0
3569,2186,59,1,5.0
3570,2187,46,1,5.0
3571,2188,42,1,15.0
3572,2189,8,1,10.0
3573,2190,1,1,5.0
3574,2191,13,2,10.0
3575,2192,56,1,10.0
3576,2192,24,3,5.0
3577,2193,57,1,0.0
3578,2193,20,2,0.0
3579,2193,32,2,5.0
3580,2194,3,2,0.0
3581,2195,48,1,10.0
3582,2195,25,1,0.0
3583,2195,49,3,10.0
3584,2196,3,4,15.0
3585,2197,56,4,0.0
3586,2197,47,2,20.0
3587,2198,31,1,10.0
3588,2199,16,3,10.0
3589,2200,52,2,5.0
3590,2200,3,1,5.0
3591,2201,29,1,5.0
3592,2201,17,4,10.0
3593,2202,9,1,0.0
3594,2202,30,2,10.0
3595,2202,44,2,5.0
3596,2203,3,5,0.0
3597,2204,39,1,15.0
3598,2204,55,1,10.0
3599,2205,23,1,5.0
3600,2206,18,1,10.0
3601,2207,44,1,10.0
3602,2208,37,2,0.0
3603,2209,23,1,10.0
3604,2210,45,1,0.0
3605,2211,37,1,10.0
3606,2211,49,5,0.0
3607,2212,57,3,15.0
3608,2212,54,3,10.0
3609,2213,5,4,10.0
3610,2213,55,5,15.0
3611,2213,39,5,15.0
3612,2213,1,3,10.0
3613,2214,1,1,15.0
3614,2214,15,5,5.0
3615,2215,21,1,5.0
3616,2216,50,1,20.0
3617,2216,35,1,5.0
3618,2217,58,1,0.0
3619,2217,4,1,10.0
3620,2218,17,2,0.0
3621,2219,14,2,5.0
3622,2219,51,1,0.0
3623,2220,57,1,0.0
3624,2221,5,1,10.0
3625,2222,42,1,0.0
3626,2223,43,1,0.0
3627,2224,17,3,10.0
3628,2225,58,1,10.0
3629,2225,43,2,5.0
3630,2226,21,2,20.0
3631,2227,20,4,10.0
3632,2228,1,2,10.0
3633,2228,17,1,5.0
3634,2229,43,2,5.0
3635,2229,24,1,10.0
3636,2229,36,1,5.0
3637,2229,11,1,10.0
3638,2230,30,3,20.0
3639,2230,29,1,0.0
3640,2231,7,1,10.0
3641,2232,4,3,5.0
3642,2233,26,1,5.0
3643,2234,57,1,15.0
3644,2234,36,3,0.0
3645,2234,42,2,15.0
3646,2235,43,1,10.0
3647,2236,2,5,0.0
3648,2237,37,1,5.0
3649,2238,21,2,5.0
3650,2238,48,2,5.0
3651,2239,41,1,10.0
3652,2240,40,1,5.0
3653,2240,20,3,5.0
3654,2240,11,2,5.0
3655,2241,28,2,10.0
3656,2242,1,1,10.0
3657,2242,53,3,5.0
3658,2243,1,1,10.0
3659,2243,10,1,15.0
3660,2244,16,1,5.0
3661,2245,17,3,15.0
3662,2246,35,1,10.0
3663,2247,11,3,5.0
3664,2248,37,1,0.0
3665,2248,56,1,10.0
3666,2249,15,2,15.0
3667,2249,42,2,0.0
3668,2250,34,2,15.0
3669,2251,47,5,10.0
3670,2252,27,2,10.0
3671,2252,49,1,0.0
3672,2253,57,1,10.0
3673,2254,6,2,15.0
3674,2255,48,1,10.0
3675,2256,46,1,0.0
3676,2256,24,1,0.0
3677,2257,19,1,15.0
3678,2258,39,3,5.0
3679,2259,26,1,5.0
3680,2259,33,1,10.0
3681,2260,2,3,10.0
3682,2261,57,1,10.0
3683,2262,9,1,5.0
3684,2262,4,1,0.0
3685,2262,22,1,5.0
3686,2263,53,3,0.0
3687,2264,56,1,10.0
3688,2264,40,1,10.0
3689,2265,50,2,0.0
3690,2266,12,4,0.0
3691,2267,51,4,20.0
3692,2268,9,3,10.0
3693,2268,33,5,0.0
3694,2268,12,3,0.0
3695,2269,43,1,15.0
3696,2270,11,2,5.0
3697,2270,31,2,5.0
3698,2271,20,1,15.0
3699,2272,22,3,10.0
3700,2273,5,1,0.0
3701,2274,26,2,15.0
3702,2275,23,2,0.0
3703,2275,22,2,10.0
3704,2276,4,1,10.0
3705,2277,25,3,5.0
3706,2278,13,2,0.0
3707,2279,25,1,15.0
3708,2279,9,2,10.0
3709,2279,7,1,5.0
3710,2280,16,4,5.0
3711,2280,38,4,15.0
3712,2281,22,4,10.0
3713,2282,57,1,15.0
3714,2283,56,2,5.0
3715,2284,24,2,5.0
3716,2285,7,2,20.0
3717,2286,40,1,0.0
3718,2287,7,3,5.0
3719,2287,46,2,10.0
3720,2287,56,1,10.0
3721,2288,37,1,10.0
3722,2289,18,1,0.0
3723,2289,27,3,0.0
3724,2290,1,1,10.0
3725,2291,16,1,0.0
3726,2291,40,4,5.0
3727,2292,42,2,15.0
3728,2293,59,3,0.0
3729,2294,9,1,10.0
3730,2295,9,1,15.0
3731,2295,1,5,0.0
3732,2295,25,4,20.0
3733,2296,7,1,5.0
3734,2297,42,2,0.0
3735,2297,19,2,5.0
3736,2298,9,2,15.0
3737,2298,47,1,0.0
3738,2299,58,1,20.0
3739,2300,21,2,15.0
3740,2301,58,1,0.0
3741,2302,45,1,0.0
3742,2302,53,2,5.0
3743,2303,22,2,0.0
3744,2304,57,1,5.0
3745,2304,39,1,0.0
3746,2305,14,2,0.0
3747,2306,59,1,0.0
3748,2307,59,1,0.0
3749,2308,39,3,10.0
3750,2309,29,2,0.0
3751,2309,48,1,5.0
3752,2309,39,1,10.0
3753,2309,52,2,5.0
3754,2310,17,1,10.0
3755,2311,45,3,5.0
3756,2312,12,1,5.0
3757,2313,35,1,0.0
3758,2313,40,1,0.0
3759,2314,11,3,5.0
3760,2314,8,2,15.0
3761,2315,17,2,5.0
3762,2316,48,2,0.0
3763,2316,47,3,5.0
3764,2316,56,2,10.0
3765,2316,35,1,0.0
3766,2317,60,3,10.0
3767,2317,34,4,0.0
3768,2317,59,1,10.0
3769,2318,54,3,0.0
3770,2319,38,1,15.0
3771,2319,43,2,0.0
3772,2319,41,1,15.0
3773,2320,35,2,0.0
3774,2320,20,2,10.0
3775,2321,42,1,0.0
3776,2321,3,2,15.0
3777,2322,58,1,5.0
3778,2322,50,3,0.0
3779,2322,38,1,0.0
3780,2323,13,3,15.0
3781,2324,43,2,5.0
3782,2325,44,1,10.0
3783,2326,36,5,5.0
3784,2327,1,2,5.0
3785,2328,59,1,15.0
3786,2329,50,1,10.0
3787,2329,43,2,20.0
3788,2329,15,4,5.0
3789,2330,6,4,10.0
3790,2331,50,1,10.0
3791,2331,11,1,5.0
3792,2332,46,1,5.0
3793,2333,33,1,0.0
3794,2334,57,2,5.0
3795,2335,51,1,15.0
3796,2335,6,2,0.0
3797,2336,48,3,10.0
3798,2336,15,1,10.0
3799,2336,58,1,15.0
3800,2337,56,1,0.0
3801,2338,41,1,5.0
3802,2339,15,1,5.0
3803,2340,2,2,5.0
3804,2340,13,1,5.0
3805,2340,60,2,5.0
3806,2341,37,1,5.0
3807,2342,34,2,5.0
3808,2343,8,1,10.0
3809,2344,38,3,5.0
3810,2344,3,1,5.0
3811,2345,29,1,5.0
3812,2346,11,1,5.0
3813,2347,44,3,5.0
3814,2347,13,1,0.0
3815,2347,45,3,15.0
3816,2347,36,2,10.0
3817,2348,55,3,10.0
3818,2349,18,2,5.0
3819,2349,10,1,0.0
3820,2350,35,2,5.0
3821,2351,25,4,10.0
3822,2352,32,1,10.0
3823,2353,5,2,15.0
3824,2354,31,1,20.0
3825,2355,24,2,5.0
3826,2356,14,1,10.0
3827,2357,49,2,5.0
3828,2357,10,1,15.0
3829,2357,54,2,0.0
3830,2358,21,3,5.0
3831,2358,8,1,0.0
3832,2359,17,4,5.0
3833,2359,39,2,0.0
3834,2360,60,4,5.0
3835,2360,54,1,5.0
3836,2361,39,1,15.0
3837,2362,10,1,0.0
3838,2363,54,3,5.0
3839,2364,51,2,0.0
3840,2365,59,1,0.0
3841,2366,11,1,15.0
3842,2367,50,2,0.0
3843,2367,53,2,5.0
3844,2368,9,3,10.0
3845,2369,28,2,15.0
3846,2369,33,1,10.0
3847,2370,25,1,0.0
3848,2371,31,2,5.0
3849,2371,41,5,0.0
3850,2372,10,2,15.0
3851,2372,36,1,15.0
3852,2372,9,4,5.0
3853,2373,3,2,10.0
3854,2374,22,1,5.0
3855,2375,20,1,5.0
3856,2376,31,1,15.0
3857,2377,29,4,15.0
3858,2377,35,1,15.0
3859,2378,39,3,5.0
3860,2379,40,1,10.0
3861,2380,51,5,15.0
3862,2381,41,2,0.0
3863,2382,60,1,5.0
3864,2383,39,2,10.0
3865,2384,35,2,5.0
3866,2385,7,2,0.0
3867,2386,22,1,5.0
3868,2387,59,4,10.0
3869,2387,30,3,0.0
3870,2388,27,1,5.0
3871,2388,4,1,15.0
3872,2389,40,1,0.0
3873,2390,56,1,20.0
3874,2391,40,2,20.0
3875,2392,27,1,10.0
3876,2393,17,1,0.0
3877,2394,25,1,5.0
3878,2395,58,1,5.0
3879,2396,48,3,5.0
3880,2396,14,3,0.0
3881,2397,39,1,5.0
3882,2398,24,1,0.0
3883,2398,48,2,0.0
3884,2398,33,1,15.0
3885,2399,53,1,0.0
3886,2400,26,3,10.0
3887,2400,53,4,10.0
3888,2401,53,3,10.0
3889,2402,45,1,5.0
3890,2402,38,1,5.0
3891,2403,50,1,5.0
3892,2403,9,2,10.0
3893,2403,10,2,10.0
3894,2404,27,5,5.0
3895,2405,29,1,15.0
3896,2406,26,2,0.0
3897,2406,31,2,5.0
3898,2406,29,2,10.0
3899,2407,33,3,0.0
3900,2407,59,1,5.0
3901,2408,33,2,10.0
3902,2409,18,1,5.0
3903,2409,40,1,5.0
3904,2409,20,1,10.0
3905,2410,12,2,20.0
3906,2411,50,4,15.0
3907,2411,43,3,0.0
3908,2412,35,1,0.0
3909,2412,3,2,5.0
3910,2412,31,2,5.0
3911,2413,49,3,10.0
3912,2413,12,3,10.0
3913,2414,23,1,5.0
3914,2414,7,2,10.0
3915,2415,27,3,20.0
3916,2415,18,4,0.0
3917,2416,32,1,5.0
3918,2417,58,1,15.0
3919,2418,45,2,15.0
3920,2419,33,2,0.0
3921,2420,47,2,0.0
3922,2420,44,1,0.0
3923,2421,56,1,20.0
3924,2421,60,1,5.0
3925,2422,7,1,15.0
3926,2423,26,2,0.0
3927,2423,31,3,5.0
3928,2423,42,4,5.0
3929,2424,48,2,0.0
3930,2425,24,1,5.0
3931,2425,30,3,0.0
3932,2426,49,1,5.0
3933,2427,30,2,0.0
3934,2428,3,1,5.0
3935,2428,6,1,10.0
3936,2428,8,1,10.0
3937,2429,53,2,5.0
3938,2429,11,4,0.0
3939,2430,22,3,10.0
3940,2431,8,4,0.0
3941,2431,12,2,0.0
3942,2432,10,3,10.0
3943,2433,20,1,15.0
3944,2433,38,2,5.0
3945,2433,40,1,0.0
3946,2434,21,3,5.0
3947,2435,32,2,5.0
3948,2436,13,1,5.0
3949,2437,8,1,10.0
3950,2437,43,2,5.0
3951,2438,9,1,10.0
3952,2439,47,3,0.0
3953,2440,51,2,0.0
3954,2441,13,1,5.0
3955,2442,27,5,5.0
3956,2443,23,4,5.0
3957,2443,10,1,10.0
3958,2443,40,3,5.0
3959,2443,13,4,5.0
3960,2444,34,1,15.0
3961,2444,38,1,10.0
3962,2444,59,3,0.0
3963,2445,30,2,10.0
3964,2446,36,2,5.0
3965,2447,6,3,5.0
3966,2447,16,3,5.0
3967,2448,15,2,0.0
3968,2449,52,3,10.0
3969,2450,24,1,10.0
3970,2450,33,2,10.0
3971,2450,39,1,0.0
3972,2451,38,2,5.0
3973,2451,27,2,15.0
3974,2452,57,3,10.0
3975,2452,19,1,5.0
3976,2452,47,1,0.0
3977,2453,29,2,5.0
3978,2454,51,1,0.0
3979,2454,48,5,5.0
3980,2455,34,1,0.0
3981,2456,19,1,0.0
3982,2457,9,1,0.0
3983,2458,28,2,5.0
3984,2459,6,2,5.0
3985,2459,3,1,10.0
3986,2459,11,2,0.0
3987,2460,7,2,5.0
3988,2461,22,1,5.0
3989,2461,44,1,5.0
3990,2461,37,4,0.0
3991,2461,17,2,5.0
3992,2462,35,2,5.0
3993,2463,26,1,0.0
3994,2464,20,1,5.0
3995,2464,5,2,5.0
3996,2465,1,1,10.0
3997,2466,25,1,10.0
3998,2467,30,5,5.0
3999,2467,54,5,5.0
4000,2468,26,1,0.0
4001,2468,9,2,15.0
4002,2468,13,2,5.0
4003,2469,29,3,20.0
4004,2470,19,2,10.0
4005,2470,14,4,5.0
4006,2470,15,1,10.0
4007,2471,52,5,0.0
4008,2471,5,1,5.0
4009,2472,49,1,5.0
4010,2472,13,2,5.0
4011,2473,18,1,10.0
4012,2473,11,2,0.0
4013,2474,35,3,10.0
4014,2475,6,1,5.0
4015,2476,39,1,5.0
4016,2476,18,4,10.0
4017,2476,35,1,5.0
4018,2477,36,4,0.0
4019,2478,59,2,5.0
4020,2478,52,1,20.0
4021,2479,21,1,0.0
4022,2479,18,4,0.0
4023,2480,34,1,10.0
4024,2481,37,1,20.0
4025,2481,29,2,5.0
4026,2482,13,2,15.0
4027,2482,15,3,10.0
4028,2482,32,1,15.0
4029,2483,24,1,0.0
4030,2483,20,5,5.0
4031,2484,49,1,0.0
4032,2484,55,3,15.0
4033,2485,45,3,0.0
4034,2485,21,1,15.0
4035,2485,30,1,10.0
4036,2486,28,2,10.0
4037,2487,48,1,10.0
4038,2487,58,1,0.0
4039,2488,48,2,10.0
4040,2488,41,1,15.0
4041,2489,50,2,20.0
4042,2490,7,2,10.0
4043,2491,12,4,5.0
4044,2491,9,2,5.0
4045,2492,1,1,0.0
4046,2492,45,2,10.0
4047,2493,54,1,0.0
4048,2493,21,4,5.0
4049,2493,34,1,0.0
4050,2494,50,2,10.0
4051,2495,36,5,10.0
4052,2495,50,2,0.0
4053,2496,60,2,10.0
4054,2496,34,2,15.0
4055,2496,36,4,5.0
4056,2497,10,2,5.0
4057,2497,14,3,5.0
4058,2498,44,1,10.0
4059,2499,54,1,10.0
4060,2499,50,1,15.0
4061,2500,44,2,0.0
4062,2500,31,2,0.0
4063,2500,10,1,15.0
4064,2501,45,2,10.0
4065,2502,20,4,10.0
4066,2503,3,1,0.0
4067,2503,14,3,0.0
4068,2504,57,2,15.0
4069,2505,45,2,10.0
4070,2506,45,1,5.0
4071,2507,45,2,0.0
4072,2507,47,3,5.0
4073,2507,19,3,10.0
4074,2508,54,1,15.0
4075,2508,33,2,5.0
4076,2509,31,2,5.0
4077,2510,7,2,5.0
4078,2511,40,2,10.0
4079,2511,48,2,15.0
4080,2511,50,2,0.0
4081,2512,6,3,5.0
4082,2513,35,2,10.0
4083,2513,47,1,5.0
4084,2514,7,1,5.0
4085,2515,48,1,5.0
4086,2516,6,2,10.0
4087,2516,43,1,10.0
4088,2516,27,1,5.0
4089,2517,55,1,0.0
4090,2518,1,2,5.0
4091,2519,23,1,10.0
4092,2520,29,1,0.0
4093,2521,48,1,5.0
4094,2522,35,1,10.0
4095,2522,23,2,15.0
4096,2522,28,1,5.0
4097,2523,17,1,15.0
4098,2523,44,2,10.0
4099,2524,29,1,0.0
4100,2524,48,1,5.0
4101,2524,53,1,0.0
4102,2524,11,1,0.0
4103,2525,6,2,5.0
4104,2526,4,1,5.0
4105,2526,50,3,0.0
4106,2527,56,2,0.0
4107,2528,55,2,10.0
4108,2529,33,5,10.0
4109,2530,20,2,5.0
4110,2530,52,2,15.0
4111,2531,39,2,0.0
4112,2532,46,1,5.0
4113,2533,8,3,5.0
4114,2533,35,3,5.0
4115,2534,2,1,0.0
4116,2535,40,2,10.0
4117,2536,19,3,0.0
4118,2536,22,1,10.0
4119,2536,60,1,5.0
4120,2537,2,1,0.0
4121,2538,14,3,10.0
4122,2538,44,2,5.0
4123,2539,16,2,15.0
4124,2539,59,1,5.0
4125,2540,27,2,0.0
4126,2540,43,1,10.0
4127,2540,29,4,5.0
4128,2541,9,2,0.0
4129,2541,36,1,0.0
4130,2542,9,2,5.0
4131,2543,40,2,0.0
4132,2543,60,1,10.0
4133,2544,39,3,5.0
4134,2545,43,2,0.0
4135,2546,22,2,10.0
4136,2547,1,1,10.0
4137,2548,33,3,5.0
4138,2549,7,2,5.0
4139,2550,48,1,20.0
4140,2550,23,1,10.0
4141,2551,20,4,0.0
4142,2552,53,3,0.0
4143,2553,15,3,0.0
4144,2554,16,2,0.0
4145,2554,41,2,15.0
4146,2554,37,5,5.0
4147,2554,25,2,20.0
4148,2555,33,3,0.0
4149,2555,55,3,5.0
4150,2555,8,1,10.0
4151,2555,25,4,5.0
4152,2556,22,2,5.0
4153,2556,17,4,15.0
4154,2557,18,3,0.0
4155,2558,38,1,5.0
4156,2558,3,3,20.0
4157,2559,40,1,5.0
4158,2559,3,1,0.0
4159,2559,6,3,15.0
4160,2559,27,1,15.0
4161,2560,16,2,5.0
4162,2561,59,2,15.0
4163,2561,50,2,5.0
4164,2562,18,2,10.0
4165,2562,9,2,15.0
4166,2563,19,4,5.0
4167,2564,5,1,10.0
4168,2565,8,2,0.0
4169,2565,31,1,5.0
4170,2566,16,1,15.0
4171,2566,45,1,0.0
4172,2566,21,1,0.0
4173,2567,54,5,15.0
4174,2567,5,1,10.0
4175,2567,26,1,5.0
4176,2567,28,3,0.0
4177,2568,6,4,0.0
4178,2568,41,2,10.0
4179,2569,24,3,0.0
4180,2570,17,2,15.0
4181,2570,15,2,15.0
4182,2570,16,2,0.0
4183,2571,41,2,5.0
4184,2572,24,2,5.0
4185,2572,42,1,0.0
4186,2572,1,2,5.0
4187,2573,39,1,0.0
4188,2574,37,1,10.0
4189,2575,54,2,10.0
4190,2576,39,3,5.0
4191,2576,54,1,20.0
4192,2576,52,1,5.0
4193,2577,4,3,5.0
4194,2577,9,5,15.0
4195,2578,27,1,10.0
4196,2579,23,2,5.0
4197,2580,5,1,10.0
4198,2580,31,1,0.0
4199,2581,14,1,0.0
4200,2582,6,1,10.0
4201,2582,13,1,0.0
4202,2583,14,1,0.0
4203,2584,15,2,20.0
4204,2584,50,3,0.0
4205,2584,14,1,5.0
4206,2585,22,1,0.0
4207,2585,27,1,0.0
4208,2586,31,2,10.0
4209,2587,32,2,5.0
4210,2587,26,3,0.0
4211,2587,2,2,15.0
4212,2588,36,3,0.0
4213,2589,11,1,15.0
4214,2589,59,2,15.0
4215,2590,11,1,0.0
4216,2590,27,1,5.0
4217,2591,40,1,5.0
4218,2592,38,2,5.0
4219,2593,6,1,10.0
4220,2593,10,2,10.0
4221,2594,29,2,5.0
4222,2595,25,2,5.0
4223,2596,28,2,10.0
4224,2596,17,2,5.0
4225,2597,56,2,15.0
4226,2598,40,2,0.0
4227,2599,36,1,5.0
4228,2600,39,2,5.0
4229,2601,11,1,0.0
4230,2602,13,1,5.0
4231,2602,50,1,5.0
4232,2602,30,1,5.0
4233,2603,17,1,5.0
4234,2603,47,3,20.0
4235,2604,52,3,5.0
4236,2604,40,3,15.0
4237,2604,29,2,15.0
4238,2605,41,1,10.0
4239,2606,32,2,5.0
4240,2607,29,2,10.0
4241,2608,19,2,0.0
4242,2609,24,1,5.0
4243,2609,56,1,0.0
4244,2609,13,1,15.0
4245,2610,30,1,20.0
4246,2610,41,5,0.0
4247,2611,43,3,10.0
4248,2612,17,1,0.0
4249,2612,13,2,0.0
4250,2613,28,1,0.0
4251,2613,30,1,15.0
4252,2614,6,1,5.0
4253,2614,23,2,5.0
4254,2614,56,1,0.0
4255,2615,60,1,10.0
4256,2616,52,4,10.0
4257,2617,31,1,10.0
4258,2618,9,1,0.0
4259,2618,17,1,0.0
4260,2619,4,1,5.0
4261,2619,25,1,0.0
4262,2620,11,1,5.0
4263,2620,13,2,0.0
4264,2620,59,2,5.0
4265,2620,60,2,5.0
4266,2621,38,1,0.0
4267,2622,12,1,10.0
4268,2623,2,2,0.0
4269,2623,20,4,15.0
4270,2624,49,1,0.0
4271,2624,1,5,10.0
4272,2624,40,1,10.0
4273,2624,34,1,5.0
4274,2625,32,1,10.0
4275,2626,17,1,5.0
4276,2627,43,3,5.0
4277,2628,54,1,15.0
4278,2629,34,1,0.0
4279,2630,55,2,0.0
4280,2630,1,3,5.0
4281,2630,29,1,10.0
4282,2631,4,3,5.0
4283,2631,10,1,0.0
4284,2632,36,1,10.0
4285,2632,55,4,15.0
4286,2633,8,1,0.0
4287,2634,40,5,5.0
4288,2635,23,1,20.0
4289,2635,21,1,5.0
4290,2636,42,2,0.0
4291,2637,60,1,20.0
4292,2638,43,3,5.0
4293,2639,16,1,20.0
4294,2639,31,3,10.0
4295,2640,16,1,10.0
4296,2641,39,1,0.0
4297,2642,40,3,10.0
4298,2643,13,1,10.0
4299,2644,25,2,0.0
4300,2644,49,1,5.0
4301,2644,8,4,5.0
4302,2645,10,1,5.0
4303,2645,57,2,10.0
4304,2646,46,1,15.0
4305,2646,18,4,5.0
4306,2646,51,2,10.0
4307,2647,57,1,5.0
4308,2648,3,1,15.0
4309,2648,34,3,5.0
4310,2648,56,1,5.0
4311,2649,56,3,0.0
4312,2649,18,2,5.0
4313,2650,51,1,15.0
4314,2650,54,4,5.0
4315,2651,20,3,15.0
4316,2652,33,3,5.0
4317,2653,44,1,5.0
4318,2654,29,1,20.0
4319,2654,9,2,20.0
4320,2655,7,2,10.0
4321,2656,32,1,5.0
4322,2656,18,1,0.0
4323,2656,25,2,15.0
4324,2657,38,1,5.0
4325,2658,35,3,10.0
4326,2659,31,2,5.0
4327,2660,13,3,10.0
4328,2660,53,3,10.0
4329,2661,4,4,15.0
4330,2661,58,3,0.0
4331,2662,17,1,5.0
4332,2663,41,4,15.0
4333,2663,29,2,0.0
4334,2663,50,2,0.0
4335,2664,22,1,20.0
4336,2665,27,1,10.0
4337,2666,52,2,10.0
4338,2667,60,1,0.0
4339,2667,39,1,5.0
4340,2668,38,2,0.0
4341,2669,51,1,15.0
4342,2670,29,1,10.0
4343,2670,44,3,5.0
4344,2670,49,3,5.0
4345,2671,51,2,5.0
4346,2672,48,1,10.0
4347,2672,51,3,5.0
4348,2673,47,1,5.0
4349,2674,35,1,10.0
4350,2675,42,1,5.0
4351,2676,15,3,5.0
4352,2676,43,3,15.0
4353,2676,18,1,10.0
4354,2677,19,1,10.0
4355,2678,25,1,0.0
4356,2678,38,3,5.0
4357,2678,42,3,10.0
4358,2678,59,1,15.0
4359,2679,11,1,0.0
4360,2680,34,1,10.0
4361,2681,22,1,10.0
4362,2681,14,3,20.0
4363,2682,57,1,15.0
4364,2683,7,3,5.0
4365,2684,18,1,10.0
4366,2684,28,1,5.0
4367,2684,14,1,10.0
4368,2685,42,1,10.0
4369,2686,50,1,0.0
4370,2686,11,3,10.0
4371,2687,24,1,10.0
4372,2688,11,1,0.0
4373,2688,29,1,5.0
4374,2688,20,2,15.0
4375,2689,29,2,10.0
4376,2689,46,2,5.0
4377,2690,35,2,15.0
4378,2691,28,1,15.0
4379,2691,43,3,5.0
4380,2692,1,1,15.0
4381,2693,17,1,0.0
4382,2694,17,1,5.0
4383,2694,44,2,10.0
4384,2695,14,1,15.0
4385,2696,58,1,0.0
4386,2697,56,3,0.0
4387,2698,36,2,5.0
4388,2699,26,2,5.0
4389,2699,25,1,10.0
4390,2700,58,1,20.0
4391,2701,5,2,0.0
4392,2701,3,1,5.0
4393,2701,58,2,0.0
4394,2701,35,3,0.0
4395,2702,10,1,10.0
4396,2703,7,1,0.0
4397,2704,4,2,10.0
4398,2705,60,1,5.0
4399,2705,8,1,5.0
4400,2706,41,2,0.0
4401,2707,4,4,5.0
4402,2708,17,1,0.0
4403,2709,40,1,5.0
4404,2709,21,1,10.0
4405,2710,10,3,10.0
4406,2711,52,4,0.0
4407,2711,41,3,10.0
4408,2712,5,3,0.0
4409,2712,37,1,0.0
4410,2713,15,2,0.0
4411,2713,40,2,0.0
4412,2713,41,1,0.0
4413,2714,58,2,5.0
4414,2714,34,2,5.0
4415,2714,51,1,5.0
4416,2715,52,4,0.0
4417,2716,60,3,0.0
4418,2716,21,3,5.0
4419,2717,56,2,5.0
4420,2718,33,3,0.0
4421,2718,2,1,10.0
4422,2718,42,2,10.0
4423,2719,16,1,0.0
4424,2719,4,1,15.0
4425,2719,42,1,10.0
4426,2720,53,1,0.0
4427,2721,40,4,0.0
4428,2722,53,4,0.0
4429,2723,51,3,5.0
4430,2724,21,3,5.0
4431,2725,1,3,10.0
4432,2726,28,2,10.0
4433,2726,22,1,10.0
4434,2727,51,2,5.0
4435,2727,53,1,10.0
4436,2727,24,2,5.0
4437,2728,57,1,20.0
4438,2728,14,1,5.0
4439,2729,49,2,20.0
4440,2730,18,3,0.0
4441,2731,3,1,5.0
4442,2732,9,1,0.0
4443,2732,54,1,5.0
4444,2733,37,2,0.0
4445,2734,40,3,20.0
4446,2734,43,4,0.0
4447,2734,41,1,10.0
4448,2735,42,1,5.0
4449,2736,39,1,0.0
4450,2737,7,1,0.0
4451,2738,39,1,5.0
4452,2739,25,1,0.0
4453,2740,16,2,10.0
4454,2740,3,3,10.0
4455,2741,13,2,5.0
4456,2741,17,1,0.0
4457,2742,41,1,15.0
4458,2742,30,2,10.0
4459,2743,10,1,5.0
4460,2743,60,4,10.0
4461,2744,4,4,5.0
4462,2745,50,2,5.0
4463,2745,54,3,0.0
4464,2746,1,3,5.0
4465,2746,44,1,0.0
4466,2747,21,1,0.0
4467,2748,22,3,5.0
4468,2749,24,2,0.0
4469,2750,18,1,10.0
4470,2750,19,2,20.0
4471,2751,50,1,5.0
4472,2752,18,3,5.0
4473,2752,49,1,5.0
4474,2753,19,2,10.0
4475,2754,8,1,5.0
4476,2754,31,3,20.0
4477,2755,44,2,10.0
4478,2755,13,2,5.0
4479,2756,58,2,15.0
4480,2756,17,1,15.0
4481,2757,3,5,0.0
4482,2758,16,5,10.0
4483,2759,35,2,5.0
4484,2760,37,1,10.0
4485,2761,23,1,5.0
4486,2761,48,1,5.0
4487,2761,56,3,0.0
4488,2762,33,1,10.0
4489,2763,51,5,15.0
4490,2763,35,1,5.0
4491,2764,23,1,10.0
4492,2764,40,3,5.0
4493,2764,39,2,10.0
4494,2764,29,1,15.0
4495,2765,21,1,5.0
4496,2765,55,1,15.0
4497,2766,50,2,0.0
4498,2767,36,2,15.0
4499,2768,54,3,10.0
4500,2768,2,1,5.0
4501,2768,6,4,10.0
4502,2769,6,2,5.0
4503,2769,13,3,10.0
4504,2770,49,1,10.0
4505,2771,39,3,0.0
4506,2772,10,3,10.0
4507,2772,18,3,15.0
4508,2772,9,2,5.0
4509,2772,36,4,5.0
4510,2773,33,1,0.0
4511,2774,32,1,0.0
4512,2774,59,4,20.0
4513,2774,41,1,10.0
4514,2775,22,1,5.0
4515,2776,33,1,0.0
4516,2777,42,2,5.0
4517,2778,51,1,15.0
4518,2779,4,2,0.0
4519,2780,54,1,10.0
4520,2781,15,1,15.0
4521,2781,42,4,10.0
4522,2782,55,2,0.0
4523,2782,10,1,10.0
4524,2783,38,3,0.0
4525,2784,18,1,10.0
4526,2785,9,4,5.0
4527,2786,27,3,10.0
4528,2786,25,1,5.0
4529,2787,24,1,10.0
4530,2788,47,1,0.0
4531,2789,30,5,5.0
4532,2790,1,2,0.0
4533,2791,32,1,5.0
4534,2792,22,1,10.0
4535,2792,45,1,0.0
4536,2793,48,2,10.0
4537,2793,50,5,0.0
4538,2794,19,1,10.0
4539,2795,51,1,10.0
4540,2795,12,1,5.0
4541,2795,43,1,0.0
4542,2796,52,1,15.0
4543,2796,13,1,10.0
4544,2796,56,1,10.0
4545,2797,28,1,10.0
4546,2797,33,3,5.0
4547,2798,5,1,15.0
4548,2799,52,1,0.0
4549,2800,25,1,0.0
4550,2800,35,1,15.0
4551,2800,34,3,10.0
4552,2801,2,1,15.0
4553,2802,27,1,10.0
4554,2803,35,1,15.0
4555,2803,22,2,5.0
4556,2803,53,2,0.0
4557,2803,14,3,5.0
4558,2804,42,1,10.0
4559,2805,35,1,5.0
4560,2805,39,2,5.0
4561,2806,45,5,5.0
4562,2807,15,2,10.0
4563,2807,37,1,5.0
4564,2807,3,2,5.0
4565,2808,10,1,5.0
4566,2808,36,2,15.0
4567,2809,31,1,5.0
4568,2810,53,3,0.0
4569,2811,12,5,20.0
4570,2812,7,2,0.0
4571,2813,7,4,5.0
4572,2814,10,3,5.0
4573,2814,31,1,15.0
4574,2814,13,1,15.0
4575,2815,24,2,20.0
4576,2815,22,1,15.0
4577,2816,53,1,0.0
4578,2816,35,1,10.0
4579,2817,16,1,15.0
4580,2817,38,5,5.0
4581,2818,33,5,5.0
4582,2819,26,3,15.0
4583,2820,17,1,5.0
4584,2821,11,2,5.0
4585,2821,2,1,15.0
4586,2822,14,1,5.0
4587,2823,57,1,10.0
4588,2824,40,3,5.0
4589,2825,53,1,20.0
4590,2825,9,1,15.0
4591,2825,21,4,0.0
4592,2825,10,2,15.0
4593,2826,23,3,0.0
4594,2827,47,1,10.0
4595,2828,27,2,5.0
4596,2829,1,1,0.0
4597,2830,59,1,5.0
4598,2830,3,1,0.0
4599,2831,22,3,5.0
4600,2832,53,1,10.0
4601,2832,21,2,0.0
4602,2832,11,3,10.0
4603,2833,50,5,10.0
4604,2834,32,1,10.0
4605,2834,42,1,15.0
4606,2835,48,1,0.0
4607,2835,1,2,10.0
4608,2836,28,2,15.0
4609,2836,34,3,0.0
4610,2837,11,1,0.0
4611,2837,28,1,5.0
4612,2838,4,2,0.0
4613,2839,18,1,15.0
4614,2839,10,1,10.0
4615,2840,38,1,10.0
4616,2841,33,1,5.0
4617,2841,2,1,5.0
4618,2842,12,1,0.0
4619,2843,48,1,5.0
4620,2844,57,3,10.0
4621,2845,10,4,10.0
4622,2845,12,2,5.0
4623,2846,1,1,10.0
4624,2846,57,2,0.0
4625,2847,57,1,5.0
4626,2848,17,1,5.0
4627,2848,49,1,0.0
4628,2848,38,1,10.0
4629,2849,44,3,10.0
4630,2850,4,2,5.0
4631,2851,36,2,10.0
4632,2851,10,2,10.0
4633,2851,2,1,10.0
4634,2852,36,1,0.0
4635,2853,30,2,10.0
4636,2853,51,5,5.0
4637,2854,16,2,0.0
4638,2854,60,1,15.0
4639,2855,11,2,5.0
4640,2856,9,1,5.0
4641,2857,9,5,10.0
4642,2857,4,2,15.0
4643,2858,9,1,0.0
4644,2858,26,4,0.0
4645,2859,24,1,15.0
4646,2860,18,2,10.0
4647,2860,50,2,0.0
4648,2860,16,2,5.0
4649,2861,18,1,5.0
4650,2862,29,1,15.0
4651,2862,12,3,10.0
4652,2862,1,1,5.0
4653,2863,24,1,10.0
4654,2863,35,3,15.0
4655,2863,50,1,15.0
4656,2864,49,1,0.0
4657,2865,53,3,0.0
4658,2866,44,1,10.0
4659,2867,49,1,0.0
4660,2868,58,1,5.0
4661,2869,32,1,15.0
4662,2870,43,4,20.0
4663,2871,31,1,0.0
4664,2871,58,2,15.0
4665,2872,4,2,5.0
4666,2872,48,1,10.0
4667,2872,30,5,10.0
4668,2872,33,2,10.0
4669,2873,32,1,5.0
4670,2874,32,1,15.0
4671,2875,55,3,0.0
4672,2876,22,1,0.0
4673,2877,39,1,5.0
4674,2878,45,2,5.0
4675,2878,28,3,15.0
4676,2879,45,2,0.0
4677,2880,10,2,5.0
4678,2881,29,3,5.0
4679,2882,59,1,5.0
4680,2883,4,1,5.0
4681,2883,14,1,5.0
4682,2884,53,1,5.0
4683,2884,31,2,15.0
4684,2884,37,1,5.0
4685,2885,47,2,5.0
4686,2885,8,3,5.0
4687,2886,32,1,5.0
4688,2887,43,1,5.0
4689,2888,43,1,0.0
4690,2889,28,3,5.0
4691,2890,32,1,0.0
4692,2891,8,2,15.0
4693,2892,35,1,5.0
4694,2893,26,1,0.0
4695,2893,45,3,10.0
4696,2894,42,1,15.0
4697,2895,51,2,10.0
4698,2896,57,2,15.0
4699,2897,24,1,0.0
4700,2897,56,2,10.0
4701,2898,23,4,10.0
4702,2899,1,1,10.0
4703,2900,10,1,0.0
4704,2900,60,3,0.0
4705,2901,36,2,20.0
4706,2901,44,1,0.0
4707,2902,55,2,10.0
4708,2902,39,2,5.0
4709,2902,28,1,5.0
4710,2902,44,3,5.0
4711,2903,37,1,10.0
4712,2903,38,3,0.0
4713,2903,10,1,10.0
4714,2904,34,1,0.0
4715,2904,15,5,5.0
4716,2905,31,1,0.0
4717,2906,22,2,5.0
4718,2907,58,2,10.0
4719,2907,27,2,10.0
4720,2908,57,4,0.0
4721,2909,38,2,10.0
4722,2909,18,1,5.0
4723,2909,11,1,10.0
4724,2909,51,1,10.0
4725,2910,20,2,15.0
4726,2910,33,4,5.0
4727,2911,52,2,5.0
4728,2912,26,2,0.0
4729,2912,57,1,15.0
4730,2912,1,1,5.0
4731,2913,28,1,15.0
4732,2913,6,2,20.0
4733,2913,19,2,10.0
4734,2914,46,1,0.0
4735,2914,22,3,5.0
4736,2915,1,2,10.0
4737,2915,3,1,10.0
4738,2916,43,1,15.0
4739,2917,58,1,0.0
4740,2918,8,1,10.0
4741,2918,12,1,5.0
4742,2919,15,3,10.0
4743,2919,28,1,10.0
4744,2920,19,3,5.0
4745,2920,30,1,10.0
4746,2920,50,1,15.0
4747,2921,56,1,10.0
4748,2922,42,1,5.0
4749,2922,36,1,15.0
4750,2922,15,1,0.0
4751,2923,22,1,5.0
4752,2923,8,1,0.0
4753,2924,55,5,5.0
4754,2924,22,1,15.0
4755,2925,57,1,5.0
4756,2926,58,1,15.0
4757,2926,26,2,0.0
4758,2926,50,2,10.0
4759,2927,48,1,20.0
4760,2928,57,4,0.0
4761,2928,22,2,15.0
4762,2928,54,1,10.0
4763,2929,8,2,15.0
4764,2930,18,1,10.0
4765,2931,2,2,15.0
4766,2931,23,1,0.0
4767,2932,52,3,15.0
4768,2932,60,1,0.0
4769,2933,31,2,10.0
4770,2933,1,1,5.0
4771,2934,15,1,20.0
4772,2934,34,1,15.0
4773,2934,16,1,5.0
4774,2934,12,4,0.0
4775,2935,54,1,5.0
4776,2936,27,2,15.0
4777,2937,31,5,5.0
4778,2938,20,1,5.0
4779,2938,3,3,5.0
4780,2939,3,1,10.0
4781,2940,27,2,5.0
4782,2941,48,2,20.0
4783,2941,11,5,5.0
4784,2941,56,1,5.0
4785,2942,43,1,10.0
4786,2943,18,2,15.0
4787,2944,12,2,5.0
4788,2944,4,2,5.0
4789,2945,37,1,5.0
4790,2946,19,2,0.0
4791,2947,10,1,5.0
4792,2948,50,1,5.0
4793,2949,44,1,5.0
4794,2949,19,1,20.0
4795,2950,30,3,15.0
4796,2951,3,2,5.0
4797,2952,11,1,0.0
4798,2952,45,1,10.0
4799,2953,17,2,10.0
4800,2954,42,1,10.0
4801,2955,53,3,15.0
4802,2956,33,1,5.0
4803,2957,6,1,0.0
4804,2957,50,1,5.0
4805,2957,26,1,0.0
4806,2957,13,1,5.0
4807,2958,40,1,5.0
4808,2959,8,1,0.0
4809,2959,18,1,5.0
4810,2960,42,3,0.0
4811,2961,22,2,10.0
4812,2962,43,1,5.0
4813,2962,14,1,5.0
4814,2963,29,2,20.0
4815,2964,20,4,0.0
4816,2965,15,2,15.0
4817,2966,40,2,5.0
4818,2967,24,2,10.0
4819,2967,36,1,10.0
4820,2968,37,1,10.0
4821,2969,32,2,5.0
4822,2970,60,4,10.0
4823,2971,48,3,10.0
4824,2971,2,2,10.0
4825,2972,51,2,5.0
4826,2972,50,3,10.0
4827,2972,1,1,15.0
4828,2973,54,1,10.0
4829,2974,3,1,0.0
4830,2974,15,2,10.0
4831,2974,60,1,5.0
4832,2974,23,1,10.0
4833,2975,60,2,5.0
4834,2975,36,1,0.0
4835,2976,30,2,0.0
4836,2977,42,1,5.0
4837,2978,54,1,5.0
4838,2978,43,5,10.0
4839,2979,7,1,5.0
4840,2979,41,2,5.0
4841,2980,16,4,0.0
4842,2980,10,1,5.0
4843,2980,2,1,0.0
4844,2981,12,1,0.0
4845,2982,31,1,15.0
4846,2982,54,2,5.0
4847,2983,17,4,10.0
4848,2984,60,2,0.0
4849,2985,37,1,0.0
4850,2986,15,2,5.0
4851,2986,17,2,5.0
4852,2986,57,2,10.0
4853,2987,29,3,5.0
4854,2988,47,1,0.0
4855,2989,23,2,15.0
4856,2990,60,2,10.0
4857,2990,16,1,0.0
4858,2991,8,2,20.0
4859,2992,46,1,0.0
4860,2992,49,2,10.0
4861,2992,22,1,0.0
4862,2993,60,2,0.0
4863,2994,28,3,5.0
4864,2995,40,1,5.0
4865,2995,28,1,0.0
4866,2995,60,1,5.0
4867,2996,36,2,10.0
4868,2996,41,2,0.0
4869,2997,46,1,10.0
4870,2997,9,1,5.0
4871,2997,54,2,10.0
4872,2998,41,2,5.0
4873,2999,52,2,5.0
4874,2999,45,2,10.0
4875,2999,28,1,5.0
4876,3000,12,1,5.0
4877,3000,16,1,5.0
4878,3001,49,4,10.0
4879,3002,8,3,5.0
4880,3003,35,2,5.0
4881,3004,52,1,10.0
4882,3004,44,2,10.0
4883,3004,25,1,10.0
4884,3004,51,1,10.0
4885,3005,54,2,15.0
4886,3005,42,1,0.0
4887,3005,21,2,15.0
4888,3006,9,1,10.0
4889,3007,32,5,10.0
4890,3007,58,3,15.0
4891,3007,23,1,0.0
4892,3008,16,4,10.0
4893,3008,51,3,5.0
4894,3009,12,2,10.0
4895,3010,33,1,5.0
4896,3011,56,4,5.0
4897,3011,32,3,0.0
4898,3012,11,1,0.0
4899,3012,18,1,5.0
4900,3013,50,1,5.0
4901,3013,32,1,10.0
4902,3014,2,3,5.0
4903,3014,1,1,10.0
4904,3014,48,1,5.0
4905,3015,23,2,0.0
4906,3015,25,1,20.0
4907,3016,53,4,0.0
4908,3017,50,2,15.0
4909,3017,52,1,10.0
4910,3018,5,3,15.0
4911,3019,40,3,15.0
4912,3019,47,2,20.0
4913,3020,22,3,10.0
4914,3021,46,5,10.0
4915,3022,44,2,0.0
4916,3023,26,1,10.0
4917,3023,43,2,0.0
4918,3023,20,1,5.0
4919,3024,19,1,5.0
4920,3025,14,4,0.0
4921,3026,11,1,0.0
4922,3027,37,1,10.0
4923,3027,53,3,10.0
4924,3028,5,3,10.0
4925,3028,27,2,10.0
4926,3029,28,3,0.0
4927,3030,13,2,20.0
4928,3031,58,1,0.0
4929,3032,46,1,10.0
4930,3032,17,1,5.0
4931,3033,6,3,5.0
4932,3034,12,1,0.0
4933,3034,51,2,10.0
4934,3035,22,2,15.0
4935,3036,60,1,10.0
4936,3037,51,1,0.0
4937,3038,51,2,15.0
4938,3038,26,4,5.0
4939,3039,22,1,15.0
4940,3040,7,2,15.0
4941,3041,39,1,20.0
4942,3041,40,3,0.0
4943,3042,60,1,5.0
4944,3043,18,1,10.0
4945,3043,30,1,15.0
4946,3043,42,2,0.0
4947,3044,26,1,0.0
4948,3045,43,1,5.0
4949,3045,40,5,5.0
4950,3046,14,3,5.0
4951,3047,41,4,5.0
4952,3048,5,1,5.0
4953,3049,46,3,20.0
4954,3049,17,3,5.0
4955,3050,21,3,5.0
4956,3050,13,2,15.0
4957,3050,23,1,5.0
4958,3050,38,1,15.0
4959,3051,6,2,10.0
4960,3051,17,4,5.0
4961,3052,43,2,0.0
4962,3052,59,1,10.0
4963,3052,17,1,10.0
4964,3053,17,1,5.0
4965,3053,50,1,10.0
4966,3053,8,4,0.0
4967,3054,34,1,15.0
4968,3054,12,3,5.0
4969,3055,43,3,0.0
4970,3055,31,3,0.0
4971,3055,33,1,15.0
4972,3056,9,4,10.0
4973,3057,50,1,5.0
4974,3058,15,1,0.0
4975,3058,41,2,0.0
4976,3059,11,1,10.0
4977,3060,20,1,10.0
4978,3060,6,1,10.0
4979,3061,10,2,5.0
4980,3061,23,2,10.0
4981,3062,43,1,5.0
4982,3063,41,1,10.0
4983,3064,40,1,15.0
4984,3064,50,2,5.0
4985,3065,25,1,5.0
4986,3065,52,5,5.0
4987,3066,47,1,15.0
4988,3067,2,2,5.0
4989,3067,58,2,10.0
4990,3067,19,1,15.0
4991,3068,4,5,10.0
4992,3068,17,1,20.0
4993,3068,23,2,15.0
4994,3068,58,1,15.0
4995,3069,25,1,10.0
4996,3069,56,2,10.0
4997,3070,48,2,5.0
4998,3071,2,2,10.0
4999,3071,25,2,5.0
5000,3072,6,1,0.0
5001,3072,34,1,10.0
5002,3072,43,1,15.0
5003,3073,47,2,15.0
5004,3073,26,2,0.0
5005,3074,44,1,5.0
5006,3075,15,3,5.0
5007,3075,2,3,10.0
5008,3076,18,2,5.0
5009,3076,17,1,5.0
5010,3077,6,2,10.0
5011,3077,27,1,15.0
5012,3078,9,1,0.0
5013,3079,59,4,0.0
5014,3079,42,4,5.0
5015,3080,16,3,0.0
5016,3080,3,2,5.0
5017,3081,1,2,5.0
5018,3081,16,2,10.0
5019,3081,7,1,15.0
5020,3082,6,1,20.0
5021,3082,58,1,15.0
5022,3083,57,1,5.0
5023,3083,8,1,20.0
5024,3083,1,1,5.0
5025,3084,42,1,5.0
5026,3085,47,2,10.0
5027,3086,55,2,10.0
5028,3086,24,1,0.0
5029,3087,16,4,5.0
5030,3088,43,1,10.0
5031,3088,5,2,0.0
5032,3089,9,4,10.0
5033,3090,39,2,10.0
5034,3091,47,3,5.0
5035,3092,28,1,15.0
5036,3093,45,2,5.0
5037,3093,39,4,5.0
5038,3093,42,2,0.0
5039,3094,42,1,5.0
5040,3094,21,1,5.0
5041,3094,37,2,0.0
5042,3095,25,2,10.0
5043,3095,9,1,5.0
5044,3095,12,1,5.0
5045,3095,51,1,15.0
5046,3096,45,5,5.0
5047,3096,14,2,5.0
5048,3097,46,2,10.0
5049,3098,8,1,15.0
5050,3098,46,3,15.0
5051,3098,59,3,10.0
5052,3098,60,2,15.0
5053,3099,38,2,10.0
5054,3100,12,1,20.0
5055,3100,8,1,15.0
5056,3100,44,1,5.0
5057,3101,35,2,5.0
5058,3102,5,3,0.0
5059,3103,5,1,10.0
5060,3104,6,2,5.0
5061,3105,36,2,5.0
5062,3105,38,1,10.0
5063,3106,12,2,5.0
5064,3106,48,1,10.0
5065,3107,50,1,0.0
5066,3108,49,1,0.0
5067,3109,37,3,10.0
5068,3109,36,2,20.0
5069,3110,21,1,5.0
5070,3111,28,1,20.0
5071,3111,60,1,5.0
5072,3112,41,2,0.0
5073,3112,11,2,0.0
5074,3112,49,1,10.0
5075,3113,19,1,10.0
5076,3114,22,2,10.0
5077,3114,38,2,0.0
5078,3115,34,1,10.0
5079,3116,24,2,5.0
5080,3117,43,2,5.0
5081,3117,50,2,0.0
5082,3118,24,1,10.0
5083,3119,10,1,0.0
5084,3120,31,1,20.0
5085,3120,34,2,0.0
5086,3121,26,3,5.0
5087,3122,40,1,0.0
5088,3123,41,1,10.0
5089,3123,25,1,15.0
5090,3124,13,2,0.0
5091,3125,42,1,0.0
5092,3125,19,1,5.0
5093,3126,37,1,5.0
5094,3126,25,3,5.0
5095,3126,59,1,5.0
5096,3127,29,3,5.0
5097,3128,55,1,0.0
5098,3129,50,1,5.0
5099,3130,57,3,10.0
5100,3130,32,1,0.0
5101,3131,1,1,5.0
5102,3132,34,2,5.0
5103,3132,54,3,0.0
5104,3132,46,1,5.0
5105,3132,3,2,0.0
5106,3133,58,2,5.0
5107,3133,48,3,10.0
5108,3133,33,2,5.0
5109,3134,6,5,15.0
5110,3135,9,2,5.0
5111,3135,16,1,10.0
5112,3135,30,3,5.0
5113,3136,46,3,15.0
5114,3136,33,1,5.0
5115,3137,44,1,15.0
5116,3137,4,1,5.0
5117,3138,31,1,10.0
5118,3139,5,4,5.0
5119,3139,48,3,10.0
5120,3139,9,1,5.0
5121,3140,1,3,10.0
5122,3140,23,2,5.0
5123,3140,10,3,0.0
5124,3141,2,2,15.0
5125,3142,3,1,10.0
5126,3142,9,1,15.0
5127,3142,31,1,20.0
5128,3142,14,1,0.0
5129,3143,17,1,5.0
5130,3143,46,3,5.0
5131,3144,17,1,5.0
5132,3144,54,3,15.0
5133,3145,41,3,15.0
5134,3145,29,1,5.0
5135,3145,55,2,5.0
5136,3146,27,1,0.0
5137,3147,40,2,15.0
5138,3147,10,1,10.0
5139,3148,40,4,15.0
5140,3149,28,4,0.0
5141,3150,51,4,0.0
5142,3150,38,3,10.0
5143,3151,51,1,20.0
5144,3151,24,2,10.0
5145,3152,23,1,5.0
5146,3153,12,4,10.0
5147,3153,49,3,10.0
5148,3153,56,1,5.0
5149,3153,43,1,5.0
5150,3154,39,2,5.0
5151,3154,4,1,15.0
5152,3154,15,2,10.0
5153,3155,25,2,10.0
5154,3156,49,3,10.0
5155,3157,49,4,0.0
5156,3157,13,1,5.0
5157,3157,52,1,0.0
5158,3158,52,1,15.0
5159,3158,43,2,15.0
5160,3159,36,3,0.0
5161,3160,60,4,15.0
5162,3161,12,1,0.0
5163,3162,24,1,0.0
5164,3163,60,1,15.0
5165,3164,7,1,0.0
5166,3165,57,3,0.0
5167,3166,54,3,15.0
5168,3166,7,5,20.0
5169,3166,20,1,5.0
5170,3167,60,4,10.0
5171,3168,57,1,0.0
5172,3169,24,4,5.0
5173,3170,21,1,15.0
5174,3171,44,1,15.0
5175,3171,16,5,15.0
5176,3172,46,2,0.0
5177,3172,32,1,0.0
5178,3173,51,1,5.0
5179,3174,19,1,0.0
5180,3175,8,3,10.0
5181,3175,14,2,5.0
5182,3175,23,2,0.0
5183,3176,52,2,10.0
5184,3176,16,2,5.0
5185,3177,20,1,0.0
5186,3177,9,3,15.0
5187,3177,44,1,20.0
5188,3177,22,1,5.0
5189,3178,22,2,0.0
5190,3179,27,1,10.0
5191,3180,34,1,5.0
5192,3181,40,1,10.0
5193,3182,28,2,5.0
5194,3182,31,1,5.0
5195,3183,42,2,5.0
5196,3183,13,2,5.0
5197,3183,6,1,10.0
5198,3183,49,5,0.0
5199,3184,25,2,0.0
5200,3185,37,1,0.0
5201,3186,28,2,10.0
5202,3187,49,1,5.0
5203,3187,4,1,0.0
5204,3188,51,2,5.0
5205,3189,44,1,5.0
5206,3190,12,1,20.0
5207,3190,51,5,5.0
5208,3191,59,3,15.0
5209,3192,41,3,10.0
5210,3193,32,1,10.0
5211,3193,43,3,5.0
5212,3193,29,1,5.0
5213,3194,48,2,0.0
5214,3194,2,2,0.0
5215,3194,9,1,0.0
5216,3195,47,1,5.0
5217,3196,53,1,0.0
5218,3196,24,2,20.0
5219,3197,56,1,10.0
5220,3197,7,4,10.0
5221,3197,35,3,10.0
5222,3197,36,1,5.0
5223,3198,20,1,15.0
5224,3199,18,3,10.0
5225,3200,34,1,10.0
5226,3200,1,1,15.0
5227,3201,5,3,10.0
5228,3202,57,2,0.0
5229,3203,28,1,15.0
5230,3204,4,1,10.0
5231,3204,3,2,5.0
5232,3204,52,3,5.0
5233,3205,19,3,0.0
5234,3206,28,1,10.0
5235,3207,39,2,0.0
5236,3208,42,1,5.0
5237,3209,41,1,20.0
5238,3210,54,1,10.0
5239,3210,8,1,10.0
5240,3211,54,4,20.0
5241,3212,18,5,5.0
5242,3213,31,2,10.0
5243,3213,53,2,10.0
5244,3213,28,2,20.0
5245,3214,28,1,10.0
5246,3215,15,2,20.0
5247,3215,32,2,0.0
5248,3216,17,2,10.0
5249,3216,1,1,10.0
5250,3217,15,1,10.0
5251,3217,50,1,0.0
5252,3218,59,1,0.0
5253,3218,16,5,10.0
5254,3219,49,1,10.0
5255,3219,52,1,15.0
5256,3220,21,1,5.0
5257,3221,3,2,5.0
5258,3222,58,5,15.0
5259,3223,20,1,15.0
5260,3224,42,2,10.0
5261,3225,55,1,10.0
5262,3225,14,4,5.0
5263,3226,51,5,0.0
5264,3226,48,2,5.0
5265,3227,59,1,15.0
5266,3228,10,3,5.0
5267,3228,59,2,5.0
5268,3229,15,2,5.0
5269,3230,42,2,0.0
5270,3231,45,1,0.0
5271,3232,27,1,0.0
5272,3232,42,4,15.0
5273,3233,47,1,5.0
5274,3233,6,1,10.0
5275,3233,55,1,15.0
5276,3234,16,1,0.0
5277,3235,39,1,15.0
5278,3236,22,3,0.0
5279,3236,41,1,0.0
5280,3237,34,4,0.0
5281,3238,4,1,15.0
5282,3239,14,1,0.0
5283,3240,15,4,0.0
5284,3241,49,1,0.0
5285,3241,54,1,5.0
5286,3242,43,4,5.0
5287,3242,16,1,10.0
5288,3243,31,3,10.0
5289,3243,17,2,0.0
5290,3243,50,3,0.0
5291,3244,23,4,5.0
5292,3244,26,1,20.0
5293,3245,53,2,15.0
5294,3246,44,2,5.0
5295,3246,26,3,10.0
5296,3246,39,1,10.0
5297,3247,42,3,20.0
5298,3247,15,2,15.0
5299,3247,41,1,5.0
5300,3248,2,4,10.0
5301,3249,28,2,5.0
5302,3250,15,1,0.0
5303,3251,19,2,5.0
5304,3251,57,3,5.0
5305,3251,56,4,10.0
5306,3251,2,1,5.0
5307,3252,36,3,5.0
5308,3253,13,3,5.0
5309,3253,29,2,15.0
5310,3254,52,1,15.0
5311,3254,16,2,5.0
5312,3255,20,1,5.0
5313,3256,25,1,5.0
5314,3256,20,2,20.0
5315,3256,50,1,5.0
5316,3257,43,1,15.0
5317,3258,29,1,0.0
5318,3259,9,2,5.0
5319,3259,60,3,0.0
5320,3260,10,1,10.0
5321,3260,3,1,0.0
5322,3261,32,2,5.0
5323,3261,6,2,20.0
5324,3262,43,2,10.0
5325,3262,47,5,0.0
5326,3262,11,1,5.0
5327,3262,44,1,20.0
5328,3263,58,1,10.0
5329,3264,56,2,20.0
5330,3265,45,2,0.0
5331,3266,39,1,20.0
5332,3267,43,3,5.0
5333,3267,18,3,15.0
5334,3268,58,2,20.0
5335,3268,26,2,15.0
5336,3268,47,5,0.0
5337,3269,59,3,5.0
5338,3270,42,1,0.0
5339,3270,12,1,0.0
5340,3271,20,1,15.0
5341,3272,23,1,5.0
5342,3272,37,5,10.0
5343,3273,4,2,15.0
5344,3273,19,1,0.0
5345,3274,45,5,15.0
5346,3274,1,1,15.0
5347,3274,23,1,0.0
5348,3275,2,1,5.0
5349,3276,6,3,15.0
5350,3277,35,1,5.0
5351,3277,25,2,0.0
5352,3278,17,4,10.0
5353,3278,30,1,15.0
5354,3278,45,4,10.0
5355,3279,28,1,5.0
5356,3280,21,2,10.0
5357,3280,41,1,0.0
5358,3281,34,1,10.0
5359,3282,56,1,10.0
5360,3282,58,3,5.0
5361,3283,31,3,10.0
5362,3283,30,3,15.0
5363,3284,52,1,15.0
5364,3284,54,1,5.0
5365,3284,15,5,5.0
5366,3285,9,2,5.0
5367,3286,56,2,5.0
5368,3287,32,4,0.0
5369,3287,4,1,15.0
5370,3287,21,1,0.0
5371,3288,30,1,15.0
5372,3288,43,2,5.0
5373,3289,18,1,15.0
5374,3290,23,1,10.0
5375,3290,21,2,10.0
5376,3291,53,3,15.0
5377,3292,58,1,5.0
5378,3293,42,2,5.0
5379,3293,48,1,15.0
5380,3294,54,2,0.0
5381,3294,41,2,0.0
5382,3295,58,2,20.0
5383,3296,53,4,15.0
5384,3296,25,1,10.0
5385,3297,12,2,15.0
5386,3297,14,1,0.0
5387,3297,16,1,20.0
5388,3298,50,3,10.0
5389,3299,50,2,0.0
5390,3299,38,2,10.0
5391,3300,24,1,5.0
5392,3301,25,2,10.0
5393,3302,23,3,15.0
5394,3302,54,5,5.0
5395,3303,18,1,15.0
5396,3303,48,1,10.0
5397,3303,40,2,0.0
5398,3304,53,1,10.0
5399,3305,49,1,15.0
5400,3305,23,1,5.0
5401,3306,27,2,0.0
5402,3306,45,3,5.0
5403,3307,11,1,15.0
5404,3308,23,1,0.0
5405,3308,60,3,15.0
5406,3309,39,4,5.0
5407,3309,42,1,10.0
5408,3310,39,1,5.0
5409,3310,56,1,0.0
5410,3311,16,1,15.0
5411,3311,57,4,15.0
5412,3311,27,1,10.0
5413,3312,5,1,0.0
5414,3313,53,3,5.0
5415,3314,13,2,10.0
5416,3315,7,1,10.0
5417,3316,12,5,0.0
5418,3317,11,5,0.0
5419,3317,27,2,0.0
5420,3318,6,2,5.0
5421,3318,58,2,0.0
5422,3318,30,5,10.0
5423,3319,33,2,0.0
5424,3320,17,1,5.0
5425,3321,15,3,0.0
5426,3321,12,1,10.0
5427,3321,1,3,15.0
5428,3322,38,2,5.0
5429,3323,22,2,0.0
5430,3324,8,2,20.0
5431,3324,53,5,10.0
5432,3325,3,3,5.0
5433,3326,1,1,15.0
5434,3327,6,3,0.0
5435,3328,36,3,5.0
5436,3329,26,3,5.0
5437,3329,17,3,0.0
5438,3330,17,1,10.0
5439,3331,19,1,5.0
5440,3332,50,2,5.0
5441,3333,21,4,0.0
5442,3334,19,1,5.0
5443,3335,19,2,0.0
5444,3336,38,2,5.0
5445,3337,2,1,10.0
5446,3338,38,1,15.0
5447,3339,28,3,5.0
5448,3339,56,1,15.0
5449,3339,57,1,0.0
5450,3340,13,1,15.0
5451,3340,58,1,10.0
5452,3341,21,1,15.0
5453,3341,50,1,5.0
5454,3341,28,5,5.0
5455,3342,32,3,5.0
5456,3343,31,1,10.0
5457,3343,58,1,10.0
5458,3344,22,1,10.0
5459,3345,60,1,0.0
5460,3346,8,1,15.0
5461,3346,14,1,10.0
5462,3347,24,4,0.0
5463,3348,42,3,5.0
5464,3348,7,2,0.0
5465,3348,22,3,5.0
5466,3348,57,1,5.0
5467,3349,20,1,0.0
5468,3349,10,2,0.0
5469,3350,17,2,0.0
5470,3350,32,1,5.0
5471,3351,60,3,0.0
5472,3352,9,1,15.0
5473,3352,55,2,10.0
5474,3352,34,2,10.0
5475,3353,3,2,5.0
5476,3354,6,4,15.0
5477,3355,22,1,10.0
5478,3355,24,1,15.0
5479,3356,21,1,20.0
5480,3357,29,3,5.0
5481,3358,30,4,15.0
5482,3359,44,1,5.0
5483,3360,35,1,15.0
5484,3360,52,1,5.0
5485,3360,21,3,5.0
5486,3361,21,1,0.0
5487,3361,29,1,5.0
5488,3362,21,4,0.0
5489,3363,9,1,0.0
5490,3364,47,2,5.0
5491,3365,29,1,0.0
5492,3365,12,2,10.0
5493,3365,55,2,0.0
5494,3365,57,1,5.0
5495,3366,5,1,5.0
5496,3367,24,1,15.0
5497,3368,23,3,5.0
5498,3369,43,1,20.0
5499,3369,1,1,0.0
5500,3370,38,2,0.0
5501,3371,36,1,10.0
5502,3371,5,3,15.0
5503,3372,7,1,10.0
5504,3372,2,1,5.0
5505,3372,8,3,20.0
5506,3372,38,1,5.0
5507,3373,21,4,0.0
5508,3374,4,2,5.0
5509,3375,17,2,15.0
5510,3375,4,2,0.0
5511,3376,40,1,0.0
5512,3377,23,1,15.0
5513,3377,41,1,5.0
5514,3377,30,1,20.0
5515,3378,48,3,0.0
5516,3379,27,2,15.0
5517,3380,35,1,5.0
5518,3381,40,4,20.0
5519,3382,33,2,10.0
5520,3383,56,2,0.0
5521,3384,46,1,10.0
5522,3385,52,2,20.0
5523,3386,40,1,10.0
5524,3387,38,3,5.0
5525,3388,21,3,20.0
5526,3389,48,4,5.0
5527,3390,18,4,5.0
5528,3390,50,1,5.0
5529,3391,6,1,0.0
5530,3392,52,1,0.0
5531,3392,40,1,5.0
5532,3393,15,1,15.0
5533,3393,55,2,10.0
5534,3394,30,1,10.0
5535,3395,19,4,5.0
5536,3395,25,1,15.0
5537,3396,13,2,15.0
5538,3396,58,2,10.0
5539,3397,53,2,0.0
5540,3398,55,1,10.0
5541,3399,51,1,10.0
5542,3399,30,2,10.0
5543,3400,46,1,5.0
5544,3401,45,2,15.0
5545,3401,14,1,15.0
5546,3401,5,4,5.0
5547,3402,59,2,15.0
5548,3403,48,1,15.0
5549,3404,14,1,0.0
5550,3405,48,4,15.0
5551,3406,21,2,10.0
5552,3406,25,3,0.0
5553,3407,49,2,0.0
5554,3407,28,2,5.0
5555,3407,54,1,15.0
5556,3408,56,1,10.0
5557,3409,20,3,10.0
5558,3409,52,3,10.0
5559,3410,3,4,0.0
5560,3410,14,1,10.0
5561,3411,1,5,15.0
5562,3412,9,4,10.0
5563,3413,60,1,10.0
5564,3413,16,1,5.0
5565,3413,8,2,10.0
5566,3414,11,1,5.0
5567,3414,29,2,5.0
5568,3415,21,2,10.0
5569,3416,37,1,5.0
5570,3417,24,2,0.0
5571,3417,10,3,5.0
5572,3417,60,2,5.0
5573,3417,4,5,5.0
5574,3418,44,2,10.0
5575,3419,51,1,0.0
5576,3419,39,2,10.0
5577,3420,46,1,20.0
5578,3421,14,3,5.0
5579,3422,25,1,20.0
5580,3423,55,2,5.0
5581,3423,1,2,15.0
5582,3424,43,1,15.0
5583,3425,22,2,10.0
5584,3426,13,3,5.0
5585,3426,51,1,10.0
5586,3426,39,2,5.0
5587,3426,44,1,15.0
5588,3427,11,1,0.0
5589,3428,6,3,0.0
5590,3429,38,2,0.0
5591,3430,21,2,10.0
5592,3431,53,1,5.0
5593,3431,36,2,10.0
5594,3432,51,1,0.0
5595,3432,5,2,5.0
5596,3433,54,1,5.0
5597,3433,33,3,0.0
5598,3434,51,4,0.0
5599,3434,35,1,5.0
5600,3435,32,2,10.0
5601,3435,41,3,0.0
5602,3436,15,3,5.0
5603,3436,57,2,10.0
5604,3437,7,3,0.0
5605,3438,23,1,5.0
5606,3438,59,3,10.0
5607,3439,23,2,0.0
5608,3439,38,1,15.0
5609,3440,18,1,5.0
5610,3440,10,2,0.0
5611,3440,3,1,15.0
5612,3440,54,1,0.0
5613,3441,55,1,0.0
5614,3442,40,4,5.0
5615,3442,26,1,10.0
5616,3442,10,1,20.0
5617,3443,51,4,15.0
5618,3444,51,1,15.0
5619,3445,60,4,5.0
5620,3446,12,4,5.0
5621,3446,36,2,20.0
5622,3446,19,2,5.0
5623,3446,45,2,5.0
5624,3447,19,1,5.0
5625,3448,25,2,0.0
5626,3448,43,3,10.0
5627,3449,54,2,0.0
5628,3449,40,2,0.0
5629,3450,30,1,15.0
5630,3451,46,1,15.0
5631,3451,11,2,0.0
5632,3451,2,5,20.0
5633,3452,24,1,10.0
5634,3453,42,2,0.0
5635,3453,44,2,5.0
5636,3453,57,1,5.0
5637,3453,1,1,0.0
5638,3454,7,2,15.0
5639,3454,10,5,0.0
5640,3455,43,2,5.0
5641,3455,47,2,0.0
5642,3456,56,3,0.0
5643,3456,37,5,0.0
5644,3457,47,2,0.0
5645,3457,36,1,10.0
5646,3458,11,4,0.0
5647,3458,58,1,20.0
5648,3459,44,2,10.0
5649,3460,55,2,15.0
5650,3461,23,3,0.0
5651,3461,48,1,10.0
5652,3462,53,1,0.0
5653,3463,16,2,10.0
5654,3464,9,4,10.0
5655,3464,28,3,5.0
5656,3464,13,3,10.0
5657,3465,46,4,15.0
5658,3466,53,2,5.0
5659,3466,49,1,0.0
5660,3467,10,1,5.0
5661,3467,47,3,10.0
5662,3468,6,3,10.0
5663,3468,25,1,15.0
5664,3468,22,2,5.0
5665,3469,37,4,5.0
5666,3470,58,2,15.0
5667,3470,47,1,0.0
5668,3471,32,1,15.0
5669,3471,26,1,10.0
5670,3472,43,2,0.0
5671,3472,11,2,5.0
5672,3472,27,1,20.0
5673,3473,21,1,0.0
5674,3474,41,4,5.0
5675,3475,48,1,15.0
5676,3476,34,4,5.0
5677,3477,18,1,5.0
5678,3477,15,2,0.0
5679,3478,37,3,15.0
5680,3479,32,1,0.0
5681,3479,12,1,10.0
5682,3480,17,2,5.0
5683,3481,57,1,5.0
5684,3482,28,1,5.0
5685,3483,11,1,5.0
5686,3484,50,1,10.0
5687,3485,47,1,0.0
5688,3485,22,1,0.0
5689,3486,32,1,0.0
5690,3486,30,1,5.0
5691,3486,55,1,10.0
5692,3487,20,4,20.0
5693,3488,45,1,15.0
5694,3489,4,4,10.0
5695,3490,9,3,10.0
5696,3491,26,2,20.0
5697,3492,13,4,15.0
5698,3493,22,3,15.0
5699,3493,20,1,10.0
5700,3493,8,4,0.0
5701,3494,59,1,0.0
5702,3494,21,2,0.0
5703,3494,53,5,15.0
5704,3495,55,1,0.0
5705,3496,32,1,5.0
5706,3496,1,1,5.0
5707,3496,60,1,15.0
5708,3497,53,3,5.0
5709,3498,53,1,15.0
5710,3498,55,1,0.0
5711,3498,42,4,0.0
5712,3499,36,2,15.0
5713,3499,4,2,5.0
5714,3499,51,3,0.0
5715,3500,39,3,5.0
5716,3501,32,3,0.0
5717,3502,56,1,10.0
5718,3502,43,3,15.0
5719,3503,28,1,5.0
5720,3503,20,1,10.0
5721,3503,15,1,15.0
5722,3503,49,2,10.0
5723,3504,5,3,5.0
5724,3505,12,1,0.0
5725,3506,42,1,0.0
5726,3506,21,3,10.0
5727,3506,31,1,15.0
5728,3506,43,1,0.0
5729,3507,10,3,0.0
5730,3507,15,3,15.0
5731,3508,8,2,0.0
5732,3509,18,2,5.0
5733,3510,34,4,10.0
5734,3511,25,2,5.0
5735,3512,53,2,0.0
5736,3513,51,2,5.0
5737,3513,9,3,5.0
5738,3513,16,1,5.0
5739,3514,12,2,5.0
5740,3514,43,4,15.0
5741,3515,49,3,5.0
5742,3515,34,4,5.0
5743,3516,6,3,10.0
5744,3517,13,1,5.0
5745,3518,52,2,15.0
5746,3519,37,2,0.0
5747,3519,8,1,5.0
5748,3519,42,1,20.0
5749,3520,23,2,5.0
5750,3521,22,1,5.0
5751,3522,2,5,5.0
5752,3523,21,2,5.0
5753,3524,38,1,5.0
5754,3524,14,1,10.0
5755,3524,35,1,10.0
5756,3524,22,1,15.0
5757,3525,8,3,10.0
5758,3525,6,2,15.0
5759,3525,25,2,5.0
5760,3525,18,1,0.0
5761,3526,12,4,0.0
5762,3526,19,1,20.0
5763,3527,46,1,10.0
5764,3527,29,2,5.0
5765,3527,24,1,10.0
5766,3528,7,4,10.0
5767,3529,21,1,15.0
5768,3529,17,1,5.0
5769,3530,4,1,10.0
5770,3531,34,4,15.0
5771,3531,36,2,5.0
5772,3532,57,4,5.0
5773,3533,29,3,15.0
5774,3534,7,1,15.0
5775,3534,14,2,10.0
5776,3534,36,1,5.0
5777,3535,15,2,5.0
5778,3535,51,1,10.0
5779,3535,23,1,20.0
5780,3536,56,1,5.0
5781,3537,57,2,0.0
5782,3537,55,2,15.0
5783,3537,28,4,20.0
5784,3538,41,1,0.0
5785,3538,55,3,5.0
5786,3539,57,2,5.0
5787,3540,14,2,10.0
5788,3540,21,1,15.0
5789,3541,52,2,10.0
5790,3541,36,2,10.0
5791,3541,44,2,0.0
5792,3542,45,1,5.0
5793,3543,57,1,10.0
5794,3543,29,2,5.0
5795,3544,21,1,10.0
5796,3544,49,2,15.0
5797,3544,10,2,0.0
5798,3545,41,4,0.0
5799,3546,40,1,10.0
5800,3546,30,1,10.0
5801,3546,37,1,0.0
5802,3547,7,2,10.0
5803,3547,10,2,15.0
5804,3548,42,1,5.0
5805,3548,46,2,5.0
5806,3549,14,3,10.0
5807,3550,9,1,0.0
5808,3550,49,5,5.0
5809,3550,28,1,15.0
5810,3551,34,1,0.0
5811,3552,17,1,5.0
5812,3553,42,5,10.0
5813,3553,11,3,5.0
5814,3554,17,1,15.0
5815,3554,20,1,0.0
5816,3555,7,1,5.0
5817,3556,2,1,10.0
5818,3557,58,2,10.0
5819,3558,39,3,0.0
5820,3558,12,2,5.0
5821,3558,4,2,10.0
5822,3559,4,2,5.0
5823,3560,55,3,10.0
5824,3561,44,1,10.0
5825,3561,22,1,5.0
5826,3562,48,1,10.0
5827,3563,46,1,0.0
5828,3564,59,2,5.0
5829,3564,33,2,5.0
5830,3565,32,1,5.0
5831,3565,39,1,5.0
5832,3565,23,1,5.0
5833,3566,23,3,5.0
5834,3566,37,2,0.0
5835,3567,55,1,5.0
5836,3568,60,1,10.0
5837,3569,27,3,15.0
5838,3569,2,4,0.0
5839,3570,48,4,15.0
5840,3571,2,1,10.0
5841,3571,24,1,10.0
5842,3572,60,3,0.0
5843,3573,17,1,0.0
5844,3574,8,3,0.0
5845,3574,30,1,5.0
5846,3575,44,2,0.0
5847,3575,34,1,15.0
5848,3575,51,1,15.0
5849,3575,60,1,10.0
5850,3576,42,2,20.0
5851,3576,27,2,5.0
5852,3577,51,5,15.0
5853,3578,6,4,5.0
5854,3578,30,5,5.0
5855,3578,49,1,10.0
5856,3579,21,1,5.0
5857,3579,1,3,15.0
5858,3580,27,2,0.0
5859,3581,22,1,5.0
5860,3582,16,4,10.0
5861,3582,27,2,5.0
5862,3583,32,2,5.0
5863,3584,16,2,10.0
5864,3584,15,2,0.0
5865,3584,6,3,15.0
5866,3585,44,1,10.0
5867,3586,8,3,10.0
5868,3587,20,3,0.0
5869,3587,25,1,0.0
5870,3588,7,2,0.0
5871,3589,1,1,10.0
5872,3590,33,2,0.0
5873,3590,11,2,0.0
5874,3591,50,1,5.0
5875,3592,29,2,10.0
5876,3593,31,1,15.0
5877,3593,43,5,15.0
5878,3594,6,1,15.0
5879,3595,18,1,5.0
5880,3596,55,3,10.0
5881,3597,55,1,0.0
5882,3598,27,2,10.0
5883,3599,29,1,5.0
5884,3600,51,1,10.0
5885,3600,8,2,5.0
5886,3601,48,2,0.0
5887,3602,18,1,5.0
5888,3603,49,4,0.0
5889,3603,47,2,15.0
5890,3603,30,2,10.0
5891,3604,49,2,15.0
5892,3604,36,2,0.0
5893,3605,58,3,10.0
5894,3605,51,2,0.0
5895,3605,56,2,15.0
5896,3606,36,2,5.0
5897,3607,53,1,10.0
5898,3607,49,1,5.0
5899,3608,58,1,5.0
5900,3608,8,1,10.0
5901,3609,22,2,10.0
5902,3610,25,4,10.0
5903,3611,12,1,0.0
5904,3612,14,2,5.0
5905,3612,25,2,5.0
5906,3613,38,1,0.0
5907,3614,3,3,10.0
5908,3615,37,3,10.0
5909,3615,44,3,15.0
5910,3616,12,1,10.0
5911,3616,2,3,10.0
5912,3617,40,2,0.0
5913,3617,6,1,10.0
5914,3618,42,2,5.0
5915,3618,45,1,5.0
5916,3619,25,1,10.0
5917,3619,18,1,10.0
5918,3620,33,4,5.0
5919,3620,19,2,15.0
5920,3621,38,3,5.0
5921,3621,23,1,10.0
5922,3622,8,2,5.0
5923,3622,16,2,0.0
5924,3623,46,1,0.0
5925,3624,52,4,15.0
5926,3625,6,2,10.0
5927,3626,59,1,15.0
5928,3627,25,1,10.0
5929,3628,21,1,5.0
5930,3628,10,2,10.0
5931,3629,45,1,0.0
5932,3629,21,1,20.0
5933,3630,59,3,5.0
5934,3630,25,1,5.0
5935,3631,60,3,15.0
5936,3632,7,2,10.0
5937,3633,6,1,0.0
5938,3634,54,1,0.0
5939,3634,7,3,15.0
5940,3635,5,1,20.0
5941,3636,35,4,0.0
5942,3637,56,1,0.0
5943,3638,2,1,5.0
5944,3639,40,2,0.0
5945,3640,20,2,0.0
5946,3641,46,2,0.0
5947,3641,53,1,5.0
5948,3642,51,1,0.0
5949,3642,15,2,5.0
5950,3643,38,1,15.0
5951,3644,5,1,5.0
5952,3644,3,4,0.0
5953,3645,7,2,5.0
5954,3646,14,1,0.0
5955,3647,48,4,0.0
5956,3648,22,1,10.0
5957,3648,6,1,0.0
5958,3648,49,2,10.0
5959,3648,41,3,5.0
5960,3649,25,2,0.0
5961,3649,7,2,10.0
5962,3650,12,1,15.0
5963,3650,30,2,15.0
5964,3651,25,2,10.0
5965,3651,11,1,15.0
5966,3652,34,1,5.0
5967,3653,42,1,5.0
5968,3653,28,2,10.0
5969,3653,59,4,0.0
5970,3654,11,2,0.0
5971,3655,47,1,10.0
5972,3655,7,1,10.0
5973,3656,15,1,10.0
5974,3657,12,2,5.0
5975,3657,3,3,10.0
5976,3657,59,1,0.0
5977,3658,25,3,0.0
5978,3659,20,1,5.0
5979,3660,17,2,5.0
5980,3660,42,5,0.0
5981,3660,40,1,5.0
5982,3661,49,4,10.0
5983,3662,7,2,5.0
5984,3662,22,2,5.0
5985,3663,15,2,10.0
5986,3663,39,2,5.0
5987,3663,29,1,10.0
5988,3664,17,1,15.0
5989,3664,36,1,20.0
5990,3665,49,1,5.0
5991,3666,8,3,10.0
5992,3666,57,3,10.0
5993,3667,36,1,15.0
5994,3667,3,3,5.0
5995,3667,40,1,10.0
5996,3667,5,2,0.0
5997,3668,10,1,0.0
5998,3669,15,2,0.0
5999,3669,13,1,15.0
6000,3670,25,2,0.0
6001,3670,21,1,5.0
6002,3671,33,2,5.0
6003,3672,54,2,0.0
6004,3673,19,4,20.0
6005,3674,32,2,0.0
6006,3675,10,1,10.0
6007,3676,29,3,10.0
6008,3677,52,2,5.0
6009,3678,23,2,0.0
6010,3679,60,4,0.0
6011,3679,36,1,10.0
6012,3680,10,2,20.0
6013,3680,46,2,10.0
6014,3680,43,1,5.0
6015,3680,41,2,0.0
6016,3681,4,1,5.0
6017,3682,13,2,5.0
6018,3683,16,1,10.0
6019,3684,55,4,10.0
6020,3685,17,5,0.0
6021,3685,45,1,0.0
6022,3685,56,1,0.0
6023,3686,16,1,10.0
6024,3687,30,1,5.0
6025,3688,39,2,20.0
6026,3688,18,2,5.0
6027,3689,47,1,5.0
6028,3689,38,2,0.0
6029,3689,25,2,10.0
6030,3690,59,1,10.0
6031,3691,33,4,5.0
6032,3691,7,1,20.0
6033,3691,48,1,10.0
6034,3692,49,2,10.0
6035,3693,9,2,0.0
6036,3693,43,4,5.0
6037,3694,23,2,15.0
6038,3695,56,2,0.0
6039,3696,5,1,15.0
6040,3696,34,3,5.0
6041,3696,27,1,5.0
6042,3696,23,1,0.0
6043,3697,56,5,20.0
6044,3698,56,1,10.0
6045,3698,12,1,0.0
6046,3699,33,3,5.0
6047,3699,13,4,5.0
6048,3700,59,3,0.0
6049,3701,20,3,0.0
6050,3701,51,1,10.0
6051,3702,28,2,10.0
6052,3702,1,2,0.0
6053,3703,18,1,10.0
6054,3703,20,1,15.0
6055,3704,59,3,10.0
6056,3704,56,3,0.0
6057,3705,38,1,10.0
6058,3706,12,1,0.0
6059,3707,35,1,0.0
6060,3707,4,4,10.0
6061,3707,17,1,0.0
6062,3708,42,2,5.0
6063,3708,11,1,5.0
6064,3708,38,3,0.0
6065,3709,17,1,5.0
6066,3709,1,3,20.0
6067,3710,32,1,10.0
6068,3711,53,4,15.0
6069,3711,33,1,10.0
6070,3712,59,3,10.0
6071,3713,55,1,5.0
6072,3714,39,1,5.0
6073,3714,33,1,5.0
6074,3715,21,1,10.0
6075,3715,45,1,10.0
6076,3716,45,2,15.0
6077,3716,22,1,0.0
6078,3717,47,1,0.0
6079,3718,54,4,0.0
6080,3718,29,1,0.0
6081,3719,41,1,0.0
6082,3719,53,1,10.0
6083,3720,15,5,10.0
6084,3721,57,1,0.0
6085,3722,17,2,15.0
6086,3723,37,1,0.0
6087,3723,59,1,15.0
6088,3723,42,1,5.0
6089,3724,11,4,0.0
6090,3724,7,2,5.0
6091,3725,23,2,5.0
6092,3725,46,2,0.0
6093,3725,58,3,5.0
6094,3726,30,1,5.0
6095,3726,16,1,5.0
6096,3727,48,1,0.0
6097,3728,15,3,5.0
6098,3728,21,1,20.0
6099,3728,35,1,0.0
6100,3729,58,1,0.0
6101,3730,28,2,10.0
6102,3730,59,1,5.0
6103,3731,31,1,5.0
6104,3732,21,5,10.0
6105,3732,22,3,0.0
6106,3733,47,1,20.0
6107,3734,1,1,0.0
6108,3735,5,4,15.0
6109,3735,8,1,10.0
6110,3736,23,2,0.0
6111,3736,19,1,5.0
6112,3736,60,1,10.0
6113,3737,22,2,15.0
6114,3738,54,1,10.0
6115,3738,29,1,10.0
6116,3738,3,1,15.0
6117,3739,34,2,5.0
6118,3740,12,3,5.0
6119,3741,10,3,20.0
6120,3741,31,1,5.0
6121,3741,58,1,5.0
6122,3742,52,1,10.0
6123,3742,56,1,10.0
6124,3743,21,3,15.0
6125,3744,30,2,0.0
6126,3744,54,3,5.0
6127,3744,35,1,10.0
6128,3745,34,3,0.0
6129,3746,23,3,15.0
6130,3747,57,3,15.0
6131,3748,47,3,15.0
6132,3749,6,1,0.0
6133,3749,8,2,5.0
6134,3750,60,1,15.0
6135,3750,4,2,5.0
6136,3751,46,2,10.0
6137,3751,44,3,15.0
6138,3751,47,2,15.0
6139,3752,55,1,20.0
6140,3753,50,2,5.0
6141,3754,33,1,5.0
6142,3754,19,2,10.0
6143,3755,58,1,5.0
6144,3755,60,1,10.0
6145,3755,14,1,15.0
6146,3756,35,1,10.0
6147,3757,44,1,0.0
6148,3757,22,1,15.0
6149,3758,46,3,15.0
6150,3759,36,2,10.0
6151,3760,6,1,0.0
6152,3761,41,2,5.0
6153,3762,8,2,20.0
6154,3763,13,2,20.0
6155,3764,41,4,0.0
6156,3764,53,1,5.0
6157,3764,22,2,5.0
6158,3765,45,4,0.0
6159,3765,44,1,5.0
6160,3765,46,1,5.0
6161,3766,12,2,10.0
6162,3767,46,2,5.0
6163,3768,9,3,5.0
6164,3769,9,1,5.0
6165,3769,4,1,10.0
6166,3770,11,4,10.0
6167,3771,45,3,0.0
6168,3772,12,5,10.0
6169,3772,36,1,0.0
6170,3773,4,2,10.0
6171,3774,27,1,5.0
6172,3775,44,4,0.0
6173,3775,24,3,10.0
6174,3776,51,2,10.0
6175,3776,4,2,20.0
6176,3776,52,2,10.0
6177,3777,39,2,5.0
6178,3777,56,2,5.0
6179,3778,15,1,0.0
6180,3778,19,1,15.0
6181,3779,58,1,10.0
6182,3779,33,2,5.0
6183,3780,30,2,10.0
6184,3780,33,2,10.0
6185,3781,17,1,0.0
6186,3782,15,2,5.0
6187,3783,21,3,5.0
6188,3783,4,1,5.0
6189,3783,24,1,5.0
6190,3784,45,1,15.0
6191,3785,52,2,0.0
6192,3785,43,2,0.0
6193,3785,20,2,20.0
6194,3786,5,3,20.0
6195,3786,22,2,15.0
6196,3787,50,1,5.0
6197,3787,28,1,5.0
6198,3787,18,3,5.0
6199,3788,20,1,5.0
6200,3789,27,1,10.0
6201,3789,23,4,5.0
6202,3790,37,2,5.0
6203,3791,33,2,15.0
6204,3791,47,3,5.0
6205,3791,4,1,20.0
6206,3792,32,3,0.0
6207,3792,16,1,15.0
6208,3793,29,1,5.0
6209,3794,4,3,0.0
6210,3794,27,1,0.0
6211,3795,1,1,0.0
6212,3795,31,2,15.0
6213,3796,13,3,0.0
6214,3796,23,1,15.0
6215,3797,26,2,5.0
6216,3798,8,2,15.0
6217,3799,52,4,5.0
6218,3799,33,4,20.0
6219,3799,16,1,5.0
6220,3800,46,2,5.0
6221,3800,45,2,10.0
6222,3800,26,2,5.0
6223,3801,58,1,15.0
6224,3802,13,1,0.0
6225,3802,24,1,0.0
6226,3803,46,2,0.0
6227,3803,1,1,15.0
6228,3804,46,2,15.0
6229,3805,1,4,0.0
6230,3805,16,1,0.0
6231,3806,51,2,5.0
6232,3806,32,2,5.0
6233,3807,28,1,0.0
6234,3808,37,1,10.0
6235,3808,60,1,10.0
6236,3809,41,1,20.0
6237,3809,22,3,15.0
6238,3810,27,3,0.0
6239,3810,12,1,5.0
6240,3811,47,3,20.0
6241,3812,47,1,10.0
6242,3812,44,2,15.0
6243,3812,26,4,0.0
6244,3813,9,1,10.0
6245,3814,28,4,0.0
6246,3814,10,4,20.0
6247,3815,22,4,15.0
6248,3816,43,1,5.0
6249,3817,43,1,15.0
6250,3818,6,1,0.0
6251,3819,34,3,5.0
6252,3820,2,3,10.0
6253,3821,13,3,5.0
6254,3821,59,1,10.0
6255,3822,5,1,15.0
6256,3822,58,1,5.0
6257,3823,33,1,5.0
6258,3823,47,2,10.0
6259,3823,59,1,0.0
6260,3824,36,4,5.0
6261,3824,46,3,15.0
6262,3824,23,1,5.0
6263,3824,15,2,5.0
6264,3825,18,1,0.0
6265,3826,31,2,0.0
6266,3827,19,2,10.0
6267,3828,33,3,5.0
6268,3828,13,1,5.0
6269,3828,49,1,0.0
6270,3829,3,1,5.0
6271,3830,31,3,5.0
6272,3830,20,2,0.0
6273,3831,36,2,5.0
6274,3832,44,1,15.0
6275,3832,38,2,5.0
6276,3832,36,1,5.0
6277,3833,57,4,20.0
6278,3833,18,5,10.0
6279,3834,49,4,5.0
6280,3834,26,4,15.0
6281,3834,47,2,10.0
6282,3835,32,1,0.0
6283,3836,44,4,5.0
6284,3837,4,1,0.0
6285,3838,27,1,15.0
6286,3838,24,1,10.0
6287,3839,26,1,10.0
6288,3839,6,1,10.0
6289,3840,49,1,0.0
6290,3840,27,1,0.0
6291,3840,38,4,20.0
6292,3841,11,1,15.0
6293,3841,21,2,0.0
6294,3841,22,3,0.0
6295,3842,18,1,5.0
6296,3843,55,1,0.0
6297,3844,37,1,0.0
6298,3845,22,3,0.0
6299,3845,18,4,0.0
6300,3846,49,5,10.0
6301,3847,37,1,10.0
6302,3847,15,5,10.0
6303,3848,16,2,0.0
6304,3849,53,3,0.0
6305,3849,9,2,5.0
6306,3849,20,1,5.0
6307,3850,44,1,10.0
6308,3850,49,2,10.0
6309,3851,25,1,10.0
6310,3852,43,2,0.0
6311,3853,2,2,5.0
6312,3853,9,1,15.0
6313,3854,12,2,0.0
6314,3854,25,4,10.0
6315,3855,53,1,10.0
6316,3856,12,2,5.0
6317,3857,43,1,0.0
6318,3858,12,1,5.0
6319,3859,38,1,10.0
6320,3859,47,1,0.0
6321,3860,46,1,10.0
6322,3860,25,2,10.0
6323,3860,34,5,10.0
6324,3860,29,1,15.0
6325,3861,58,5,10.0
6326,3861,40,1,0.0
6327,3862,9,2,10.0
6328,3862,29,3,0.0
6329,3863,48,1,10.0
6330,3863,46,1,10.0
6331,3863,28,2,15.0
6332,3864,55,1,5.0
6333,3864,39,1,5.0
6334,3865,54,1,10.0
6335,3866,53,4,10.0
6336,3866,43,3,10.0
6337,3867,25,3,5.0
6338,3868,14,1,15.0
6339,3868,10,4,20.0
6340,3868,13,3,0.0
6341,3869,44,1,5.0
6342,3870,34,2,0.0
6343,3871,4,3,0.0
6344,3872,4,1,10.0
6345,3872,9,4,10.0
6346,3872,2,3,0.0
6347,3873,50,1,10.0
6348,3874,56,3,10.0
6349,3874,31,1,0.0
6350,3875,53,1,10.0
6351,3876,8,4,5.0
6352,3877,53,2,20.0
6353,3878,44,1,5.0
6354,3879,34,1,10.0
6355,3879,4,2,15.0
6356,3880,36,1,10.0
6357,3881,2,1,5.0
6358,3882,58,2,10.0
6359,3883,20,3,10.0
6360,3883,1,2,0.0
6361,3884,42,1,15.0
6362,3885,42,1,0.0
6363,3885,29,2,5.0
6364,3885,6,2,0.0
6365,3886,11,4,0.0
6366,3887,4,1,5.0
6367,3888,43,3,10.0
6368,3889,35,3,5.0
6369,3889,45,4,5.0
6370,3890,19,1,5.0
6371,3891,40,5,10.0
6372,3891,19,1,5.0
6373,3892,1,2,10.0
6374,3893,9,1,10.0
6375,3893,38,1,15.0
6376,3894,20,3,10.0
6377,3895,60,1,5.0
6378,3895,36,3,0.0
6379,3895,39,1,15.0
6380,3896,7,1,15.0
6381,3896,50,1,15.0
6382,3897,35,3,10.0
6383,3898,18,4,0.0
6384,3898,29,1,10.0
6385,3898,20,1,0.0
6386,3898,60,1,10.0
6387,3899,31,1,5.0
6388,3899,6,3,10.0
6389,3899,48,1,10.0
6390,3900,26,1,0.0
6391,3901,1,1,15.0
6392,3902,10,4,5.0
6393,3903,51,2,10.0
6394,3904,26,1,0.0
6395,3905,38,3,15.0
6396,3906,23,1,15.0
6397,3907,25,2,5.0
6398,3908,48,3,5.0
6399,3908,54,1,15.0
6400,3909,29,1,5.0
6401,3909,35,2,10.0
6402,3910,31,1,0.0
6403,3910,5,2,15.0
6404,3910,3,1,10.0
6405,3911,13,1,0.0
6406,3912,6,2,15.0
6407,3913,14,1,5.0
6408,3913,6,3,15.0
6409,3914,1,1,0.0
6410,3915,13,1,5.0
6411,3915,8,3,10.0
6412,3915,29,2,0.0
6413,3916,10,3,5.0
6414,3916,49,3,5.0
6415,3916,27,1,10.0
6416,3916,18,2,15.0
6417,3917,29,3,20.0
6418,3917,37,1,0.0
6419,3918,8,1,10.0
6420,3919,8,2,0.0
6421,3920,58,2,15.0
6422,3920,3,2,5.0
6423,3921,21,2,5.0
6424,3922,7,1,5.0
6425,3922,53,2,0.0
6426,3923,54,2,15.0
6427,3924,43,1,0.0
6428,3925,50,1,5.0
6429,3925,25,2,0.0
6430,3926,26,1,5.0
6431,3926,37,1,15.0
6432,3927,10,1,5.0
6433,3927,44,2,5.0
6434,3928,22,1,15.0
6435,3929,40,1,20.0
6436,3929,35,1,5.0
6437,3930,57,1,5.0
6438,3930,27,2,5.0
6439,3931,11,3,0.0
6440,3932,25,2,10.0
6441,3932,48,2,0.0
6442,3933,18,2,0.0
6443,3933,6,2,15.0
6444,3934,4,2,15.0
6445,3935,33,3,5.0
6446,3936,43,1,20.0
6447,3937,9,1,15.0
6448,3937,1,2,5.0
6449,3938,30,2,10.0
6450,3939,29,1,5.0
6451,3939,4,3,10.0
6452,3940,58,1,5.0
6453,3941,23,1,0.0
6454,3942,47,2,5.0
6455,3942,27,2,10.0
6456,3943,12,1,0.0
6457,3944,10,1,0.0
6458,3945,60,3,10.0
6459,3946,8,2,5.0
6460,3946,19,2,10.0
6461,3947,44,4,5.0
6462,3948,53,1,10.0
6463,3949,40,3,10.0
6464,3949,16,1,5.0
6465,3949,15,3,5.0
6466,3950,27,3,15.0
6467,3951,7,1,10.0
6468,3951,51,1,5.0
6469,3951,28,1,0.0
6470,3951,55,1,0.0
6471,3952,57,2,5.0
6472,3953,27,2,10.0
6473,3953,44,3,0.0
6474,3954,19,1,0.0
6475,3955,35,1,10.0
6476,3955,24,2,10.0
6477,3955,49,2,5.0
6478,3955,56,4,15.0
6479,3956,16,1,5.0
6480,3957,15,3,10.0
6481,3957,60,3,10.0
6482,3957,12,2,0.0
6483,3958,28,2,5.0
6484,3958,7,1,0.0
6485,3959,46,2,5.0
6486,3960,39,4,5.0
6487,3960,16,2,15.0
6488,3960,23,1,15.0
6489,3961,33,1,5.0
6490,3961,32,2,5.0
6491,3961,9,1,5.0
6492,3962,32,1,5.0
6493,3963,19,2,0.0
6494,3963,14,3,15.0
6495,3963,2,1,5.0
6496,3963,3,1,0.0
6497,3964,40,2,5.0
6498,3965,31,1,10.0
6499,3965,12,2,10.0
6500,3966,5,4,0.0
6501,3966,10,1,10.0
6502,3967,7,2,5.0
6503,3968,52,1,15.0
6504,3968,58,1,5.0
6505,3968,26,2,10.0
6506,3969,19,1,15.0
6507,3970,14,2,20.0
6508,3970,40,2,0.0
6509,3971,23,2,5.0
6510,3971,47,1,15.0
6511,3972,15,1,10.0
6512,3972,2,1,5.0
6513,3973,26,4,15.0
6514,3973,18,3,5.0
6515,3973,34,2,10.0
6516,3974,29,1,10.0
6517,3974,2,2,0.0
6518,3974,5,4,5.0
6519,3974,57,1,5.0
6520,3975,22,1,0.0
6521,3975,29,1,10.0
6522,3976,29,1,10.0
6523,3977,53,2,10.0
6524,3978,18,2,10.0
6525,3979,3,1,15.0
6526,3979,11,2,5.0
6527,3979,46,2,0.0
6528,3979,16,2,10.0
6529,3980,35,2,0.0
6530,3981,54,1,15.0
6531,3982,17,3,10.0
6532,3983,4,1,5.0
6533,3984,12,2,20.0
6534,3985,6,2,15.0
6535,3986,23,1,0.0
6536,3986,29,1,5.0
6537,3987,48,2,10.0
6538,3987,31,2,15.0
6539,3987,6,1,0.0
6540,3987,29,2,10.0
6541,3988,37,5,0.0
6542,3988,40,3,5.0
6543,3989,47,3,5.0
6544,3990,15,3,20.0
6545,3990,18,1,0.0
6546,3991,50,1,0.0
6547,3992,8,1,0.0
6548,3992,23,1,0.0
6549,3992,20,4,10.0
6550,3993,24,1,5.0
6551,3994,50,1,10.0
6552,3994,22,1,15.0
6553,3994,46,1,20.0
6554,3995,29,1,0.0
6555,3996,32,1,15.0
6556,3996,29,1,15.0
6557,3997,37,2,0.0
6558,3997,48,1,10.0
6559,3998,43,1,5.0
6560,3998,25,1,15.0
6561,3999,26,1,15.0
6562,3999,25,2,5.0
6563,4000,13,2,5.0
6564,4001,5,1,5.0
6565,4002,29,2,15.0
6566,4002,58,5,0.0
6567,4002,57,1,5.0
6568,4003,41,1,0.0
6569,4004,54,2,15.0
6570,4005,18,1,0.0
6571,4005,53,1,5.0
6572,4006,56,1,10.0
6573,4007,28,5,10.0
6574,4008,37,1,10.0
6575,4008,33,2,0.0
6576,4008,14,1,10.0
6577,4009,55,1,5.0
6578,4010,14,2,5.0
6579,4011,10,3,0.0
6580,4012,22,2,20.0
6581,4013,22,3,20.0
6582,4013,10,1,15.0
6583,4014,37,2,0.0
6584,4014,47,1,15.0
6585,4015,24,2,0.0
6586,4016,58,1,10.0
6587,4016,5,1,10.0
6588,4017,50,1,5.0
6589,4017,21,1,10.0
6590,4017,15,2,5.0
6591,4018,22,2,0.0
6592,4019,35,1,0.0
6593,4019,39,2,10.0
6594,4020,43,3,5.0
6595,4021,13,3,5.0
6596,4021,45,3,15.0
6597,4022,13,1,5.0
6598,4022,46,1,10.0
6599,4023,53,2,5.0
6600,4023,7,1,10.0
6601,4024,58,2,15.0
6602,4025,56,3,10.0
6603,4026,56,3,10.0
6604,4027,6,1,0.0
6605,4027,4,2,0.0
6606,4027,35,2,10.0
6607,4028,43,2,0.0
6608,4028,50,2,15.0
6609,4028,22,1,0.0
6610,4028,42,3,5.0
6611,4029,52,1,10.0
6612,4030,42,1,0.0
6613,4031,51,1,10.0
6614,4032,14,4,15.0
6615,4032,29,2,20.0
6616,4033,26,1,10.0
6617,4033,53,2,0.0
6618,4033,34,1,5.0
6619,4034,14,3,0.0
6620,4035,39,5,5.0
6621,4035,58,3,10.0
6622,4036,6,1,5.0
6623,4036,10,2,15.0
6624,4037,3,3,10.0
6625,4037,34,4,0.0
6626,4038,45,2,5.0
6627,4039,14,2,5.0
6628,4040,27,1,10.0
6629,4040,16,4,5.0
6630,4040,34,1,0.0
6631,4041,49,3,10.0
6632,4042,16,1,20.0
6633,4042,13,4,5.0
6634,4042,3,2,20.0
6635,4043,14,1,15.0
6636,4043,8,1,10.0
6637,4044,17,1,15.0
6638,4044,21,4,0.0
6639,4044,9,1,5.0
6640,4045,60,1,0.0
6641,4046,29,1,0.0
6642,4047,41,1,10.0
6643,4047,3,2,15.0
6644,4048,14,2,5.0
6645,4049,34,3,0.0
6646,4049,49,1,5.0
6647,4049,21,1,20.0
6648,4050,52,1,15.0
6649,4050,14,3,5.0
6650,4050,59,1,10.0
6651,4050,4,2,5.0
6652,4051,29,1,5.0
6653,4051,43,1,5.0
6654,4052,46,1,10.0
6655,4052,27,1,10.0
6656,4053,22,1,10.0
6657,4053,15,1,5.0
6658,4054,31,2,10.0
6659,4054,52,1,0.0
6660,4055,3,1,5.0
6661,4055,51,1,10.0
6662,4056,58,2,0.0
6663,4057,16,2,10.0
6664,4057,6,2,5.0
6665,4057,21,2,15.0
6666,4058,5,2,15.0
6667,4059,42,2,0.0
6668,4060,30,2,10.0
6669,4061,41,1,15.0
6670,4061,37,2,15.0
6671,4061,58,1,0.0
6672,4061,10,2,5.0
6673,4062,31,2,5.0
6674,4062,34,1,15.0
6675,4062,38,1,5.0
6676,4063,4,1,10.0
6677,4064,7,1,0.0
6678,4065,60,2,20.0
6679,4065,38,2,0.0
6680,4065,31,3,0.0
6681,4066,58,2,0.0
6682,4066,37,3,5.0
6683,4066,26,1,5.0
6684,4067,30,1,0.0
6685,4067,28,1,0.0
6686,4068,32,1,10.0
6687,4068,29,1,10.0
6688,4069,19,3,0.0
6689,4070,14,1,5.0
6690,4070,35,3,15.0
6691,4071,46,1,5.0
6692,4072,7,2,0.0
6693,4073,23,4,10.0
6694,4074,37,2,0.0
6695,4074,53,1,15.0
6696,4075,54,2,10.0
6697,4075,46,2,0.0
6698,4075,30,2,10.0
6699,4075,45,2,20.0
6700,4076,26,1,20.0
6701,4077,3,1,20.0
6702,4078,13,2,10.0
6703,4079,47,1,0.0
6704,4079,50,3,20.0
6705,4079,11,4,5.0
6706,4080,59,1,15.0
6707,4081,59,1,5.0
6708,4082,57,2,5.0
6709,4082,44,1,5.0
6710,4083,2,3,0.0
6711,4084,46,1,10.0
6712,4085,36,2,5.0
6713,4085,6,3,5.0
6714,4085,41,5,15.0
6715,4086,55,1,15.0
6716,4086,46,1,10.0
6717,4087,11,2,5.0
6718,4088,11,4,5.0
6719,4089,8,2,10.0
6720,4089,28,1,10.0
6721,4090,59,2,0.0
6722,4091,42,1,0.0
6723,4092,12,2,0.0
6724,4093,22,1,0.0
6725,4093,45,4,15.0
6726,4094,38,1,15.0
6727,4094,36,2,15.0
6728,4095,34,2,20.0
6729,4096,16,1,10.0
6730,4096,1,3,20.0
6731,4097,17,2,10.0
6732,4097,4,4,5.0
6733,4097,27,4,10.0
6734,4098,56,2,15.0
6735,4099,26,1,10.0
6736,4100,34,1,10.0
6737,4100,50,1,0.0
6738,4100,9,1,5.0
6739,4101,28,4,10.0
6740,4101,40,5,5.0
6741,4101,17,1,0.0
6742,4102,14,1,0.0
6743,4102,25,1,5.0
6744,4103,33,4,5.0
6745,4104,51,3,10.0
6746,4105,3,1,0.0
6747,4106,59,1,5.0
6748,4106,5,1,5.0
6749,4107,42,3,5.0
6750,4107,20,2,0.0
6751,4107,35,2,0.0
6752,4108,1,1,10.0
6753,4109,39,1,5.0
6754,4110,56,1,0.0
6755,4111,4,1,10.0
6756,4112,55,1,5.0
6757,4112,32,3,0.0
6758,4113,6,1,0.0
6759,4113,56,1,0.0
6760,4113,27,3,5.0
6761,4114,41,2,10.0
6762,4114,43,4,0.0
6763,4115,21,2,5.0
6764,4116,27,1,0.0
6765,4117,35,1,10.0
6766,4117,51,2,5.0
6767,4117,7,1,15.0
6768,4118,3,2,20.0
6769,4119,18,2,5.0
6770,4120,59,1,20.0
6771,4120,14,1,5.0
6772,4121,23,1,15.0
6773,4121,3,1,15.0
6774,4122,56,4,0.0
6775,4123,12,1,10.0
6776,4124,36,1,5.0
6777,4125,1,2,0.0
6778,4126,49,2,15.0
6779,4127,11,1,15.0
6780,4128,20,2,5.0
6781,4128,35,2,0.0
6782,4129,30,2,15.0
6783,4129,31,3,20.0
6784,4130,23,1,10.0
6785,4131,15,3,5.0
6786,4132,36,2,0.0
6787,4133,38,2,0.0
6788,4133,8,1,5.0
6789,4134,27,1,15.0
6790,4134,25,1,5.0
6791,4134,30,1,10.0
6792,4134,6,1,20.0
6793,4135,28,1,15.0
6794,4136,19,1,0.0
6795,4136,38,3,5.0
6796,4136,18,1,10.0
6797,4137,20,1,20.0
6798,4138,58,1,0.0
6799,4139,3,2,15.0
6800,4139,10,1,15.0
6801,4140,19,1,5.0
6802,4141,35,2,0.0
6803,4142,34,3,0.0
6804,4143,31,1,5.0
6805,4143,18,4,0.0
6806,4144,46,3,5.0
6807,4144,40,3,10.0
6808,4145,18,1,0.0
6809,4146,13,1,10.0
6810,4147,35,1,20.0
6811,4148,58,1,0.0
6812,4149,49,2,15.0
6813,4149,47,2,10.0
6814,4149,31,2,10.0
6815,4150,53,2,20.0
6816,4151,42,1,10.0
6817,4152,7,1,5.0
6818,4152,42,1,0.0
6819,4152,58,1,15.0
6820,4153,47,4,10.0
6821,4153,56,1,15.0
6822,4154,49,1,5.0
6823,4154,17,3,10.0
6824,4155,42,4,10.0
6825,4155,9,1,5.0
6826,4156,35,2,10.0
6827,4156,20,2,10.0
6828,4156,28,3,0.0
6829,4157,36,1,0.0
6830,4157,20,1,0.0
6831,4158,28,1,5.0
6832,4158,8,2,0.0
6833,4159,2,1,0.0
6834,4160,54,1,5.0
6835,4160,13,1,0.0
6836,4160,40,1,5.0
6837,4160,26,1,0.0
6838,4161,22,2,5.0
6839,4161,27,1,15.0
6840,4161,38,2,5.0
6841,4161,25,3,5.0
6842,4162,8,3,0.0
6843,4163,48,1,15.0
6844,4164,32,4,20.0
6845,4165,36,2,5.0
6846,4165,14,1,5.0
6847,4165,4,2,5.0
6848,4166,58,2,0.0
6849,4166,33,3,0.0
6850,4167,58,1,5.0
6851,4167,51,2,15.0
6852,4168,6,1,10.0
6853,4169,50,3,0.0
6854,4169,27,2,10.0
6855,4169,54,3,10.0
6856,4170,38,1,10.0
6857,4170,2,1,5.0
6858,4170,45,4,5.0
6859,4171,46,2,0.0
6860,4172,45,1,10.0
6861,4173,50,4,20.0
6862,4173,44,3,0.0
6863,4174,25,2,0.0
6864,4174,15,2,10.0
6865,4175,38,2,0.0
6866,4176,56,1,5.0
6867,4177,35,1,5.0
6868,4177,28,1,15.0
6869,4177,27,2,10.0
6870,4178,59,1,15.0
6871,4179,24,2,5.0
6872,4180,18,2,10.0
6873,4181,51,1,5.0
6874,4181,47,4,15.0
6875,4182,32,2,10.0
6876,4182,29,1,0.0
6877,4183,6,1,20.0
6878,4184,32,2,10.0
6879,4185,33,1,0.0
6880,4185,32,1,15.0
6881,4186,30,2,20.0
6882,4186,33,3,10.0
6883,4187,52,2,20.0
6884,4187,4,1,5.0
6885,4187,25,1,5.0
6886,4188,23,5,5.0
6887,4189,30,2,5.0
6888,4189,18,1,5.0
6889,4190,23,3,5.0
6890,4190,2,2,0.0
6891,4191,33,3,10.0
6892,4191,21,3,10.0
6893,4192,12,2,15.0
6894,4192,31,1,0.0
6895,4193,29,5,0.0
6896,4193,45,1,10.0
6897,4194,47,2,5.0
6898,4194,43,1,15.0
6899,4195,2,1,5.0
6900,4195,58,4,10.0
6901,4196,55,1,0.0
6902,4197,26,1,10.0
6903,4197,56,3,15.0
6904,4198,1,2,0.0
6905,4199,26,1,0.0
6906,4199,12,2,15.0
6907,4200,29,1,5.0
6908,4201,41,1,10.0
6909,4201,23,2,0.0
6910,4201,58,3,10.0
6911,4202,9,1,20.0
6912,4203,46,1,5.0
6913,4204,21,1,10.0
6914,4205,33,1,5.0
6915,4206,59,1,5.0
6916,4206,56,2,0.0
6917,4206,24,1,20.0
6918,4207,20,3,5.0
6919,4207,29,1,5.0
6920,4207,58,4,5.0
6921,4208,40,2,0.0
6922,4209,56,1,5.0
6923,4209,36,3,10.0
6924,4210,50,1,5.0
6925,4211,43,1,10.0
6926,4212,46,2,15.0
6927,4212,53,2,20.0
6928,4213,25,2,0.0
6929,4213,32,2,5.0
6930,4213,8,3,10.0
6931,4214,15,1,0.0
6932,4215,27,1,10.0
6933,4216,29,1,10.0
6934,4217,31,1,0.0
6935,4218,39,2,10.0
6936,4219,8,2,0.0
6937,4220,32,4,0.0
6938,4221,2,5,5.0
6939,4221,43,2,15.0
6940,4222,48,2,15.0
6941,4223,37,2,0.0
6942,4223,35,3,10.0
6943,4224,55,1,0.0
6944,4224,39,2,0.0
6945,4225,23,2,5.0
6946,4226,38,1,10.0
6947,4227,27,1,10.0
6948,4227,24,1,0.0
6949,4228,39,1,10.0
6950,4228,50,1,0.0
6951,4229,39,1,15.0
6952,4230,13,2,5.0
6953,4231,25,2,5.0
6954,4232,41,2,5.0
6955,4233,15,1,0.0
6956,4233,3,1,15.0
6957,4234,28,2,10.0
6958,4234,10,2,15.0
6959,4235,54,2,5.0
6960,4235,55,1,15.0
6961,4236,21,2,5.0
6962,4236,27,3,5.0
6963,4237,25,2,5.0
6964,4237,4,2,10.0
6965,4238,15,1,15.0
6966,4239,25,2,5.0
6967,4240,57,2,5.0
6968,4240,44,1,0.0
6969,4241,10,1,0.0
6970,4242,26,1,5.0
6971,4243,38,1,0.0
6972,4243,6,3,5.0
6973,4243,31,3,10.0
6974,4244,44,4,0.0
6975,4245,53,2,10.0
6976,4246,1,4,10.0
6977,4247,41,2,15.0
6978,4248,16,2,10.0
6979,4249,20,4,20.0
6980,4249,48,4,0.0
6981,4249,31,1,15.0
6982,4249,4,2,0.0
6983,4250,53,1,5.0
6984,4250,47,2,10.0
6985,4251,3,1,0.0
6986,4252,9,2,5.0
6987,4252,30,2,0.0
6988,4253,32,2,5.0
6989,4254,14,1,0.0
6990,4254,19,4,10.0
6991,4255,37,2,5.0
6992,4256,52,1,0.0
6993,4257,45,1,10.0
6994,4258,31,4,10.0
6995,4258,47,2,0.0
6996,4259,8,2,0.0
6997,4259,19,1,0.0
6998,4260,16,4,10.0
6999,4260,29,4,5.0
7000,4261,2,1,15.0
7001,4261,44,3,0.0
7002,4262,31,1,5.0
7003,4263,38,2,15.0
7004,4264,58,2,10.0
7005,4265,11,1,0.0
7006,4266,54,3,0.0
7007,4266,7,1,10.0
7008,4267,42,3,5.0
7009,4268,48,2,0.0
7010,4269,34,1,10.0
7011,4269,28,2,5.0
7012,4269,47,1,5.0
7013,4270,50,1,15.0
7014,4271,4,2,10.0
7015,4271,11,1,5.0
7016,4272,49,1,0.0
7017,4272,4,5,5.0
7018,4273,21,1,0.0
7019,4274,45,5,15.0
7020,4275,33,3,0.0
7021,4275,49,5,10.0
7022,4276,17,1,0.0
7023,4277,53,2,0.0
7024,4277,35,2,15.0
7025,4278,46,1,15.0
7026,4278,5,2,15.0
7027,4279,52,2,0.0
7028,4279,44,1,0.0
7029,4280,8,4,10.0
7030,4280,28,2,20.0
7031,4281,21,2,10.0
7032,4281,7,3,5.0
7033,4282,57,1,15.0
7034,4282,39,2,0.0
7035,4283,55,2,0.0
7036,4284,40,3,0.0
7037,4285,25,2,5.0
7038,4286,35,2,10.0
7039,4286,10,1,0.0
7040,4287,37,2,10.0
7041,4288,18,3,0.0
7042,4289,22,1,15.0
7043,4290,3,1,10.0
7044,4290,16,1,20.0
7045,4291,13,1,5.0
7046,4291,23,1,15.0
7047,4291,60,4,0.0
7048,4291,59,2,15.0
7049,4292,5,2,5.0
7050,4292,45,1,10.0
7051,4292,40,5,5.0
7052,4293,41,1,0.0
7053,4293,53,1,5.0
7054,4294,4,3,0.0
7055,4294,33,4,0.0
7056,4295,12,2,15.0
7057,4296,7,1,0.0
7058,4296,11,1,5.0
7059,4297,56,4,5.0
7060,4298,37,2,10.0
7061,4298,2,1,5.0
7062,4299,54,1,0.0
7063,4300,33,1,15.0
7064,4301,47,2,10.0
7065,4301,57,1,5.0
7066,4301,39,1,0.0
7067,4302,17,2,0.0
7068,4302,38,3,5.0
7069,4303,39,2,0.0
7070,4304,4,3,5.0
7071,4305,31,1,5.0
7072,4305,35,1,15.0
7073,4306,17,1,15.0
7074,4307,23,2,0.0
7075,4308,40,3,5.0
7076,4309,60,4,5.0
7077,4310,28,2,5.0
7078,4310,11,2,0.0
7079,4310,7,2,10.0
7080,4311,18,1,0.0
7081,4311,55,2,15.0
7082,4311,15,1,15.0
7083,4312,53,1,5.0
7084,4312,18,1,5.0
7085,4312,58,1,15.0
7086,4313,5,4,15.0
7087,4314,31,3,5.0
7088,4315,15,1,0.0
7089,4315,19,1,15.0
7090,4316,4,1,10.0
7091,4317,39,1,10.0
7092,4317,11,3,0.0
7093,4318,17,1,10.0
7094,4318,37,3,0.0
7095,4319,20,4,10.0
7096,4320,3,2,10.0
7097,4321,44,4,10.0
7098,4322,16,2,5.0
7099,4323,34,3,15.0
7100,4323,6,2,0.0
7101,4324,45,1,15.0
7102,4325,26,2,0.0
7103,4325,9,5,0.0
7104,4326,31,1,15.0
7105,4327,21,1,20.0
7106,4327,53,1,0.0
7107,4328,57,3,5.0
7108,4328,14,2,10.0
7109,4329,2,1,5.0
7110,4330,14,2,10.0
7111,4331,37,4,0.0
7112,4332,32,2,10.0
7113,4333,23,2,5.0
7114,4333,10,4,10.0
7115,4334,42,3,0.0
7116,4334,3,3,5.0
7117,4335,44,2,0.0
7118,4336,53,1,0.0
7119,4337,16,1,15.0
7120,4337,18,3,15.0
7121,4338,6,3,0.0
7122,4338,56,5,20.0
7123,4339,14,1,10.0
7124,4339,26,3,5.0
7125,4339,16,1,0.0
7126,4340,49,2,15.0
7127,4341,51,2,5.0
7128,4341,14,4,0.0
7129,4341,2,4,0.0
7130,4342,3,1,10.0
7131,4343,15,1,20.0
7132,4343,43,2,15.0
7133,4343,60,2,0.0
7134,4344,28,4,15.0
7135,4345,39,2,0.0
7136,4346,2,1,10.0
7137,4346,41,3,10.0
7138,4347,57,1,10.0
7139,4348,50,3,15.0
7140,4349,16,1,10.0
7141,4350,7,1,20.0
7142,4350,57,1,5.0
7143,4350,25,5,10.0
7144,4351,46,3,0.0
7145,4352,60,1,0.0
7146,4352,8,1,10.0
7147,4352,45,1,5.0
7148,4352,11,1,15.0
7149,4353,27,3,0.0
7150,4353,2,2,10.0
7151,4353,34,1,5.0
7152,4354,20,2,10.0
7153,4355,60,1,0.0
7154,4356,53,4,10.0
7155,4356,28,1,15.0
7156,4356,12,3,5.0
7157,4357,53,1,15.0
7158,4358,37,2,15.0
7159,4359,40,2,0.0
7160,4360,25,1,10.0
7161,4361,55,1,10.0
7162,4362,27,1,10.0
7163,4363,35,1,10.0
7164,4363,54,1,15.0
7165,4364,51,1,10.0
7166,4365,45,1,5.0
7167,4366,19,3,10.0
7168,4366,5,1,0.0
7169,4367,38,1,5.0
7170,4368,36,1,0.0
7171,4369,15,2,5.0
7172,4370,37,1,0.0
7173,4371,58,3,10.0
7174,4371,32,1,5.0
7175,4372,53,1,5.0
7176,4372,45,3,15.0
7177,4373,27,1,15.0
7178,4374,35,1,20.0
7179,4375,33,2,20.0
7180,4375,49,2,15.0
7181,4376,10,3,5.0
7182,4377,33,1,20.0
7183,4377,44,5,15.0
7184,4377,56,3,5.0
7185,4378,54,1,5.0
7186,4379,54,1,10.0
7187,4380,53,3,0.0
7188,4381,13,1,0.0
7189,4382,39,1,10.0
7190,4383,53,1,0.0
7191,4384,60,1,15.0
7192,4384,48,1,15.0
7193,4384,17,2,20.0
7194,4384,30,1,0.0
7195,4385,42,1,0.0
7196,4386,45,1,15.0
7197,4387,26,1,15.0
7198,4387,34,1,0.0
7199,4388,17,2,15.0
7200,4389,20,3,0.0
7201,4389,3,1,5.0
7202,4389,46,4,5.0
7203,4390,50,2,10.0
7204,4390,13,2,15.0
7205,4390,9,4,5.0
7206,4391,17,2,10.0
7207,4392,53,1,10.0
7208,4392,19,4,0.0
7209,4393,50,1,0.0
7210,4393,56,1,0.0
7211,4394,59,3,15.0
7212,4394,51,1,10.0
7213,4395,43,2,10.0
7214,4396,7,4,15.0
7215,4396,16,2,5.0
7216,4396,33,5,10.0
7217,4397,9,1,0.0
7218,4398,15,2,10.0
7219,4398,48,4,0.0
7220,4399,58,2,15.0
7221,4399,32,2,5.0
7222,4399,46,1,10.0
7223,4400,14,4,15.0
7224,4401,48,2,0.0
7225,4401,55,1,10.0
7226,4402,8,4,0.0
7227,4402,35,3,0.0
7228,4402,54,2,5.0
7229,4403,17,3,0.0
7230,4403,57,1,5.0
7231,4403,45,3,0.0
7232,4404,44,1,15.0
7233,4404,43,1,5.0
7234,4404,11,4,10.0
7235,4404,24,2,10.0
7236,4405,33,2,10.0
7237,4405,23,2,5.0
7238,4406,40,5,5.0
7239,4407,11,2,10.0
7240,4408,50,2,15.0
7241,4408,40,2,0.0
7242,4409,38,2,20.0
7243,4409,11,2,10.0
7244,4410,38,2,10.0
7245,4411,4,1,5.0
7246,4412,29,2,5.0
7247,4412,58,1,10.0
7248,4413,52,1,5.0
7249,4413,14,2,5.0
7250,4414,25,1,15.0
7251,4414,12,1,0.0
7252,4415,10,3,15.0
7253,4415,47,3,5.0
7254,4415,58,2,5.0
7255,4416,22,2,5.0
7256,4417,30,1,0.0
7257,4417,52,3,0.0
7258,4417,23,1,0.0
7259,4417,58,3,10.0
7260,4418,58,3,0.0
7261,4418,53,1,10.0
7262,4419,4,1,10.0
7263,4420,32,1,5.0
7264,4421,49,2,10.0
7265,4422,54,1,5.0
7266,4423,48,1,10.0
7267,4424,20,2,10.0
7268,4425,26,1,5.0
7269,4426,31,1,15.0
7270,4427,51,2,10.0
7271,4428,22,3,15.0
7272,4429,53,3,0.0
7273,4429,28,1,5.0
7274,4430,26,1,5.0
7275,4430,1,4,20.0
7276,4430,30,3,0.0
7277,4431,33,2,15.0
7278,4431,13,5,0.0
7279,4432,42,1,0.0
7280,4432,19,2,15.0
7281,4433,3,1,20.0
7282,4434,13,1,20.0
7283,4434,18,1,0.0
7284,4434,11,5,5.0
7285,4434,19,1,10.0
7286,4435,58,1,5.0
7287,4436,6,2,0.0
7288,4437,51,4,0.0
7289,4437,8,1,5.0
7290,4437,37,1,10.0
7291,4438,1,4,0.0
7292,4438,59,1,10.0
7293,4439,29,2,10.0
7294,4440,43,3,15.0
7295,4441,24,2,5.0
7296,4442,26,2,15.0
7297,4442,50,3,0.0
7298,4442,23,2,5.0
7299,4442,32,1,0.0
7300,4443,30,1,0.0
7301,4444,52,2,10.0
7302,4445,38,1,0.0
7303,4446,47,1,20.0
7304,4446,29,3,10.0
7305,4447,3,1,15.0
7306,4448,27,1,0.0
7307,4449,49,1,5.0
7308,4449,31,3,0.0
7309,4450,12,2,0.0
7310,4451,14,1,0.0
7311,4452,52,2,10.0
7312,4453,3,1,0.0
7313,4453,9,1,5.0
7314,4454,20,1,10.0
7315,4455,24,2,10.0
7316,4456,12,2,0.0
7317,4456,11,1,0.0
7318,4457,60,2,10.0
7319,4458,20,3,5.0
7320,4458,19,2,5.0
7321,4459,46,1,10.0
7322,4459,38,1,0.0
7323,4459,10,3,10.0
7324,4459,17,1,5.0
7325,4460,51,1,0.0
7326,4461,56,2,15.0
7327,4462,19,2,15.0
7328,4462,53,4,15.0
7329,4463,10,2,15.0
7330,4464,52,2,5.0
7331,4464,47,1,10.0
7332,4465,33,1,5.0
7333,4465,23,3,0.0
7334,4465,8,1,5.0
7335,4466,58,1,5.0
7336,4467,49,1,0.0
7337,4468,12,2,0.0
7338,4469,27,1,10.0
7339,4470,11,1,15.0
7340,4470,38,2,0.0
7341,4470,34,1,10.0
7342,4471,43,1,20.0
7343,4471,38,1,10.0
7344,4472,59,1,0.0
7345,4472,2,1,10.0
7346,4473,37,2,5.0
7347,4473,48,2,15.0
7348,4474,19,3,5.0
7349,4475,38,1,5.0
7350,4476,33,1,10.0
7351,4476,6,3,5.0
7352,4477,58,1,10.0
7353,4477,7,3,15.0
7354,4477,53,1,5.0
7355,4478,43,1,0.0
7356,4479,27,5,0.0
7357,4479,59,1,0.0
7358,4479,47,3,15.0
7359,4480,32,4,0.0
7360,4481,50,2,0.0
7361,4481,33,3,5.0
7362,4481,39,1,10.0
7363,4482,58,3,5.0
7364,4483,30,1,10.0
7365,4483,29,2,20.0
7366,4484,60,3,10.0
7367,4485,7,1,15.0
7368,4486,1,2,5.0
7369,4487,15,2,0.0
7370,4487,52,3,5.0
7371,4488,38,2,0.0
7372,4489,55,3,5.0
7373,4490,31,1,15.0
7374,4491,31,1,5.0
7375,4492,19,1,10.0
7376,4492,44,2,10.0
7377,4492,35,2,5.0
7378,4493,11,3,5.0
7379,4493,27,1,0.0
7380,4494,48,1,10.0
7381,4494,34,3,20.0
7382,4494,35,5,0.0
7383,4495,56,1,5.0
7384,4496,8,1,10.0
7385,4497,55,3,15.0
7386,4498,36,4,15.0
7387,4498,51,2,10.0
7388,4499,54,1,10.0
7389,4499,18,1,5.0
7390,4500,10,2,10.0
7391,4500,13,2,10.0
7392,4500,48,1,5.0
7393,4501,31,2,10.0
7394,4502,18,5,20.0
7395,4502,31,2,5.0
7396,4502,33,5,10.0
7397,4503,12,3,5.0
7398,4504,21,1,15.0
7399,4504,39,3,5.0
7400,4505,14,1,0.0
7401,4506,51,1,20.0
7402,4507,49,4,0.0
7403,4508,45,2,15.0
7404,4508,17,2,0.0
7405,4509,25,3,10.0
7406,4509,22,1,10.0
7407,4510,5,4,0.0
7408,4510,35,2,10.0
7409,4511,15,2,20.0
7410,4512,14,3,10.0
7411,4513,47,1,15.0
7412,4513,50,1,10.0
7413,4514,59,5,10.0
7414,4515,1,3,15.0
7415,4516,21,2,10.0
7416,4517,11,4,10.0
7417,4517,24,1,5.0
7418,4517,55,2,15.0
7419,4517,51,4,20.0
7420,4518,39,2,10.0
7421,4518,58,2,0.0
7422,4519,26,3,15.0
7423,4520,35,1,5.0
7424,4521,12,3,5.0
7425,4521,38,1,15.0
7426,4521,7,1,10.0
7427,4521,54,2,10.0
7428,4522,60,2,10.0
7429,4522,43,1,0.0
7430,4522,9,3,15.0
7431,4523,31,5,5.0
7432,4523,40,1,15.0
7433,4523,33,2,5.0
7434,4523,1,3,10.0
7435,4524,18,1,0.0
7436,4525,11,1,10.0
7437,4525,14,1,15.0
7438,4526,35,2,15.0
7439,4527,26,1,10.0
7440,4527,1,2,5.0
7441,4527,21,3,10.0
7442,4527,8,2,0.0
7443,4528,40,1,0.0
7444,4529,10,3,5.0
7445,4530,27,2,10.0
7446,4531,27,1,5.0
7447,4532,15,2,15.0
7448,4533,6,2,15.0
7449,4534,4,2,10.0
7450,4535,40,2,0.0
7451,4536,54,1,5.0
7452,4536,38,2,15.0
7453,4537,53,2,0.0
7454,4538,35,3,15.0
7455,4539,9,4,5.0
7456,4539,6,2,10.0
7457,4540,39,2,20.0
7458,4540,56,2,5.0
7459,4541,29,1,10.0
7460,4541,10,4,0.0
7461,4541,19,1,0.0
7462,4542,55,1,5.0
7463,4542,43,4,0.0
7464,4543,51,1,0.0
7465,4543,26,1,20.0
7466,4543,32,3,10.0
7467,4544,12,1,5.0
7468,4545,55,1,15.0
7469,4545,2,1,0.0
7470,4546,51,1,5.0
7471,4547,53,2,5.0
7472,4548,30,1,10.0
7473,4548,45,2,5.0
7474,4548,11,1,5.0
7475,4549,41,1,0.0
7476,4550,29,1,0.0
7477,4550,38,1,0.0
7478,4551,11,1,0.0
7479,4552,45,1,10.0
7480,4553,12,2,10.0
7481,4553,31,3,20.0
7482,4554,17,4,15.0
7483,4554,31,3,0.0
7484,4555,38,2,5.0
7485,4556,29,1,10.0
7486,4556,36,3,10.0
7487,4557,4,1,5.0
7488,4557,17,2,10.0
7489,4558,24,1,10.0
7490,4558,49,2,10.0
7491,4559,43,1,10.0
7492,4559,46,3,15.0
7493,4560,59,4,5.0
7494,4561,8,1,10.0
7495,4562,56,1,5.0
7496,4563,18,1,5.0
7497,4564,58,4,10.0
7498,4564,42,2,15.0
7499,4565,48,1,0.0
7500,4565,57,1,10.0
7501,4566,50,3,15.0
7502,4567,31,1,0.0
7503,4567,32,4,15.0
7504,4568,52,2,0.0
7505,4568,50,1,0.0
7506,4568,41,3,5.0
7507,4568,3,1,15.0
7508,4569,24,3,20.0
7509,4570,55,1,5.0
7510,4571,8,2,5.0
7511,4571,37,2,0.0
7512,4571,34,1,20.0
7513,4572,37,1,0.0
7514,4573,58,2,5.0
7515,4574,37,5,15.0
7516,4575,56,5,5.0
7517,4575,14,1,10.0
7518,4575,25,2,5.0
7519,4576,43,1,0.0
7520,4576,32,3,5.0
7521,4576,36,1,5.0
7522,4577,55,1,0.0
7523,4577,15,1,5.0
7524,4577,48,1,5.0
7525,4578,14,2,10.0
7526,4579,57,3,5.0
7527,4579,20,1,5.0
7528,4580,59,5,15.0
7529,4580,20,3,5.0
7530,4580,21,3,20.0
7531,4581,33,1,15.0
7532,4582,1,1,10.0
7533,4583,17,2,10.0
7534,4584,44,1,5.0
7535,4585,59,2,5.0
7536,4586,2,5,5.0
7537,4586,36,1,0.0
7538,4587,41,2,0.0
7539,4588,51,1,0.0
7540,4589,59,1,0.0
7541,4589,26,1,0.0
7542,4589,36,2,15.0
7543,4589,38,2,0.0
7544,4590,38,1,10.0
7545,4591,37,2,20.0
7546,4591,25,4,15.0
7547,4592,22,1,15.0
7548,4593,42,3,5.0
7549,4594,42,1,5.0
7550,4595,31,1,0.0
7551,4595,60,3,0.0
7552,4596,3,2,15.0
7553,4597,19,1,0.0
7554,4598,21,4,10.0
7555,4599,4,4,5.0
7556,4600,59,2,5.0
7557,4601,10,3,0.0
7558,4601,16,2,15.0
7559,4601,32,1,0.0
7560,4602,46,1,20.0
7561,4603,37,1,5.0
7562,4603,19,2,5.0
7563,4604,22,3,0.0
7564,4605,52,1,5.0
7565,4606,55,1,0.0
7566,4606,21,2,5.0
7567,4607,25,1,10.0
7568,4608,57,4,0.0
7569,4608,5,2,5.0
7570,4608,18,3,5.0
7571,4609,38,2,5.0
7572,4610,22,1,0.0
7573,4610,52,4,5.0
7574,4611,43,5,15.0
7575,4612,17,2,10.0
7576,4612,57,1,5.0
7577,4612,52,2,5.0
7578,4613,25,1,0.0
7579,4613,23,3,15.0
7580,4614,39,3,5.0
7581,4615,38,4,15.0
7582,4616,38,3,0.0
7583,4616,53,2,10.0
7584,4617,41,1,20.0
7585,4618,36,1,0.0
7586,4618,31,1,15.0
7587,4619,6,1,5.0
7588,4620,59,2,5.0
7589,4620,43,1,0.0
7590,4621,22,3,0.0
7591,4622,33,2,0.0
7592,4622,26,2,0.0
7593,4623,16,2,5.0
7594,4624,44,1,15.0
7595,4624,18,4,0.0
7596,4625,60,1,20.0
7597,4626,2,2,10.0
7598,4626,29,1,15.0
7599,4627,15,2,20.0
7600,4627,2,1,15.0
7601,4628,36,4,0.0
7602,4629,2,2,5.0
7603,4630,20,4,15.0
7604,4631,52,1,0.0
7605,4631,2,4,5.0
7606,4631,7,2,15.0
7607,4632,8,3,5.0
7608,4633,56,1,10.0
7609,4634,17,1,10.0
7610,4634,25,1,0.0
7611,4635,16,1,0.0
7612,4635,6,2,10.0
7613,4636,16,2,10.0
7614,4637,37,2,5.0
7615,4638,44,2,0.0
7616,4638,30,2,5.0
7617,4639,8,2,5.0
7618,4640,26,2,15.0
7619,4641,26,5,5.0
7620,4642,22,4,0.0
7621,4643,42,3,15.0
7622,4643,37,1,5.0
7623,4644,42,1,10.0
7624,4645,5,1,20.0
7625,4645,1,2,0.0
7626,4646,4,2,15.0
7627,4647,48,5,5.0
7628,4648,60,1,0.0
7629,4648,47,1,0.0
7630,4649,10,1,10.0
7631,4650,29,5,10.0
7632,4651,35,2,10.0
7633,4651,19,1,10.0
7634,4652,33,3,5.0
7635,4652,8,1,0.0
7636,4653,50,3,0.0
7637,4653,42,1,15.0
7638,4654,46,1,10.0
7639,4655,4,4,5.0
7640,4656,47,1,10.0
7641,4656,48,1,20.0
7642,4657,31,2,5.0
7643,4658,39,1,0.0
7644,4659,21,4,0.0
7645,4659,9,1,15.0
7646,4659,23,3,0.0
7647,4659,31,2,5.0
7648,4660,52,5,0.0
7649,4661,47,1,5.0
7650,4662,58,1,0.0
7651,4662,6,2,5.0
7652,4662,52,1,10.0
7653,4663,47,4,0.0
7654,4664,57,1,5.0
7655,4664,51,2,15.0
7656,4665,19,3,0.0
7657,4666,45,1,5.0
7658,4667,13,2,5.0
7659,4667,34,1,5.0
7660,4668,50,1,10.0
7661,4669,42,4,0.0
7662,4670,42,2,10.0
7663,4671,18,1,5.0
7664,4671,9,4,15.0
7665,4671,8,2,15.0
7666,4672,7,1,10.0
7667,4672,35,1,10.0
7668,4673,38,2,5.0
7669,4673,7,2,5.0
7670,4673,26,1,0.0
7671,4674,55,2,0.0
7672,4674,19,2,10.0
7673,4674,43,1,15.0
7674,4674,4,1,5.0
7675,4675,33,1,15.0
7676,4675,13,1,0.0
7677,4676,51,2,10.0
7678,4677,29,1,5.0
7679,4678,38,1,5.0
7680,4678,50,1,5.0
7681,4679,24,2,20.0
7682,4680,37,2,10.0
7683,4681,45,2,5.0
7684,4682,34,4,0.0
7685,4682,51,1,20.0
7686,4682,27,2,5.0
7687,4683,42,1,15.0
7688,4683,49,2,0.0
7689,4684,33,1,5.0
7690,4684,52,2,15.0
7691,4684,1,1,20.0
7692,4685,60,1,5.0
7693,4685,15,2,15.0
7694,4686,29,1,10.0
7695,4687,41,5,0.0
7696,4687,46,1,5.0
7697,4688,52,1,5.0
7698,4688,31,1,10.0
7699,4688,1,2,0.0
7700,4689,42,1,10.0
7701,4690,29,1,10.0
7702,4691,33,1,5.0
7703,4691,5,2,10.0
7704,4692,37,1,5.0
7705,4693,47,1,10.0
7706,4694,14,3,0.0
7707,4695,27,1,5.0
7708,4696,24,3,15.0
7709,4697,59,2,5.0
7710,4698,33,4,0.0
7711,4699,4,1,5.0
7712,4699,15,2,5.0
7713,4700,19,3,5.0
7714,4701,28,1,5.0
7715,4701,24,1,10.0
7716,4702,14,1,20.0
7717,4703,14,2,5.0
7718,4703,27,4,10.0
7719,4703,6,1,5.0
7720,4703,23,2,5.0
7721,4704,30,1,15.0
7722,4705,14,2,0.0
7723,4706,58,2,0.0
7724,4706,48,5,10.0
7725,4707,22,1,10.0
7726,4708,18,1,5.0
7727,4708,60,5,0.0
7728,4708,2,4,0.0
7729,4708,19,1,5.0
7730,4709,44,1,10.0
7731,4709,60,2,10.0
7732,4709,43,1,20.0
7733,4710,29,2,5.0
7734,4710,55,1,10.0
7735,4710,49,3,5.0
7736,4711,34,1,5.0
7737,4712,49,3,15.0
7738,4713,35,1,10.0
7739,4714,43,1,10.0
7740,4715,3,3,5.0
7741,4715,24,1,15.0
7742,4716,37,1,5.0
7743,4716,15,2,10.0
7744,4716,50,1,0.0
7745,4717,40,1,10.0
7746,4717,59,1,5.0
7747,4717,58,2,5.0
7748,4718,13,5,10.0
7749,4718,34,1,0.0
7750,4719,27,1,0.0
7751,4719,28,2,15.0
7752,4720,24,1,5.0
7753,4721,14,2,10.0
7754,4722,11,1,15.0
7755,4722,41,1,15.0
7756,4723,32,3,15.0
7757,4724,11,1,0.0
7758,4725,50,1,20.0
7759,4725,25,3,5.0
7760,4725,44,2,5.0
7761,4726,43,1,5.0
7762,4727,27,3,15.0
7763,4727,31,1,5.0
7764,4728,41,2,10.0
7765,4729,48,3,5.0
7766,4730,46,1,10.0
7767,4731,55,1,0.0
7768,4731,7,2,5.0
7769,4732,35,4,0.0
7770,4732,55,1,10.0
7771,4732,17,1,10.0
7772,4733,9,1,5.0
7773,4734,27,4,0.0
7774,4735,36,1,0.0
7775,4736,5,3,0.0
7776,4737,43,1,0.0
7777,4737,41,1,0.0
7778,4738,12,1,5.0
7779,4739,23,3,20.0
7780,4739,30,3,15.0
7781,4739,52,3,15.0
7782,4740,58,1,10.0
7783,4741,40,1,0.0
7784,4742,36,1,10.0
7785,4742,8,1,15.0
7786,4743,53,1,0.0
7787,4744,22,2,0.0
7788,4744,50,3,0.0
7789,4744,46,1,5.0
7790,4745,58,1,10.0
7791,4745,29,1,15.0
7792,4746,5,2,10.0
7793,4746,9,2,20.0
7794,4747,38,2,20.0
7795,4748,30,3,5.0
7796,4748,26,1,10.0
7797,4749,7,3,0.0
7798,4749,28,1,0.0
7799,4750,20,1,20.0
7800,4751,50,1,15.0
7801,4752,36,1,5.0
7802,4753,11,1,0.0
7803,4754,37,3,0.0
7804,4754,57,1,0.0
7805,4754,3,1,10.0
7806,4755,41,5,0.0
7807,4755,33,1,10.0
7808,4756,27,1,0.0
7809,4756,1,1,5.0
7810,4757,58,1,5.0
7811,4758,50,2,0.0
7812,4758,3,2,10.0
7813,4759,21,1,15.0
7814,4759,7,5,10.0
7815,4759,51,2,15.0
7816,4760,8,3,5.0
7817,4760,11,3,10.0
7818,4761,44,1,15.0
7819,4761,6,1,15.0
7820,4762,53,1,10.0
7821,4763,57,3,0.0
7822,4763,54,1,5.0
7823,4764,6,2,15.0
7824,4765,45,1,5.0
7825,4765,6,2,15.0
7826,4765,4,1,5.0
7827,4766,57,3,10.0
7828,4766,31,2,0.0
7829,4766,32,1,5.0
7830,4767,56,1,10.0
7831,4767,4,2,5.0
7832,4767,52,2,5.0
7833,4768,21,1,10.0
7834,4769,19,1,10.0
7835,4769,6,1,10.0
7836,4770,48,4,5.0
7837,4771,50,1,10.0
7838,4772,35,2,5.0
7839,4773,27,2,0.0
7840,4774,55,1,10.0
7841,4775,39,2,0.0
7842,4776,41,1,0.0
7843,4776,23,2,0.0
7844,4777,42,3,10.0
7845,4777,4,2,0.0
7846,4778,53,3,10.0
7847,4779,37,2,10.0
7848,4779,20,1,5.0
7849,4780,57,1,0.0
7850,4781,17,2,10.0
7851,4782,51,1,20.0
7852,4783,14,1,15.0
7853,4783,8,2,0.0
7854,4784,30,1,0.0
7855,4784,36,3,5.0
7856,4784,8,2,10.0
7857,4785,36,1,10.0
7858,4786,43,1,10.0
7859,4787,56,1,15.0
7860,4787,4,3,5.0
7861,4788,20,1,10.0
7862,4788,1,4,0.0
7863,4788,6,1,5.0
7864,4789,36,3,0.0
7865,4790,32,2,10.0
7866,4790,19,1,10.0
7867,4791,36,1,0.0
7868,4791,19,2,5.0
7869,4792,56,2,0.0
7870,4792,23,2,10.0
7871,4793,60,1,0.0
7872,4793,44,3,5.0
7873,4793,20,1,10.0
7874,4793,18,2,0.0
7875,4794,48,1,0.0
7876,4794,58,1,10.0
7877,4795,7,3,10.0
7878,4795,13,3,0.0
7879,4796,37,1,15.0
7880,4797,15,2,0.0
7881,4797,43,2,5.0
7882,4798,57,2,15.0
7883,4798,32,1,10.0
7884,4799,57,1,15.0
7885,4800,52,3,10.0
7886,4801,26,5,0.0
7887,4801,34,3,10.0
7888,4802,30,1,5.0
7889,4803,58,4,0.0
7890,4804,33,3,0.0
7891,4805,58,2,5.0
7892,4805,41,4,0.0
7893,4806,52,1,10.0
7894,4806,25,2,5.0
7895,4807,28,1,5.0
7896,4807,4,2,10.0
7897,4808,50,1,10.0
7898,4809,27,1,15.0
7899,4810,50,3,5.0
7900,4810,2,1,20.0
7901,4811,26,3,5.0
7902,4812,44,2,5.0
7903,4812,18,1,10.0
7904,4813,42,2,10.0
7905,4813,48,1,10.0
7906,4813,6,2,10.0
7907,4814,60,2,5.0
7908,4814,45,2,10.0
7909,4815,27,2,20.0
7910,4815,41,1,5.0
7911,4816,19,1,5.0
7912,4817,59,4,5.0
7913,4818,55,2,10.0
7914,4819,37,1,0.0
7915,4819,32,4,10.0
7916,4820,5,3,10.0
7917,4821,45,2,10.0
7918,4822,37,1,0.0
7919,4822,12,1,15.0
7920,4822,14,1,10.0
7921,4823,56,1,0.0
7922,4823,25,1,0.0
7923,4824,17,2,0.0
7924,4825,37,2,10.0
7925,4826,59,1,5.0
7926,4826,44,2,5.0
7927,4827,25,2,5.0
7928,4828,10,2,10.0
7929,4828,36,3,10.0
7930,4828,6,1,0.0
7931,4828,54,1,15.0
7932,4829,11,1,5.0
7933,4830,8,2,0.0
7934,4831,4,1,0.0
7935,4832,8,1,10.0
7936,4832,51,1,15.0
7937,4832,23,2,5.0
7938,4833,16,2,15.0
7939,4834,33,3,0.0
7940,4835,9,3,5.0
7941,4836,25,2,15.0
7942,4837,55,2,5.0
7943,4838,32,1,20.0
7944,4839,32,1,15.0
7945,4839,11,1,5.0
7946,4839,3,3,5.0
7947,4840,39,1,0.0
7948,4841,45,3,5.0
7949,4842,52,2,10.0
7950,4843,4,1,5.0
7951,4843,25,2,0.0
7952,4844,30,2,0.0
7953,4844,57,1,0.0
7954,4845,37,1,10.0
7955,4845,26,2,10.0
7956,4846,35,1,10.0
7957,4847,8,1,5.0
7958,4847,12,1,10.0
7959,4847,26,2,5.0
7960,4848,13,3,0.0
7961,4848,9,1,10.0
7962,4848,29,3,10.0
7963,4848,1,1,0.0
7964,4849,3,1,10.0
7965,4850,11,1,10.0
7966,4851,31,1,5.0
7967,4852,15,3,0.0
7968,4852,4,1,10.0
7969,4852,32,2,20.0
7970,4853,52,2,0.0
7971,4854,39,4,0.0
7972,4855,23,2,5.0
7973,4856,10,2,0.0
7974,4857,43,1,0.0
7975,4857,11,1,10.0
7976,4858,55,3,15.0
7977,4858,13,4,5.0
7978,4859,30,2,15.0
7979,4859,56,4,5.0
7980,4860,7,3,20.0
7981,4860,14,3,5.0
7982,4861,32,5,0.0
7983,4861,27,3,0.0
7984,4862,20,2,10.0
7985,4862,8,2,5.0
7986,4863,25,1,10.0
7987,4864,28,1,5.0
7988,4864,3,1,0.0
7989,4865,32,1,20.0
7990,4866,56,1,0.0
7991,4866,16,1,5.0
7992,4867,60,2,15.0
7993,4867,45,3,5.0
7994,4868,35,2,0.0
7995,4869,13,3,15.0
7996,4870,9,2,15.0
7997,4870,15,1,10.0
7998,4870,2,1,15.0
7999,4871,17,2,10.0
8000,4871,39,2,0.0
8001,4872,8,3,10.0
8002,4872,48,5,10.0
8003,4873,47,1,15.0
8004,4873,44,1,10.0
8005,4874,58,3,0.0
8006,4875,16,1,10.0
8007,4875,26,1,10.0
8008,4875,2,1,5.0
8009,4876,22,2,0.0
8010,4876,33,5,5.0
8011,4877,31,1,15.0
8012,4878,47,1,5.0
8013,4878,5,1,0.0
8014,4879,46,4,0.0
8015,4880,7,1,5.0
8016,4881,39,5,10.0
8017,4882,45,3,0.0
8018,4883,46,2,0.0
8019,4884,49,1,0.0
8020,4885,18,1,0.0
8021,4885,41,1,10.0
8022,4886,30,2,10.0
8023,4887,55,2,0.0
8024,4888,10,1,10.0
8025,4889,6,2,0.0
8026,4889,35,1,15.0
8027,4890,12,1,0.0
8028,4891,4,3,20.0
8029,4892,43,2,15.0
8030,4892,3,1,0.0
8031,4893,30,1,15.0
8032,4894,18,3,10.0
8033,4895,29,5,0.0
8034,4895,11,2,15.0
8035,4896,55,1,10.0
8036,4897,52,1,5.0
8037,4897,21,3,10.0
8038,4898,58,1,5.0
8039,4899,48,3,10.0
8040,4899,38,1,10.0
8041,4899,39,2,5.0
8042,4900,6,2,20.0
8043,4901,30,3,5.0
8044,4901,7,1,10.0
8045,4901,29,4,10.0
8046,4902,6,1,10.0
8047,4903,48,3,0.0
8048,4903,17,1,10.0
8049,4903,2,3,5.0
8050,4904,57,3,0.0
8051,4904,48,1,10.0
8052,4905,36,1,0.0
8053,4906,34,3,5.0
8054,4906,42,1,0.0
8055,4907,7,3,5.0
8056,4907,19,1,0.0
8057,4908,14,1,0.0
8058,4908,13,1,5.0
8059,4909,43,1,10.0
8060,4909,45,4,10.0
8061,4910,28,3,0.0
8062,4910,21,4,20.0
8063,4910,60,3,20.0
8064,4910,8,1,5.0
8065,4911,27,1,10.0
8066,4912,22,3,10.0
8067,4913,7,2,0.0
8068,4913,27,2,10.0
8069,4913,55,3,5.0
8070,4913,23,1,10.0
8071,4914,59,1,10.0
8072,4915,15,3,5.0
8073,4916,48,1,10.0
8074,4917,27,1,0.0
8075,4918,26,3,5.0
8076,4918,17,2,0.0
8077,4918,25,2,0.0
8078,4919,7,1,0.0
8079,4920,53,2,0.0
8080,4920,11,1,5.0
8081,4920,14,5,0.0
8082,4921,18,1,20.0
8083,4922,39,1,0.0
8084,4922,29,2,15.0
8085,4923,22,1,20.0
8086,4924,39,5,5.0
8087,4925,10,1,0.0
8088,4926,56,1,10.0
8089,4927,4,2,20.0
8090,4927,39,1,5.0
8091,4928,33,2,5.0
8092,4928,14,2,5.0
8093,4929,27,1,5.0
8094,4930,3,1,10.0
8095,4930,45,4,5.0
8096,4931,12,1,10.0
8097,4931,22,1,10.0
8098,4931,49,3,10.0
8099,4932,19,2,10.0
8100,4933,56,3,0.0
8101,4934,20,2,5.0
8102,4935,45,1,0.0
8103,4935,43,2,10.0
8104,4936,36,1,5.0
8105,4936,56,3,0.0
8106,4937,49,1,10.0
8107,4938,30,3,5.0
8108,4938,15,1,5.0
8109,4938,26,2,10.0
8110,4938,48,2,5.0
8111,4939,33,2,5.0
8112,4940,46,4,5.0
8113,4940,2,3,5.0
8114,4941,51,1,15.0
8115,4942,19,2,5.0
8116,4942,17,1,10.0
8117,4943,44,5,15.0
8118,4944,26,1,0.0
8119,4944,59,1,0.0
8120,4944,13,2,15.0
8121,4944,23,1,5.0
8122,4945,2,1,5.0
8123,4946,6,1,5.0
8124,4947,19,3,0.0
8125,4948,32,3,5.0
8126,4949,55,5,20.0
8127,4950,44,2,5.0
8128,4951,35,1,10.0
8129,4951,50,3,0.0
8130,4952,46,5,0.0
8131,4952,5,3,10.0
8132,4953,18,1,5.0
8133,4954,59,1,0.0
8134,4955,47,1,5.0
8135,4955,44,4,15.0
8136,4956,48,5,5.0
8137,4956,54,1,20.0
8138,4957,52,3,5.0
8139,4958,19,1,15.0
8140,4958,28,2,5.0
8141,4958,46,1,10.0
8142,4958,41,5,15.0
8143,4959,14,1,0.0
8144,4959,59,1,5.0
8145,4959,49,3,0.0
8146,4959,21,1,15.0
8147,4960,22,4,10.0
8148,4961,52,2,20.0
8149,4962,24,2,10.0
8150,4963,27,1,15.0
8151,4964,10,1,15.0
8152,4964,22,1,0.0
8153,4965,12,2,5.0
8154,4966,17,1,15.0
8155,4966,26,1,10.0
8156,4967,15,2,5.0
8157,4968,10,5,0.0
8158,4968,34,3,10.0
8159,4968,1,5,0.0
8160,4968,5,3,15.0
8161,4969,15,3,20.0
8162,4969,49,1,15.0
8163,4970,29,3,5.0
8164,4970,55,2,0.0
8165,4971,23,3,10.0
8166,4972,13,2,0.0
8167,4973,33,1,5.0
8168,4974,40,3,15.0
8169,4975,5,1,5.0
8170,4975,15,1,5.0
8171,4976,8,2,5.0
8172,4976,18,4,5.0
8173,4977,23,1,5.0
8174,4978,47,2,5.0
8175,4979,12,3,0.0
8176,4979,10,1,10.0
8177,4980,36,2,0.0
8178,4981,38,3,10.0
8179,4981,46,3,15.0
8180,4982,29,2,15.0
8181,4982,7,4,15.0
8182,4982,46,1,5.0
8183,4983,51,1,5.0
8184,4984,34,1,10.0
8185,4985,35,3,15.0
8186,4986,21,1,15.0
8187,4986,44,1,0.0
8188,4987,24,2,15.0
8189,4988,19,2,10.0
8190,4988,23,1,0.0
8191,4988,28,1,15.0
8192,4989,60,1,20.0
8193,4990,51,2,0.0
8194,4991,18,3,5.0
8195,4991,48,2,0.0
8196,4992,52,2,15.0
8197,4992,29,1,10.0
8198,4993,39,2,5.0
8199,4994,47,2,20.0
8200,4994,5,2,10.0
8201,4995,29,3,5.0
8202,4996,19,5,5.0
8203,4997,25,3,10.0
8204,4998,39,2,5.0
8205,4999,10,3,0.0
8206,5000,8,3,0.0
8207,5001,36,1,10.0
8208,5001,51,5,15.0
8209,5002,57,3,10.0
8210,5003,35,2,5.0
8211,5004,42,2,5.0
8212,5005,56,1,0.0
8213,5006,41,1,15.0
8214,5007,57,1,15.0
8215,5008,41,1,10.0
8216,5009,41,2,0.0
8217,5010,9,1,10.0
8218,5011,43,2,0.0
8219,5011,50,4,15.0
8220,5012,45,1,10.0
8221,5012,42,1,10.0
8222,5012,19,1,10.0
8223,5013,6,1,10.0
8224,5013,8,3,10.0
8225,5014,60,2,5.0
8226,5015,55,1,5.0
8227,5015,32,3,5.0
8228,5016,36,2,5.0
8229,5016,9,4,10.0
8230,5017,53,1,10.0
8231,5017,10,1,0.0
8232,5018,31,5,0.0
8233,5018,43,3,5.0
8234,5018,13,1,10.0
8235,5019,28,5,10.0
8236,5020,3,1,10.0
8237,5021,39,1,0.0
8238,5022,49,4,0.0
8239,5023,11,3,5.0
8240,5024,11,2,0.0
8241,5025,43,1,20.0
8242,5025,46,3,10.0
8243,5026,16,4,10.0
8244,5026,60,1,5.0
8245,5027,12,2,0.0
8246,5027,55,1,0.0
8247,5028,55,2,5.0
8248,5029,43,3,5.0
8249,5030,49,1,0.0
8250,5030,36,4,10.0
8251,5031,7,2,5.0
8252,5032,33,1,10.0
8253,5032,4,2,10.0
8254,5033,23,1,15.0
8255,5033,10,5,5.0
8256,5033,59,3,0.0
8257,5034,17,1,10.0
8258,5034,60,1,5.0
8259,5034,34,2,10.0
8260,5034,21,2,5.0
8261,5035,26,1,15.0
8262,5036,39,1,10.0
8263,5037,55,5,0.0
8264,5038,27,1,0.0
8265,5039,1,2,0.0
8266,5040,52,1,10.0
8267,5041,52,2,0.0
8268,5042,46,5,5.0
8269,5043,42,2,20.0
8270,5043,47,2,5.0
8271,5044,7,1,0.0
8272,5044,58,2,5.0
8273,5045,14,1,0.0
8274,5046,38,5,0.0
8275,5046,48,1,10.0
8276,5047,41,3,0.0
8277,5048,57,2,5.0
8278,5048,36,3,10.0
8279,5049,32,3,5.0
8280,5050,26,2,10.0
8281,5050,55,1,10.0
8282,5051,14,4,0.0
8283,5051,39,3,0.0
8284,5052,10,1,5.0
8285,5053,50,1,5.0
8286,5054,59,2,10.0
8287,5055,56,5,5.0
8288,5056,8,1,5.0
8289,5056,58,2,10.0
8290,5056,40,1,0.0
8291,5056,26,4,10.0
8292,5057,10,2,5.0
8293,5057,56,5,15.0
8294,5057,7,2,0.0
8295,5058,10,1,0.0
8296,5059,40,3,0.0
8297,5059,25,2,10.0
8298,5060,51,1,5.0
8299,5061,19,2,10.0
8300,5062,2,1,5.0
8301,5063,29,2,0.0
8302,5064,44,1,0.0
8303,5064,38,3,10.0
8304,5065,44,2,0.0
8305,5066,1,1,5.0
8306,5067,9,1,10.0
8307,5067,42,1,15.0
8308,5068,23,4,0.0
8309,5069,25,2,10.0
8310,5070,26,5,5.0
8311,5071,23,1,15.0
8312,5072,53,1,0.0
8313,5073,36,1,0.0
8314,5074,22,1,10.0
8315,5075,28,3,15.0
8316,5076,11,1,5.0
8317,5077,23,5,0.0
8318,5078,21,4,10.0
8319,5078,10,4,10.0
8320,5078,58,2,0.0
8321,5079,35,2,0.0
8322,5080,29,2,10.0
8323,5081,59,2,0.0
8324,5082,27,2,5.0
8325,5083,1,2,10.0
8326,5084,9,2,0.0
8327,5085,42,3,5.0
8328,5086,31,1,0.0
8329,5086,18,1,15.0
8330,5086,38,1,5.0
8331,5086,17,1,10.0
8332,5087,6,1,5.0
8333,5087,15,1,15.0
8334,5088,25,3,0.0
8335,5089,30,2,10.0
8336,5090,19,1,20.0
8337,5090,39,2,10.0
8338,5090,51,3,15.0
8339,5091,18,2,10.0
8340,5091,57,1,0.0
8341,5092,54,2,0.0
8342,5092,59,3,5.0
8343,5093,4,1,10.0
8344,5094,3,3,0.0
8345,5095,20,3,15.0
8346,5096,31,1,15.0
8347,5096,7,1,5.0
8348,5096,14,4,0.0
8349,5097,52,1,20.0
8350,5097,50,1,5.0
8351,5098,28,1,5.0
8352,5098,10,2,5.0
8353,5099,50,1,10.0
8354,5100,50,1,5.0
8355,5100,56,2,10.0
8356,5100,48,1,20.0
8357,5101,15,2,5.0
8358,5102,33,2,10.0
8359,5102,52,1,5.0
8360,5102,60,1,5.0
8361,5103,32,1,20.0
8362,5104,56,1,10.0
8363,5105,19,2,5.0
8364,5106,47,5,10.0
8365,5107,11,2,10.0
8366,5108,51,1,10.0
8367,5108,41,2,0.0
8368,5109,58,1,10.0
8369,5110,44,1,0.0
8370,5110,37,5,10.0
8371,5110,26,1,5.0
8372,5110,48,1,0.0
8373,5111,52,3,5.0
8374,5112,18,2,10.0
8375,5113,35,1,5.0
8376,5113,47,1,20.0
8377,5113,42,2,10.0
8378,5113,60,1,15.0
8379,5114,39,1,10.0
8380,5115,48,2,10.0
8381,5115,8,3,10.0
8382,5116,21,1,10.0
8383,5116,54,2,5.0
8384,5117,21,2,0.0
8385,5118,5,1,10.0
8386,5118,8,1,5.0
8387,5119,47,2,10.0
8388,5119,29,1,5.0
8389,5120,59,2,0.0
8390,5121,15,1,5.0
8391,5122,48,3,0.0
8392,5122,5,4,5.0
8393,5122,25,1,5.0
8394,5123,22,1,5.0
8395,5123,49,1,20.0
8396,5124,56,1,20.0
8397,5124,28,3,5.0
8398,5124,60,3,0.0
8399,5125,42,1,10.0
8400,5125,27,5,10.0
8401,5126,39,4,0.0
8402,5127,13,1,15.0
8403,5128,4,1,10.0
8404,5128,15,2,20.0
8405,5129,34,2,15.0
8406,5129,37,1,5.0
8407,5129,4,1,0.0
8408,5130,23,1,5.0
8409,5131,45,1,10.0
8410,5131,46,1,0.0
8411,5132,3,2,15.0
8412,5132,52,3,5.0
8413,5133,14,1,0.0
8414,5134,31,1,5.0
8415,5134,17,2,15.0
8416,5135,13,4,10.0
8417,5136,53,2,5.0
8418,5136,15,4,15.0
8419,5137,36,1,5.0
8420,5137,8,1,10.0
8421,5137,14,1,15.0
8422,5137,20,4,15.0
8423,5138,54,2,0.0
8424,5139,6,2,5.0
8425,5139,21,4,15.0
8426,5140,14,1,0.0
8427,5140,13,3,10.0
8428,5141,9,2,10.0
8429,5141,12,5,5.0
8430,5142,57,2,10.0
8431,5142,27,2,5.0
8432,5143,14,2,10.0
8433,5144,26,1,5.0
8434,5145,45,2,0.0
8435,5146,6,2,10.0
8436,5146,22,1,15.0
8437,5147,7,2,0.0
8438,5148,29,2,5.0
8439,5148,55,3,5.0
8440,5149,46,1,15.0
8441,5149,43,1,0.0
8442,5150,21,1,15.0
8443,5150,3,2,10.0
8444,5150,33,1,5.0
8445,5151,2,1,10.0
8446,5151,36,1,0.0
8447,5151,28,2,15.0
8448,5152,30,3,0.0
8449,5153,6,4,10.0
8450,5154,60,1,15.0
8451,5155,18,1,0.0
8452,5155,1,5,5.0
8453,5156,28,4,10.0
8454,5156,53,2,10.0
8455,5157,19,4,15.0
8456,5158,59,3,0.0
8457,5158,48,4,0.0
8458,5159,4,2,5.0
8459,5159,11,1,10.0
8460,5160,4,1,10.0
8461,5161,6,2,0.0
8462,5162,21,1,10.0
8463,5163,3,1,5.0
8464,5164,49,1,5.0
8465,5165,22,4,10.0
8466,5166,9,2,15.0
8467,5166,33,1,10.0
8468,5167,33,3,10.0
8469,5167,36,4,10.0
8470,5167,23,2,0.0
8471,5168,42,4,0.0
8472,5168,53,1,5.0
8473,5168,22,3,10.0
8474,5169,2,3,15.0
8475,5170,36,1,5.0
8476,5171,10,1,0.0
8477,5171,44,1,10.0
8478,5172,34,1,20.0
8479,5172,58,1,10.0
8480,5173,24,2,0.0
8481,5173,54,1,5.0
8482,5173,16,2,5.0
8483,5174,20,1,0.0
8484,5175,4,1,10.0
8485,5175,18,2,10.0
8486,5176,29,1,10.0
8487,5177,9,3,10.0
8488,5178,22,1,0.0
8489,5179,5,2,15.0
8490,5180,48,1,10.0
8491,5180,11,4,15.0
8492,5181,18,3,10.0
8493,5182,5,1,0.0
8494,5183,43,1,15.0
8495,5184,30,3,5.0
8496,5185,8,1,15.0
8497,5186,25,4,0.0
8498,5187,39,4,5.0
8499,5187,30,2,0.0
8500,5187,44,2,5.0
8501,5188,59,1,5.0
8502,5188,48,2,0.0
8503,5189,43,1,5.0
8504,5189,58,2,5.0
8505,5189,56,2,10.0
8506,5190,47,2,0.0
8507,5191,10,3,10.0
8508,5192,28,2,15.0
8509,5192,22,3,0.0
8510,5193,31,3,10.0
8511,5194,10,3,15.0
8512,5194,4,2,0.0
8513,5194,56,1,0.0
8514,5195,56,2,5.0
8515,5196,25,2,5.0
8516,5197,14,1,10.0
8517,5197,4,2,0.0
8518,5198,46,2,0.0
8519,5199,54,2,10.0
8520,5200,16,1,0.0
8521,5201,40,3,20.0
8522,5201,53,1,0.0
8523,5201,37,2,10.0
8524,5202,24,2,0.0
8525,5203,12,2,10.0
8526,5203,15,2,10.0
8527,5204,29,2,5.0
8528,5205,40,1,0.0
8529,5206,29,2,0.0
8530,5206,2,1,10.0
8531,5206,9,1,10.0
8532,5207,60,1,5.0
8533,5207,59,3,10.0
8534,5208,32,2,5.0
8535,5209,9,2,0.0
8536,5210,19,2,5.0
8537,5210,11,2,15.0
8538,5211,26,1,5.0
8539,5211,21,1,15.0
8540,5211,60,3,10.0
8541,5211,37,2,10.0
8542,5212,48,2,10.0
8543,5213,24,1,0.0
8544,5213,41,1,5.0
8545,5213,18,1,15.0
8546,5214,55,4,5.0
8547,5214,4,1,15.0
8548,5214,22,1,10.0
8549,5214,57,1,5.0
8550,5215,50,1,20.0
8551,5215,49,1,5.0
8552,5216,22,1,0.0
8553,5217,17,4,10.0
8554,5218,33,1,10.0
8555,5219,29,1,15.0
8556,5220,50,1,5.0
8557,5220,16,1,0.0
8558,5220,34,4,5.0
8559,5221,23,1,5.0
8560,5222,35,4,5.0
8561,5222,43,4,5.0
8562,5222,49,3,5.0
8563,5223,10,2,0.0
8564,5224,36,3,0.0
8565,5224,12,1,0.0
8566,5225,27,1,0.0
8567,5225,5,2,0.0
8568,5226,45,1,10.0
8569,5226,44,1,5.0
8570,5227,11,1,5.0
8571,5228,56,3,15.0
8572,5229,23,1,15.0
8573,5230,33,5,10.0
8574,5231,8,4,10.0
8575,5231,43,1,5.0
8576,5231,37,1,15.0
8577,5232,37,3,0.0
8578,5232,43,1,15.0
8579,5233,40,3,20.0
8580,5234,51,1,5.0
8581,5235,54,2,5.0
8582,5235,51,2,0.0
8583,5235,60,2,10.0
8584,5236,34,1,15.0
8585,5236,14,2,10.0
8586,5236,18,1,5.0
8587,5236,45,1,5.0
8588,5237,26,1,0.0
8589,5237,31,2,5.0
8590,5238,6,5,20.0
8591,5238,12,1,5.0
8592,5239,1,1,0.0
8593,5240,46,4,15.0
8594,5241,5,2,5.0
8595,5241,56,2,10.0
8596,5242,53,2,10.0
8597,5242,14,1,15.0
8598,5242,32,3,0.0
8599,5243,42,1,5.0
8600,5244,23,3,5.0
8601,5244,5,2,5.0
8602,5245,35,2,5.0
8603,5245,19,1,5.0
8604,5246,20,3,0.0
8605,5247,53,1,0.0
8606,5248,48,1,5.0
8607,5248,50,2,5.0
8608,5249,48,2,5.0
8609,5250,19,1,5.0
8610,5251,34,1,5.0
8611,5251,41,1,15.0
8612,5252,20,1,0.0
8613,5252,3,2,5.0
8614,5253,39,1,10.0
8615,5253,44,2,10.0
8616,5254,7,2,5.0
8617,5254,13,1,10.0
8618,5254,58,1,10.0
8619,5255,40,1,0.0
8620,5256,26,2,0.0
8621,5257,42,1,5.0
8622,5258,15,4,0.0
8623,5259,27,3,10.0
8624,5260,56,1,15.0
8625,5260,31,1,10.0
8626,5260,10,1,5.0
8627,5261,47,2,20.0
8628,5261,19,1,10.0
8629,5262,18,2,10.0
8630,5262,40,1,10.0
8631,5262,25,1,15.0
8632,5263,10,2,5.0
8633,5263,16,3,5.0
8634,5263,21,1,0.0
8635,5263,51,1,0.0
8636,5264,11,1,10.0
8637,5265,45,2,10.0
8638,5266,48,1,15.0
8639,5267,30,2,5.0
8640,5267,7,3,5.0
8641,5267,57,2,5.0
8642,5268,46,3,10.0
8643,5269,7,5,5.0
8644,5270,36,1,5.0
8645,5271,5,2,15.0
8646,5272,34,3,15.0
8647,5272,17,1,10.0
8648,5273,25,3,10.0
8649,5274,45,1,0.0
8650,5274,54,1,15.0
8651,5275,41,1,5.0
8652,5276,58,3,5.0
8653,5277,32,4,5.0
8654,5277,43,2,5.0
8655,5277,44,3,15.0
8656,5278,32,2,0.0
8657,5279,31,3,10.0
8658,5279,55,1,10.0
8659,5280,31,1,5.0
8660,5281,6,2,0.0
8661,5281,51,1,10.0
8662,5281,4,2,5.0
8663,5282,21,1,0.0
8664,5283,7,2,15.0
8665,5283,38,1,10.0
8666,5284,26,3,5.0
8667,5285,56,1,5.0
8668,5285,3,1,20.0
8669,5285,6,1,20.0
8670,5285,18,1,10.0
8671,5286,50,1,5.0
8672,5287,33,3,5.0
8673,5287,29,1,5.0
8674,5287,48,1,0.0
8675,5288,17,3,0.0
8676,5289,21,1,10.0
8677,5290,38,1,5.0
8678,5290,51,2,10.0
8679,5290,5,5,5.0
8680,5291,22,1,10.0
8681,5291,18,2,10.0
8682,5292,1,1,15.0
8683,5292,8,2,10.0
8684,5292,46,1,10.0
8685,5293,16,1,5.0
8686,5293,32,4,5.0
8687,5293,47,3,0.0
8688,5294,58,2,0.0
8689,5295,21,5,5.0
8690,5295,24,2,5.0
8691,5295,33,1,5.0
8692,5296,47,1,10.0
8693,5296,32,3,5.0
8694,5297,32,1,0.0
8695,5297,3,3,0.0
8696,5298,57,1,15.0
8697,5299,41,4,5.0
8698,5299,2,2,0.0
8699,5300,7,1,20.0
8700,5301,30,1,15.0
8701,5301,15,2,0.0
8702,5302,23,1,0.0
8703,5303,15,1,5.0
8704,5304,47,1,10.0
8705,5305,46,1,15.0
8706,5305,9,2,0.0
8707,5305,51,2,5.0
8708,5305,20,1,5.0
8709,5306,27,1,10.0
8710,5306,15,1,5.0
8711,5306,60,1,0.0
8712,5307,19,3,5.0
8713,5308,3,1,10.0
8714,5308,28,1,0.0
8715,5309,22,1,5.0
8716,5310,43,1,5.0
8717,5311,47,1,5.0
8718,5312,31,1,10.0
8719,5312,22,1,20.0
8720,5313,36,2,0.0
8721,5313,56,1,5.0
8722,5314,10,1,0.0
8723,5314,20,1,5.0
8724,5315,2,1,10.0
8725,5316,2,2,0.0
8726,5316,7,4,10.0
8727,5316,9,2,5.0
8728,5317,52,2,10.0
8729,5318,38,1,5.0
8730,5318,56,1,20.0
8731,5318,46,1,0.0
8732,5319,40,2,0.0
8733,5319,39,1,10.0
8734,5320,12,2,0.0
8735,5320,25,2,15.0
8736,5321,15,1,0.0
8737,5321,12,1,0.0
8738,5322,51,4,0.0
8739,5323,16,1,5.0
8740,5323,49,4,15.0
8741,5324,53,1,0.0
8742,5324,9,2,20.0
8743,5325,20,1,5.0
8744,5326,17,1,0.0
8745,5327,8,1,0.0
8746,5327,17,2,0.0
8747,5327,5,3,10.0
8748,5328,33,2,0.0
8749,5329,19,1,15.0
8750,5329,54,1,15.0
8751,5329,52,1,15.0
8752,5330,10,1,0.0
8753,5331,6,1,10.0
8754,5331,57,2,5.0
8755,5331,53,2,5.0
8756,5332,32,2,0.0
8757,5333,42,1,15.0
8758,5333,36,1,10.0
8759,5334,7,1,0.0
8760,5334,49,2,5.0
8761,5334,55,1,10.0
8762,5335,49,1,5.0
8763,5335,55,1,5.0
8764,5336,56,2,5.0
8765,5337,40,1,15.0
8766,5338,47,1,15.0
8767,5338,23,2,15.0
8768,5339,13,1,10.0
8769,5339,54,1,15.0
8770,5340,6,1,0.0
8771,5340,4,3,10.0
8772,5340,35,1,0.0
8773,5341,41,1,15.0
8774,5341,6,1,10.0
8775,5342,25,2,10.0
8776,5342,18,2,0.0
8777,5343,12,1,5.0
8778,5344,36,3,15.0
8779,5344,25,3,5.0
8780,5345,12,1,10.0
8781,5346,31,2,0.0
8782,5347,19,1,10.0
8783,5348,55,2,10.0
8784,5348,7,1,0.0
8785,5349,10,2,10.0
8786,5350,52,4,15.0
8787,5351,23,1,10.0
8788,5352,4,1,0.0
8789,5353,47,3,5.0
8790,5353,40,3,15.0
8791,5354,6,1,5.0
8792,5355,12,4,15.0
8793,5355,3,2,10.0
8794,5355,54,1,5.0
8795,5356,50,1,5.0
8796,5356,11,1,10.0
8797,5356,51,4,0.0
8798,5357,58,4,0.0
8799,5357,54,5,5.0
8800,5357,22,2,10.0
8801,5358,8,2,5.0
8802,5359,2,1,10.0
8803,5360,46,2,20.0
8804,5360,40,1,15.0
8805,5361,27,1,15.0
8806,5361,12,1,5.0
8807,5361,18,2,10.0
8808,5362,38,5,10.0
8809,5362,45,1,0.0
8810,5363,30,2,5.0
8811,5363,34,3,5.0
8812,5364,45,1,0.0
8813,5364,58,1,10.0
8814,5365,17,4,10.0
8815,5365,12,4,10.0
8816,5366,11,1,5.0
8817,5367,5,2,5.0
8818,5368,34,2,5.0
8819,5368,22,4,15.0
8820,5369,55,2,5.0
8821,5369,22,1,20.0
8822,5369,46,2,5.0
8823,5370,60,2,10.0
8824,5370,48,2,5.0
8825,5370,7,1,0.0
8826,5370,44,1,5.0
8827,5371,12,3,5.0
8828,5371,37,1,5.0
8829,5372,57,3,5.0
8830,5373,20,1,5.0
8831,5374,38,2,5.0
8832,5375,14,1,5.0
8833,5375,40,2,10.0
8834,5376,30,3,0.0
8835,5376,22,1,15.0
8836,5377,51,1,0.0
8837,5378,51,1,5.0
8838,5379,56,2,0.0
8839,5380,33,4,15.0
8840,5381,27,1,5.0
8841,5381,26,2,15.0
8842,5382,22,1,15.0
8843,5383,31,1,10.0
8844,5384,11,2,20.0
8845,5385,1,2,0.0
8846,5385,10,3,10.0
8847,5385,18,5,5.0
8848,5386,46,5,0.0
8849,5386,57,2,5.0
8850,5387,12,2,10.0
8851,5387,46,1,5.0
8852,5388,40,3,0.0
8853,5388,25,1,5.0
8854,5388,39,2,0.0
8855,5389,5,1,0.0
8856,5389,41,4,0.0
8857,5389,59,1,5.0
8858,5390,42,1,10.0
8859,5391,5,2,0.0
8860,5391,4,2,0.0
8861,5392,31,3,5.0
8862,5393,50,1,15.0
8863,5394,19,3,10.0
8864,5395,46,1,10.0
8865,5395,18,4,0.0
8866,5395,13,2,10.0
8867,5396,58,1,0.0
8868,5396,32,2,0.0
8869,5396,24,1,15.0
8870,5397,11,1,0.0
8871,5397,10,2,5.0
8872,5397,29,1,0.0
8873,5397,44,2,10.0
8874,5398,24,2,5.0
8875,5398,33,1,10.0
8876,5399,12,1,15.0
8877,5399,46,1,10.0
8878,5399,30,5,5.0
8879,5400,33,5,10.0
8880,5401,4,3,20.0
8881,5402,40,1,20.0
8882,5402,44,1,5.0
8883,5403,54,2,10.0
8884,5403,23,4,10.0
8885,5404,52,4,10.0
8886,5404,24,1,5.0
8887,5405,40,1,20.0
8888,5406,5,1,5.0
8889,5406,17,1,10.0
8890,5406,14,1,10.0
8891,5407,36,1,0.0
8892,5408,53,1,10.0
8893,5409,49,2,5.0
8894,5409,12,1,15.0
8895,5410,37,3,20.0
8896,5410,39,1,10.0
8897,5410,6,1,10.0
8898,5411,56,1,15.0
8899,5412,31,2,15.0
8900,5412,39,2,20.0
8901,5412,20,1,20.0
8902,5413,55,1,5.0
8903,5413,38,2,0.0
8904,5414,44,3,5.0
8905,5415,56,2,5.0
8906,5415,32,1,15.0
8907,5416,19,1,15.0
8908,5416,60,1,15.0
8909,5417,21,1,10.0
8910,5417,43,2,0.0
8911,5417,6,4,5.0
8912,5417,47,1,5.0
8913,5418,39,3,5.0
8914,5418,8,1,10.0
8915,5419,50,2,0.0
8916,5420,10,1,0.0
8917,5421,7,1,10.0
8918,5422,26,2,20.0
8919,5422,10,1,10.0
8920,5423,50,5,5.0
8921,5424,59,2,0.0
8922,5425,33,1,0.0
8923,5425,12,4,5.0
8924,5425,1,1,5.0
8925,5426,27,2,5.0
8926,5426,33,2,0.0
8927,5427,59,1,5.0
8928,5428,39,1,0.0
8929,5429,51,4,0.0
8930,5429,22,2,5.0
8931,5430,38,1,15.0
8932,5430,53,2,10.0
8933,5431,59,1,15.0
8934,5431,19,1,5.0
8935,5431,14,3,10.0
8936,5432,10,1,10.0
8937,5432,55,1,0.0
8938,5433,58,2,5.0
8939,5434,42,5,15.0
8940,5434,57,1,5.0
8941,5435,18,2,10.0
8942,5436,38,1,10.0
8943,5436,30,1,5.0
8944,5437,28,3,0.0
8945,5437,45,1,10.0
8946,5438,44,1,0.0
8947,5438,12,1,10.0
8948,5439,54,4,10.0
8949,5439,52,2,10.0
8950,5439,38,1,5.0
8951,5440,35,1,5.0
8952,5440,28,1,15.0
8953,5441,23,1,5.0
8954,5442,38,3,15.0
8955,5443,25,1,15.0
8956,5444,31,5,5.0
8957,5445,39,3,10.0
8958,5446,53,4,5.0
8959,5447,29,3,15.0
8960,5448,47,4,5.0
8961,5449,27,1,5.0
8962,5450,52,1,5.0
8963,5451,16,1,0.0
8964,5452,19,1,15.0
8965,5453,46,1,10.0
8966,5453,26,1,0.0
8967,5454,25,1,10.0
8968,5455,13,3,5.0
8969,5456,28,3,5.0
8970,5457,17,2,0.0
8971,5458,7,1,5.0
8972,5459,53,2,20.0
8973,5460,30,3,0.0
8974,5461,29,1,5.0
8975,5462,28,2,10.0
8976,5462,18,2,10.0
8977,5463,40,1,5.0
8978,5463,41,1,10.0
8979,5464,35,1,0.0
8980,5464,24,2,0.0
8981,5464,11,1,5.0
8982,5464,60,4,0.0
8983,5465,44,1,0.0
8984,5465,18,1,5.0
8985,5466,24,2,0.0
8986,5466,17,2,5.0
8987,5466,49,2,0.0
8988,5467,30,1,5.0
8989,5468,36,1,0.0
8990,5468,50,4,0.0
8991,5469,14,2,5.0
8992,5469,8,5,10.0
8993,5470,8,3,10.0
8994,5471,55,2,5.0
8995,5472,16,2,0.0
8996,5472,7,1,10.0
8997,5472,10,2,15.0
8998,5472,28,1,5.0
8999,5473,36,3,15.0
9000,5474,42,2,10.0
9001,5474,35,2,20.0
9002,5475,23,1,0.0
9003,5475,16,5,10.0
9004,5476,54,3,5.0
9005,5477,14,1,0.0
9006,5478,50,1,0.0
9007,5478,26,1,0.0
9008,5478,22,4,10.0
9009,5479,5,1,5.0
9010,5479,28,1,10.0
9011,5480,55,3,15.0
9012,5481,42,2,10.0
9013,5482,31,1,0.0
9014,5483,42,3,10.0
9015,5484,31,1,5.0
9016,5484,2,1,15.0
9017,5485,17,1,20.0
9018,5485,47,4,0.0
9019,5486,13,1,20.0
9020,5486,5,1,0.0
9021,5487,54,3,20.0
9022,5488,9,1,5.0
9023,5488,35,1,0.0
9024,5488,15,1,0.0
9025,5488,7,1,5.0
9026,5489,47,2,15.0
9027,5490,41,1,10.0
9028,5491,11,1,0.0
9029,5492,28,1,5.0
9030,5492,26,3,0.0
9031,5492,51,2,0.0
9032,5492,30,1,5.0
9033,5493,30,1,5.0
9034,5494,50,1,5.0
9035,5494,58,1,15.0
9036,5494,60,1,0.0
9037,5495,58,2,5.0
9038,5496,42,2,10.0
9039,5497,7,1,20.0
9040,5497,58,5,5.0
9041,5498,25,3,0.0
9042,5499,38,1,0.0
9043,5500,45,4,15.0
9044,5500,59,2,0.0
9045,5501,24,4,10.0
9046,5502,9,1,10.0
9047,5502,8,1,0.0
9048,5503,52,1,10.0
9049,5503,28,4,15.0
9050,5503,17,1,15.0
9051,5504,2,3,10.0
9052,5504,59,1,10.0
9053,5504,51,2,20.0
9054,5505,43,3,5.0
9055,5505,21,4,10.0
9056,5506,15,1,10.0
9057,5506,55,1,10.0
9058,5507,46,1,5.0
9059,5508,36,4,5.0
9060,5509,57,1,0.0
9061,5510,23,1,5.0
9062,5511,14,3,15.0
9063,5512,54,1,15.0
9064,5512,39,1,5.0
9065,5512,17,1,0.0
9066,5513,54,2,5.0
9067,5514,37,3,10.0
9068,5515,48,2,5.0
9069,5516,24,1,5.0
9070,5517,42,1,10.0
9071,5518,16,1,15.0
9072,5519,47,1,20.0
9073,5519,42,2,0.0
9074,5520,57,3,15.0
9075,5521,11,2,15.0
9076,5522,19,1,10.0
9077,5522,5,1,10.0
9078,5522,22,3,0.0
9079,5522,33,1,5.0
9080,5523,17,2,5.0
9081,5523,53,1,15.0
9082,5524,7,1,10.0
9083,5525,57,5,5.0
9084,5526,3,1,0.0
9085,5526,42,2,5.0
9086,5526,40,1,0.0
9087,5527,29,1,5.0
9088,5528,60,1,10.0
9089,5528,2,2,15.0
9090,5528,39,1,20.0
9091,5529,37,2,0.0
9092,5529,34,2,5.0
9093,5529,20,3,10.0
9094,5530,9,5,5.0
9095,5531,38,1,10.0
9096,5531,19,1,0.0
9097,5532,58,2,15.0
9098,5533,38,2,15.0
9099,5534,38,2,0.0
9100,5534,55,2,20.0
9101,5534,46,1,5.0
9102,5535,50,1,15.0
9103,5535,12,3,0.0
9104,5536,44,2,0.0
9105,5537,33,1,0.0
9106,5537,55,2,10.0
9107,5538,42,2,15.0
9108,5538,19,2,5.0
9109,5538,24,4,10.0
9110,5538,55,2,0.0
9111,5539,46,3,10.0
9112,5540,32,1,10.0
9113,5540,36,3,0.0
9114,5541,37,1,5.0
9115,5541,59,1,5.0
9116,5542,22,1,10.0
9117,5542,24,4,5.0
9118,5543,30,4,10.0
9119,5544,32,2,5.0
9120,5545,38,3,0.0
9121,5546,4,1,10.0
9122,5546,42,4,5.0
9123,5547,51,1,5.0
9124,5547,60,3,10.0
9125,5548,27,2,10.0
9126,5549,44,1,15.0
9127,5550,35,2,0.0
9128,5550,20,3,10.0
9129,5550,12,1,10.0
9130,5551,20,4,10.0
9131,5552,17,2,5.0
9132,5553,45,1,10.0
9133,5554,60,2,5.0
9134,5555,52,1,5.0
9135,5556,51,1,5.0
9136,5556,41,2,0.0
9137,5556,20,2,20.0
9138,5557,3,2,15.0
9139,5558,60,1,15.0
9140,5559,29,1,0.0
9141,5560,50,1,0.0
9142,5560,60,2,5.0
9143,5560,47,3,10.0
9144,5561,49,2,10.0
9145,5561,22,1,15.0
9146,5562,54,3,10.0
9147,5563,49,1,10.0
9148,5564,60,3,0.0
9149,5565,48,1,0.0
9150,5565,12,1,10.0
9151,5566,52,3,5.0
9152,5567,47,1,0.0
9153,5567,8,2,10.0
9154,5568,1,1,20.0
9155,5569,54,2,10.0
9156,5569,47,1,10.0
9157,5569,41,1,10.0
9158,5570,45,2,10.0
9159,5570,8,3,10.0
9160,5571,46,3,5.0
9161,5572,25,1,15.0
9162,5573,31,1,10.0
9163,5574,55,3,10.0
9164,5574,49,2,0.0
9165,5574,39,2,0.0
9166,5574,8,1,20.0
9167,5575,58,3,5.0
9168,5576,16,1,15.0
9169,5577,46,4,5.0
9170,5578,15,2,10.0
9171,5579,31,4,0.0
9172,5580,2,1,15.0
9173,5580,21,4,5.0
9174,5581,18,4,0.0
9175,5582,34,1,5.0
9176,5582,4,2,5.0
9177,5583,5,2,0.0
9178,5584,60,1,15.0
9179,5585,1,2,10.0
9180,5585,22,2,0.0
9181,5586,36,2,10.0
9182,5587,55,4,15.0
9183,5587,37,3,0.0
9184,5588,13,1,5.0
9185,5589,42,1,10.0
9186,5590,30,1,5.0
9187,5591,60,2,5.0
9188,5592,58,1,0.0
9189,5592,23,3,5.0
9190,5592,7,1,5.0
9191,5592,13,1,10.0
9192,5593,47,2,0.0
9193,5593,1,1,5.0
9194,5594,52,2,10.0
9195,5595,46,2,10.0
9196,5595,17,4,10.0
9197,5596,60,3,5.0
9198,5597,1,2,10.0
9199,5597,28,2,0.0
9200,5597,40,1,5.0
9201,5597,21,1,10.0
9202,5598,60,2,15.0
9203,5599,44,1,5.0
9204,5599,42,1,10.0
9205,5599,37,3,15.0
9206,5600,48,1,5.0
9207,5601,37,2,15.0
9208,5601,55,1,10.0
9209,5602,20,1,5.0
9210,5603,35,2,10.0
9211,5604,30,2,15.0
9212,5604,29,1,15.0
9213,5604,55,1,15.0
9214,5604,17,2,10.0
9215,5605,30,2,15.0
9216,5606,18,2,5.0
9217,5607,46,1,0.0
9218,5608,12,1,10.0
9219,5609,3,5,5.0
9220,5610,12,1,20.0
9221,5610,10,1,5.0
9222,5611,22,2,5.0
9223,5612,37,1,0.0
9224,5612,47,2,5.0
9225,5612,23,1,5.0
9226,5613,18,3,5.0
9227,5613,29,1,0.0
9228,5614,52,1,10.0
9229,5614,39,1,5.0
9230,5615,8,3,10.0
9231,5616,38,5,20.0
9232,5616,43,5,5.0
9233,5617,56,2,5.0
9234,5617,43,3,0.0
9235,5617,3,2,0.0
9236,5618,6,4,10.0
9237,5619,36,4,0.0
9238,5619,28,1,0.0
9239,5619,34,1,10.0
9240,5620,52,1,10.0
9241,5620,4,2,10.0
9242,5621,53,1,15.0
9243,5622,25,3,0.0
9244,5623,42,1,5.0
9245,5624,51,5,15.0
9246,5624,56,1,10.0
9247,5625,21,3,0.0
9248,5626,23,2,0.0
9249,5627,28,1,10.0
9250,5628,50,2,0.0
9251,5629,40,1,0.0
9252,5629,37,1,10.0
9253,5630,16,4,10.0
9254,5630,18,1,15.0
9255,5631,23,1,5.0
9256,5632,46,1,20.0
9257,5632,34,2,5.0
9258,5633,60,2,10.0
9259,5634,8,2,0.0
9260,5634,56,2,10.0
9261,5635,37,1,10.0
9262,5636,32,1,15.0
9263,5636,20,1,5.0
9264,5637,27,1,5.0
9265,5637,43,2,20.0
9266,5637,19,1,10.0
9267,5638,54,1,10.0
9268,5638,43,1,5.0
9269,5639,21,2,10.0
9270,5640,59,3,5.0
9271,5640,13,2,0.0
9272,5641,9,2,0.0
9273,5642,17,1,5.0
9274,5642,52,4,0.0
9275,5643,24,1,5.0
9276,5643,33,2,5.0
9277,5643,32,2,15.0
9278,5643,58,2,0.0
9279,5644,7,2,15.0
9280,5644,4,1,0.0
9281,5645,15,1,5.0
9282,5645,3,1,10.0
9283,5646,18,4,20.0
9284,5646,56,2,0.0
9285,5647,31,1,15.0
9286,5647,46,2,5.0
9287,5648,32,1,5.0
9288,5649,1,1,10.0
9289,5649,57,1,10.0
9290,5649,8,2,5.0
9291,5649,4,1,5.0
9292,5650,18,1,10.0
9293,5650,49,1,0.0
9294,5651,25,1,10.0
9295,5651,9,1,0.0
9296,5652,36,1,5.0
9297,5653,15,1,20.0
9298,5654,55,3,0.0
9299,5655,29,2,0.0
9300,5656,44,1,5.0
9301,5657,12,1,5.0
9302,5657,58,1,10.0
9303,5657,3,2,10.0
9304,5657,59,1,15.0
9305,5658,8,1,15.0
9306,5659,30,5,15.0
9307,5660,4,2,15.0
9308,5661,56,1,5.0
9309,5662,30,2,0.0
9310,5663,19,3,15.0
9311,5663,17,2,0.0
9312,5663,34,2,10.0
9313,5664,22,1,5.0
9314,5665,46,3,0.0
9315,5666,16,1,0.0
9316,5666,26,2,15.0
9317,5666,18,2,5.0
9318,5667,3,1,10.0
9319,5667,13,3,10.0
9320,5668,36,5,10.0
9321,5669,21,3,0.0
9322,5670,12,3,0.0
9323,5670,8,3,10.0
9324,5671,60,2,0.0
9325,5671,43,1,0.0
9326,5672,4,1,5.0
9327,5672,55,1,5.0
9328,5673,20,5,20.0
9329,5674,17,2,5.0
9330,5675,2,1,10.0
9331,5676,37,4,5.0
9332,5677,9,2,20.0
9333,5677,59,2,15.0
9334,5678,35,3,15.0
9335,5678,40,1,15.0
9336,5679,23,1,0.0
9337,5679,36,1,0.0
9338,5679,43,1,0.0
9339,5680,59,1,5.0
9340,5680,11,1,5.0
9341,5681,22,2,5.0
9342,5682,47,3,10.0
9343,5683,32,1,5.0
9344,5683,45,2,5.0
9345,5683,27,2,0.0
9346,5684,3,1,15.0
9347,5685,47,1,15.0
9348,5685,56,2,5.0
9349,5686,35,2,0.0
9350,5686,32,2,0.0
9351,5687,29,2,15.0
9352,5687,54,2,5.0
9353,5688,35,1,10.0
9354,5689,19,1,5.0
9355,5689,26,2,5.0
9356,5689,51,3,5.0
9357,5689,32,5,10.0
9358,5690,32,1,10.0
9359,5690,18,1,15.0
9360,5691,46,1,15.0
9361,5691,19,4,15.0
9362,5691,52,1,15.0
9363,5692,36,2,15.0
9364,5692,51,2,5.0
9365,5692,18,2,20.0
9366,5693,49,1,5.0
9367,5694,4,2,20.0
9368,5694,31,3,5.0
9369,5695,5,3,5.0
9370,5695,37,4,5.0
9371,5696,12,3,0.0
9372,5696,21,2,10.0
9373,5696,6,1,5.0
9374,5696,55,1,10.0
9375,5697,39,4,15.0
9376,5697,50,2,5.0
9377,5698,59,4,10.0
9378,5699,13,3,0.0
9379,5700,12,2,5.0
9380,5700,55,3,5.0
9381,5701,3,2,5.0
9382,5701,50,3,10.0
9383,5702,20,2,5.0
9384,5703,54,1,0.0
9385,5703,14,2,10.0
9386,5704,35,3,5.0
9387,5704,21,1,15.0
9388,5704,53,1,0.0
9389,5705,37,1,5.0
9390,5706,25,4,5.0
9391,5706,54,1,10.0
9392,5706,60,4,0.0
9393,5706,12,1,5.0
9394,5707,24,1,10.0
9395,5708,58,3,0.0
9396,5708,18,1,15.0
9397,5708,60,1,5.0
9398,5709,35,1,5.0
9399,5710,15,3,5.0
9400,5710,30,2,5.0
9401,5711,53,3,0.0
9402,5712,35,1,5.0
9403,5712,13,1,10.0
9404,5712,4,1,0.0
9405,5713,4,4,0.0
9406,5714,39,1,10.0
9407,5715,11,3,10.0
9408,5716,43,3,0.0
9409,5717,17,2,0.0
9410,5718,35,4,0.0
9411,5718,5,4,10.0
9412,5719,8,1,10.0
9413,5720,53,3,0.0
9414,5720,22,1,0.0
9415,5721,57,1,10.0
9416,5722,38,3,0.0
9417,5722,54,2,5.0
9418,5722,46,3,15.0
9419,5723,34,2,10.0
9420,5723,16,3,10.0
9421,5723,37,1,5.0
9422,5723,20,1,5.0
9423,5724,28,2,15.0
9424,5724,11,1,10.0
9425,5724,33,2,15.0
9426,5725,41,1,5.0
9427,5725,5,1,0.0
9428,5726,8,3,15.0
9429,5727,53,2,10.0
9430,5728,60,1,5.0
9431,5728,16,1,15.0
9432,5729,52,1,10.0
9433,5730,49,1,15.0
9434,5731,35,2,5.0
9435,5732,35,2,15.0
9436,5732,53,2,15.0
9437,5733,53,1,5.0
9438,5733,37,5,10.0
9439,5734,13,2,20.0
9440,5735,59,3,10.0
9441,5736,42,2,10.0
9442,5736,23,1,5.0
9443,5737,25,3,5.0
9444,5738,43,2,5.0
9445,5738,60,1,10.0
9446,5739,7,5,15.0
9447,5739,16,1,0.0
9448,5740,10,2,0.0
9449,5740,28,3,10.0
9450,5741,54,1,5.0
9451,5742,26,2,0.0
9452,5742,5,2,0.0
9453,5742,23,3,0.0
9454,5743,7,1,5.0
9455,5743,52,2,0.0
9456,5743,11,1,5.0
9457,5744,49,1,15.0
9458,5745,7,1,5.0
9459,5746,53,2,5.0
9460,5747,53,1,15.0
9461,5748,57,5,10.0
9462,5749,29,3,0.0
9463,5750,43,2,5.0
9464,5750,7,1,0.0
9465,5751,28,1,15.0
9466,5751,1,1,10.0
9467,5752,43,1,0.0
9468,5752,2,4,10.0
9469,5753,3,5,15.0
9470,5753,32,1,15.0
9471,5753,37,2,5.0
9472,5754,57,1,0.0
9473,5754,30,1,5.0
9474,5755,30,1,10.0
9475,5755,58,3,5.0
9476,5755,21,1,5.0
9477,5755,38,1,5.0
9478,5756,21,3,0.0
9479,5756,2,3,5.0
9480,5757,21,2,0.0
9481,5758,10,1,5.0
9482,5759,19,1,10.0
9483,5760,5,1,10.0
9484,5760,49,1,10.0
9485,5760,26,2,10.0
9486,5761,51,2,15.0
9487,5762,28,1,0.0
9488,5763,42,1,5.0
9489,5764,21,1,5.0
9490,5765,25,1,10.0
9491,5766,52,1,0.0
9492,5767,13,3,10.0
9493,5768,3,3,10.0
9494,5769,24,1,0.0
9495,5769,55,1,10.0
9496,5769,17,1,10.0
9497,5769,36,1,5.0
9498,5770,20,3,5.0
9499,5771,33,4,0.0
9500,5772,14,3,5.0
9501,5773,8,1,0.0
9502,5774,26,1,0.0
9503,5774,29,3,10.0
9504,5775,17,2,0.0
9505,5776,22,1,5.0
9506,5776,59,1,5.0
9507,5777,26,3,0.0
9508,5778,9,2,5.0
9509,5779,42,1,10.0
9510,5780,57,1,15.0
9511,5780,46,2,5.0
9512,5781,25,1,5.0
9513,5781,9,1,5.0
9514,5782,11,2,15.0
9515,5783,20,2,15.0
9516,5784,36,3,10.0
9517,5785,55,2,0.0
9518,5785,34,2,0.0
9519,5785,26,1,10.0
9520,5785,31,2,0.0
9521,5786,44,1,10.0
9522,5786,32,3,15.0
9523,5786,19,4,10.0
9524,5787,18,1,5.0
9525,5787,58,2,0.0
9526,5788,32,2,0.0
9527,5789,16,1,10.0
9528,5790,51,2,15.0
9529,5791,43,1,20.0
9530,5792,60,3,15.0
9531,5792,46,2,10.0
9532,5793,55,4,5.0
9533,5794,3,1,20.0
9534,5795,25,2,15.0
9535,5795,24,2,0.0
9536,5795,34,2,10.0
9537,5796,34,1,15.0
9538,5796,32,1,0.0
9539,5796,43,2,5.0
9540,5797,58,1,15.0
9541,5798,55,1,10.0
9542,5799,46,1,15.0
9543,5799,39,1,5.0
9544,5799,50,1,5.0
9545,5799,53,2,10.0
9546,5800,14,1,5.0
9547,5801,56,1,5.0
9548,5802,10,1,0.0
9549,5802,43,1,5.0
9550,5803,37,2,10.0
9551,5804,9,1,0.0
9552,5805,56,2,0.0
9553,5805,31,1,10.0
9554,5806,4,2,10.0
9555,5806,36,1,5.0
9556,5806,27,1,15.0
9557,5807,51,4,10.0
9558,5808,16,1,20.0
9559,5809,45,2,5.0
9560,5810,55,3,5.0
9561,5811,23,1,5.0
9562,5811,34,2,5.0
9563,5811,49,1,20.0
9564,5811,57,2,0.0
9565,5812,28,2,10.0
9566,5813,42,2,10.0
9567,5813,10,1,10.0
9568,5814,29,2,10.0
9569,5814,24,4,10.0
9570,5815,27,1,15.0
9571,5815,58,1,10.0
9572,5815,42,1,10.0
9573,5816,9,1,0.0
9574,5817,40,1,15.0
9575,5818,15,5,15.0
9576,5818,23,1,10.0
9577,5819,41,2,5.0
9578,5820,9,4,15.0
9579,5821,57,2,0.0
9580,5821,54,1,15.0
9581,5822,21,3,10.0
9582,5823,19,1,5.0
9583,5824,6,3,15.0
9584,5825,55,1,15.0
9585,5825,34,1,0.0
9586,5825,22,1,0.0
9587,5825,25,2,20.0
9588,5826,15,1,15.0
9589,5827,3,3,5.0
9590,5827,24,3,0.0
9591,5828,43,3,10.0
9592,5829,58,1,0.0
9593,5830,44,2,5.0
9594,5830,2,1,10.0
9595,5830,12,2,5.0
9596,5831,52,1,10.0
9597,5832,48,1,5.0
9598,5832,9,1,10.0
9599,5833,31,2,5.0
9600,5833,49,1,0.0
9601,5834,16,5,10.0
9602,5835,38,1,15.0
9603,5836,19,2,0.0
9604,5836,39,1,15.0
9605,5837,43,1,15.0
9606,5837,8,2,0.0
9607,5838,49,1,5.0
9608,5839,23,3,5.0
9609,5840,43,2,20.0
9610,5840,39,1,5.0
9611,5841,30,2,10.0
9612,5842,60,1,5.0
9613,5843,31,3,5.0
9614,5844,54,1,15.0
9615,5845,49,4,5.0
9616,5845,44,2,15.0
9617,5845,42,2,0.0
9618,5846,28,1,0.0
9619,5846,31,2,20.0
9620,5847,40,1,0.0
9621,5848,59,2,0.0
9622,5848,49,2,20.0
9623,5849,13,1,0.0
9624,5849,29,2,0.0
9625,5849,54,1,5.0
9626,5849,47,1,5.0
9627,5850,8,5,10.0
9628,5851,60,4,5.0
9629,5851,41,3,15.0
9630,5851,15,3,20.0
9631,5852,29,1,15.0
9632,5852,10,1,0.0
9633,5853,59,2,0.0
9634,5853,45,1,10.0
9635,5854,21,1,5.0
9636,5854,31,1,15.0
9637,5855,7,1,15.0
9638,5856,47,2,0.0
9639,5857,18,3,10.0
9640,5857,45,1,0.0
9641,5858,44,3,5.0
9642,5858,31,2,10.0
9643,5858,56,4,10.0
9644,5858,59,3,5.0
9645,5859,9,1,0.0
9646,5860,17,2,5.0
9647,5861,44,1,10.0
9648,5861,59,1,15.0
9649,5862,46,1,5.0
9650,5863,41,1,15.0
9651,5863,52,1,5.0
9652,5863,21,1,20.0
9653,5864,37,2,15.0
9654,5865,41,4,0.0
9655,5866,23,3,0.0
9656,5867,21,2,0.0
9657,5868,12,3,0.0
9658,5868,33,1,5.0
9659,5869,15,2,5.0
9660,5869,5,5,5.0
9661,5869,6,1,10.0
9662,5870,14,2,10.0
9663,5870,1,2,10.0
9664,5870,9,2,0.0
9665,5871,4,4,10.0
9666,5872,54,2,10.0
9667,5873,7,1,0.0
9668,5873,12,3,5.0
9669,5874,37,2,15.0
9670,5874,48,3,5.0
9671,5875,5,1,0.0
9672,5875,27,2,15.0
9673,5876,44,1,20.0
9674,5876,11,1,15.0
9675,5876,38,1,10.0
9676,5876,26,2,5.0
9677,5877,42,1,15.0
9678,5878,27,1,0.0
9679,5879,48,3,0.0
9680,5880,50,1,0.0
9681,5881,53,5,0.0
9682,5882,24,1,5.0
9683,5882,25,2,20.0
9684,5883,5,1,5.0
9685,5883,46,2,15.0
9686,5884,5,1,10.0
9687,5884,41,1,0.0
9688,5885,25,1,5.0
9689,5886,9,2,5.0
9690,5886,6,2,0.0
9691,5886,19,1,5.0
9692,5887,50,1,10.0
9693,5887,51,1,5.0
9694,5887,38,3,15.0
9695,5888,26,1,5.0
9696,5888,46,3,20.0
9697,5888,18,3,0.0
9698,5889,42,1,5.0
9699,5890,15,2,0.0
9700,5891,34,2,10.0
9701,5892,44,3,5.0
9702,5893,9,3,0.0
9703,5894,5,5,10.0
9704,5895,59,2,15.0
9705,5895,43,1,15.0
9706,5896,18,1,10.0
9707,5896,31,3,0.0
9708,5897,49,2,10.0
9709,5897,30,4,5.0
9710,5898,60,1,10.0
9711,5898,52,1,15.0
9712,5898,29,1,0.0
9713,5899,52,1,0.0
9714,5900,49,1,15.0
9715,5901,49,2,10.0
9716,5901,12,1,5.0
9717,5902,39,4,0.0
9718,5903,17,2,10.0
9719,5903,12,1,5.0
9720,5903,23,3,0.0
9721,5904,59,2,5.0
9722,5905,21,2,5.0
9723,5905,33,1,10.0
9724,5905,42,2,5.0
9725,5906,46,2,10.0
9726,5907,14,3,5.0
9727,5907,32,3,0.0
9728,5907,50,3,15.0
9729,5908,44,3,5.0
9730,5908,47,2,0.0
9731,5909,51,1,15.0
9732,5910,54,2,0.0
9733,5911,15,1,5.0
9734,5911,9,1,10.0
9735,5912,7,2,0.0
9736,5912,24,1,5.0
9737,5913,5,2,0.0
9738,5913,46,2,0.0
9739,5913,55,2,0.0
9740,5914,26,1,5.0
9741,5915,26,1,15.0
9742,5915,51,1,5.0
9743,5916,53,2,0.0
9744,5916,14,1,0.0
9745,5916,35,1,5.0
9746,5917,27,2,0.0
9747,5918,42,1,5.0
9748,5919,43,1,10.0
9749,5919,27,4,0.0
9750,5919,48,1,0.0
9751,5919,39,4,0.0
9752,5920,55,1,5.0
9753,5920,57,1,5.0
9754,5920,53,1,0.0
9755,5920,52,1,20.0
9756,5921,43,3,5.0
9757,5922,18,1,10.0
9758,5922,56,2,5.0
9759,5922,27,3,15.0
9760,5922,2,2,5.0
9761,5923,19,1,5.0
9762,5924,4,2,15.0
9763,5925,33,1,5.0
9764,5925,59,5,15.0
9765,5926,50,1,10.0
9766,5927,9,1,5.0
9767,5928,10,1,15.0
9768,5929,55,5,0.0
9769,5929,37,1,15.0
9770,5930,26,1,5.0
9771,5930,58,2,5.0
9772,5931,13,1,10.0
9773,5932,49,4,0.0
9774,5932,55,1,20.0
9775,5933,1,1,10.0
9776,5934,8,1,10.0
9777,5934,51,2,20.0
9778,5935,5,2,5.0
9779,5936,23,1,5.0
9780,5937,55,1,5.0
9781,5937,19,1,10.0
9782,5937,26,3,10.0
9783,5938,10,4,10.0
9784,5938,45,1,10.0
9785,5938,54,1,5.0
9786,5939,4,4,15.0
9787,5940,29,2,5.0
9788,5941,14,1,10.0
9789,5941,34,2,0.0
9790,5941,44,4,0.0
9791,5942,16,2,10.0
9792,5943,11,3,10.0
9793,5943,26,1,10.0
9794,5944,34,2,5.0
9795,5944,10,2,15.0
9796,5945,3,1,10.0
9797,5946,41,1,0.0
9798,5947,12,1,10.0
9799,5947,8,2,0.0
9800,5947,27,1,10.0
9801,5948,17,4,10.0
9802,5949,1,1,5.0
9803,5950,30,2,10.0
9804,5951,17,2,0.0
9805,5951,23,4,5.0
9806,5952,57,3,15.0
9807,5952,55,2,0.0
9808,5952,54,1,0.0
9809,5952,56,3,0.0
9810,5953,17,1,10.0
9811,5953,30,1,15.0
9812,5953,57,1,0.0
9813,5954,33,4,5.0
9814,5955,4,1,5.0
9815,5956,11,2,15.0
9816,5957,30,2,5.0
9817,5958,5,1,0.0
9818,5958,58,3,15.0
9819,5959,37,1,5.0
9820,5959,34,3,5.0
9821,5959,13,1,5.0
9822,5959,27,2,15.0
9823,5960,54,1,0.0
9824,5960,38,3,5.0
9825,5960,31,2,15.0
9826,5961,7,3,0.0
9827,5961,38,1,0.0
9828,5962,34,1,10.0
9829,5963,28,1,0.0
9830,5964,52,1,15.0
9831,5964,57,1,5.0
9832,5965,13,1,5.0
9833,5966,4,2,10.0
9834,5967,6,1,15.0
9835,5968,16,4,15.0
9836,5968,59,1,10.0
9837,5968,11,2,5.0
9838,5969,35,1,0.0
9839,5969,52,1,0.0
9840,5969,34,1,5.0
9841,5970,35,3,0.0
9842,5970,47,3,5.0
9843,5971,57,1,10.0
9844,5971,29,1,5.0
9845,5971,56,2,20.0
9846,5972,40,2,5.0
9847,5973,35,1,10.0
9848,5973,36,1,10.0
9849,5974,39,2,0.0
9850,5975,44,2,10.0
9851,5975,23,3,5.0
9852,5975,42,2,10.0
9853,5975,7,1,5.0
9854,5976,58,1,10.0
9855,5977,18,2,10.0
9856,5978,19,1,5.0
9857,5978,31,1,10.0
9858,5979,22,1,15.0
9859,5980,36,5,15.0
9860,5980,11,3,0.0
9861,5981,18,1,10.0
9862,5981,33,1,0.0
9863,5981,5,1,15.0
9864,5982,50,2,5.0
9865,5983,30,2,15.0
9866,5984,40,1,0.0
9867,5984,54,3,10.0
9868,5985,35,1,15.0
9869,5985,47,1,10.0
9870,5986,35,1,5.0
9871,5987,16,2,10.0
9872,5988,1,1,10.0
9873,5989,20,2,0.0
9874,5990,42,1,20.0
9875,5991,35,1,10.0
9876,5991,34,1,0.0
9877,5992,2,2,5.0
9878,5993,38,2,15.0
9879,5994,26,1,5.0
9880,5995,23,2,20.0
9881,5995,4,2,10.0
9882,5995,44,4,15.0
9883,5995,24,1,5.0
9884,5996,12,1,15.0
9885,5996,29,1,5.0
9886,5997,45,4,0.0
9887,5998,14,1,5.0
9888,5998,33,1,5.0
9889,5999,19,2,10.0
9890,5999,11,1,0.0
9891,6000,53,1,0.0
9892,6000,15,5,0.0
9893,6001,33,2,0.0
9894,6002,52,4,5.0
9895,6002,58,1,0.0
9896,6003,49,3,10.0
9897,6004,12,1,5.0
9898,6005,41,1,0.0
9899,6005,7,1,5.0
9900,6005,48,4,10.0
9901,6006,45,2,10.0
9902,6006,19,1,5.0
9903,6006,46,3,15.0
9904,6007,57,4,0.0
9905,6008,4,2,0.0
9906,6008,45,2,0.0
9907,6009,47,2,15.0
9908,6010,23,1,10.0
9909,6011,23,1,15.0
9910,6011,24,3,0.0
9911,6011,58,2,0.0
9912,6012,40,1,0.0
9913,6012,41,1,15.0
9914,6013,9,5,20.0
9915,6013,54,2,5.0
9916,6014,41,1,10.0
9917,6014,52,1,5.0
9918,6015,22,3,5.0
9919,6016,53,1,10.0
9920,6016,60,1,5.0
9921,6017,9,1,10.0
9922,6017,54,3,15.0
9923,6018,14,3,0.0
9924,6019,60,4,10.0
9925,6019,26,3,5.0
9926,6019,34,3,15.0
9927,6019,27,1,5.0
9928,6020,30,1,0.0
9929,6020,35,5,0.0
9930,6021,33,3,10.0
9931,6022,30,1,15.0
9932,6023,15,1,0.0
9933,6023,36,1,10.0
9934,6023,42,2,10.0
9935,6024,30,3,10.0
9936,6025,5,1,0.0
9937,6025,17,2,0.0
9938,6026,34,2,0.0
9939,6026,19,1,15.0
9940,6026,11,1,15.0
9941,6027,46,1,0.0
9942,6027,28,1,0.0
9943,6027,29,1,5.0
9944,6028,13,2,5.0
9945,6028,59,1,0.0
9946,6029,32,2,15.0
9947,6029,41,4,5.0
9948,6030,7,2,15.0
9949,6030,46,1,5.0
9950,6031,31,2,10.0
9951,6032,27,3,10.0
9952,6033,56,1,20.0
9953,6034,21,3,15.0
9954,6034,49,1,10.0
9955,6034,24,1,15.0
9956,6035,37,1,15.0
9957,6036,8,3,0.0
9958,6037,7,1,5.0
9959,6038,40,1,10.0
9960,6038,24,1,15.0
9961,6039,6,1,0.0
9962,6039,33,1,0.0
9963,6039,58,1,5.0
9964,6040,4,4,10.0
9965,6040,17,1,10.0
9966,6041,27,2,10.0
9967,6041,4,4,10.0
9968,6041,44,1,5.0
9969,6042,47,2,5.0
9970,6043,18,2,0.0
9971,6044,4,5,0.0
9972,6045,58,5,0.0
9973,6045,11,2,5.0
9974,6046,59,1,5.0
9975,6046,31,2,5.0
9976,6047,11,1,5.0
9977,6048,4,2,5.0
9978,6048,53,1,0.0
9979,6049,10,2,5.0
9980,6050,49,2,0.0
9981,6050,7,1,20.0
9982,6050,57,4,5.0
9983,6050,56,3,10.0
9984,6051,50,1,0.0
9985,6051,37,3,10.0
9986,6051,48,1,0.0
9987,6052,24,1,5.0
9988,6053,16,4,0.0
9989,6053,26,2,0.0
9990,6053,42,3,10.0
9991,6054,22,1,15.0
9992,6054,32,1,10.0
9993,6055,53,1,0.0
9994,6056,32,1,20.0
9995,6057,54,1,0.0
9996,6057,5,1,0.0
9997,6058,9,2,5.0
9998,6059,24,4,5.0
9999,6060,28,1,0.0
10000,6060,23,4,5.0
10001,6061,31,2,5.0
10002,6061,17,1,0.0
10003,6061,14,2,5.0
10004,6061,54,1,10.0
10005,6062,23,2,5.0
10006,6063,42,1,5.0
10007,6064,8,4,10.0
10008,6064,52,1,10.0
10009,6065,3,1,0.0
10010,6066,7,1,0.0
10011,6066,28,1,10.0
10012,6067,12,1,10.0
10013,6067,30,1,15.0
10014,6067,59,2,10.0
10015,6068,25,2,5.0
10016,6069,4,2,0.0
10017,6069,46,1,15.0
10018,6070,58,1,5.0
10019,6071,39,1,0.0
10020,6071,21,2,15.0
10021,6071,51,2,0.0
10022,6072,55,2,0.0
10023,6072,9,4,10.0
10024,6073,36,4,5.0
10025,6074,57,3,15.0
10026,6075,24,1,10.0
10027,6076,50,1,5.0
10028,6076,24,2,10.0
10029,6077,47,2,5.0
10030,6078,30,1,10.0
10031,6078,13,1,5.0
10032,6079,48,2,5.0
10033,6079,31,2,5.0
10034,6079,60,3,5.0
10035,6079,34,2,5.0
10036,6080,19,2,0.0
10037,6080,18,4,15.0
10038,6081,33,2,0.0
10039,6081,24,2,10.0
10040,6081,42,1,5.0
10041,6081,1,2,0.0
10042,6082,36,4,0.0
10043,6082,19,2,15.0
10044,6083,24,3,5.0
10045,6083,13,2,10.0
10046,6084,51,3,0.0
10047,6084,12,2,20.0
10048,6084,27,1,10.0
10049,6084,11,1,0.0
10050,6085,23,5,0.0
10051,6085,39,1,5.0
10052,6086,57,1,20.0
10053,6086,43,2,5.0
10054,6087,21,1,10.0
10055,6087,18,3,10.0
10056,6087,25,1,5.0
10057,6088,35,1,5.0
10058,6088,38,1,15.0
10059,6088,8,4,0.0
10060,6088,6,1,5.0
10061,6089,45,1,0.0
10062,6090,12,1,15.0
10063,6091,15,1,10.0
10064,6092,58,2,0.0
10065,6093,18,1,15.0
10066,6094,17,1,0.0
10067,6094,7,2,5.0
10068,6094,12,2,10.0
10069,6095,56,1,10.0
10070,6096,19,1,0.0
10071,6097,30,3,10.0
10072,6098,55,2,5.0
10073,6098,4,1,5.0
10074,6098,52,4,5.0
10075,6098,37,1,10.0
10076,6099,27,2,10.0
10077,6100,26,1,10.0
10078,6101,41,3,0.0
10079,6102,46,2,15.0
10080,6103,53,1,0.0
10081,6103,54,2,0.0
10082,6104,53,1,0.0
10083,6105,57,3,10.0
10084,6106,37,2,5.0
10085,6106,25,4,15.0
10086,6106,33,1,10.0
10087,6107,29,1,0.0
10088,6108,53,1,10.0
10089,6109,3,4,15.0
10090,6109,46,1,5.0
10091,6110,14,1,10.0
10092,6110,52,4,10.0
10093,6110,57,2,10.0
10094,6111,44,2,10.0
10095,6111,17,1,10.0
10096,6112,32,4,0.0
10097,6113,50,2,10.0
10098,6114,34,2,0.0
10099,6115,30,5,10.0
10100,6116,31,2,0.0
10101,6116,15,4,10.0
10102,6116,9,1,10.0
10103,6117,14,2,10.0
10104,6117,22,1,0.0
10105,6118,42,1,15.0
10106,6118,7,1,10.0
10107,6119,53,2,0.0
10108,6120,38,2,5.0
10109,6120,18,2,0.0
10110,6120,17,1,5.0
10111,6120,51,1,10.0
10112,6121,26,2,5.0
10113,6122,29,1,15.0
10114,6122,42,1,0.0
10115,6122,43,2,5.0
10116,6123,19,2,10.0
10117,6124,58,1,5.0
10118,6125,53,1,5.0
10119,6125,41,2,0.0
10120,6126,8,1,0.0
10121,6127,59,2,5.0
10122,6128,58,2,15.0
10123,6129,43,1,5.0
10124,6129,29,2,5.0
10125,6130,23,1,0.0
10126,6130,41,1,0.0
10127,6131,39,3,5.0
10128,6132,41,1,10.0
10129,6132,1,3,5.0
10130,6133,44,1,5.0
10131,6134,36,3,5.0
10132,6135,40,2,15.0
10133,6136,42,2,5.0
10134,6137,58,2,0.0
10135,6137,9,2,10.0
10136,6137,43,1,10.0
10137,6138,48,1,15.0
10138,6139,9,2,5.0
10139,6140,38,2,15.0
10140,6140,16,1,15.0
10141,6141,9,1,15.0
10142,6141,30,4,20.0
10143,6141,21,1,0.0
10144,6141,33,1,5.0
10145,6142,59,2,10.0
10146,6143,41,4,10.0
10147,6143,55,3,5.0
10148,6143,45,4,0.0
10149,6144,56,1,0.0
10150,6145,12,2,10.0
10151,6145,50,5,0.0
10152,6146,36,2,5.0
10153,6147,37,1,5.0
10154,6147,60,3,0.0
10155,6148,26,2,5.0
10156,6149,47,3,5.0
10157,6149,12,2,10.0
10158,6149,39,1,0.0
10159,6149,2,2,0.0
10160,6150,37,1,0.0
10161,6150,15,1,5.0
10162,6151,58,1,10.0
10163,6152,3,2,0.0
10164,6153,29,2,0.0
10165,6154,22,3,5.0
10166,6155,36,2,10.0
10167,6155,49,1,15.0
10168,6156,26,3,0.0
10169,6156,40,1,5.0
10170,6157,7,3,10.0
10171,6157,3,1,10.0
10172,6158,42,1,5.0
10173,6159,31,1,5.0
10174,6160,23,2,5.0
10175,6160,25,2,5.0
10176,6161,2,2,0.0
10177,6162,8,5,5.0
10178,6163,32,2,15.0
10179,6164,34,1,15.0
10180,6165,59,1,10.0
10181,6166,48,1,0.0
10182,6167,53,1,20.0
10183,6168,21,2,5.0
10184,6168,12,1,0.0
10185,6169,33,4,5.0
10186,6170,34,2,5.0
10187,6171,3,5,5.0
10188,6172,43,3,10.0
10189,6173,9,2,5.0
10190,6173,41,1,0.0
10191,6173,45,5,5.0
10192,6174,48,4,10.0
10193,6175,6,1,0.0
10194,6176,24,2,5.0
10195,6177,26,1,15.0
10196,6177,36,3,5.0
10197,6177,33,4,0.0
10198,6178,41,1,0.0
10199,6179,27,1,15.0
10200,6180,56,2,10.0
10201,6181,40,1,15.0
10202,6182,19,1,5.0
10203,6183,22,2,5.0
10204,6184,42,1,15.0
10205,6185,30,2,15.0
10206,6185,15,1,15.0
10207,6185,23,1,5.0
10208,6186,44,1,0.0
10209,6187,39,1,15.0
10210,6188,50,3,5.0
10211,6189,58,1,0.0
10212,6190,38,1,5.0
10213,6191,6,1,15.0
10214,6192,18,5,15.0
10215,6193,44,2,10.0
10216,6194,43,1,10.0
10217,6195,44,1,15.0
10218,6196,29,2,5.0
10219,6196,40,1,20.0
10220,6196,44,1,5.0
10221,6196,37,4,15.0
10222,6197,28,4,0.0
10223,6198,4,1,10.0
10224,6199,50,1,20.0
10225,6199,38,2,10.0
10226,6199,17,3,15.0
10227,6200,60,1,5.0
10228,6200,49,2,5.0
10229,6201,11,1,5.0
10230,6202,29,1,10.0
10231,6202,44,1,20.0
10232,6203,55,5,5.0
10233,6204,14,1,10.0
10234,6204,4,1,5.0
10235,6205,39,3,5.0
10236,6206,38,3,0.0
10237,6206,50,4,5.0
10238,6207,24,2,0.0
10239,6207,52,5,15.0
10240,6208,16,1,0.0
10241,6209,30,1,5.0
10242,6209,52,2,5.0
10243,6210,50,1,15.0
10244,6211,22,1,5.0
10245,6211,27,2,20.0
10246,6212,27,1,10.0
10247,6212,8,2,0.0
10248,6213,30,4,20.0
10249,6213,32,1,15.0
10250,6213,18,1,10.0
10251,6214,13,3,10.0
10252,6214,16,1,15.0
10253,6215,31,1,10.0
10254,6216,48,1,5.0
10255,6217,10,1,5.0
10256,6218,3,4,15.0
10257,6218,1,1,0.0
10258,6219,31,1,15.0
10259,6220,29,2,10.0
10260,6221,34,3,5.0
10261,6221,20,1,5.0
10262,6221,39,1,0.0
10263,6222,33,3,10.0
10264,6223,20,2,10.0
10265,6223,33,1,0.0
10266,6224,26,1,0.0
10267,6224,1,2,10.0
10268,6224,24,2,0.0
10269,6225,8,4,5.0
10270,6225,53,1,5.0
10271,6226,53,1,10.0
10272,6227,26,1,5.0
10273,6228,50,3,5.0
10274,6229,4,1,0.0
10275,6230,2,2,0.0
10276,6231,3,1,10.0
10277,6231,51,3,15.0
10278,6232,47,2,5.0
10279,6233,42,1,10.0
10280,6234,59,1,15.0
10281,6235,12,2,10.0
10282,6235,39,2,15.0
10283,6236,5,1,10.0
10284,6236,43,1,0.0
10285,6237,54,1,0.0
10286,6237,29,2,5.0
10287,6237,43,2,5.0
10288,6238,25,1,10.0
10289,6238,41,1,0.0
10290,6238,32,1,10.0
10291,6239,45,1,10.0
10292,6240,42,4,5.0
10293,6241,32,1,5.0
10294,6242,6,1,10.0
10295,6242,5,5,15.0
10296,6242,18,1,5.0
10297,6243,34,3,5.0
10298,6243,44,1,5.0
10299,6243,59,2,0.0
10300,6244,29,1,10.0
10301,6244,43,3,0.0
10302,6245,43,2,0.0
10303,6245,10,2,20.0
10304,6245,18,1,0.0
10305,6246,57,3,0.0
10306,6247,46,1,0.0
10307,6248,15,1,15.0
10308,6248,3,1,10.0
10309,6249,1,1,10.0
10310,6250,15,1,0.0
10311,6250,45,1,10.0
10312,6250,48,1,20.0
10313,6251,10,3,5.0
10314,6252,31,1,0.0
10315,6253,58,2,0.0
10316,6254,1,5,0.0
10317,6255,55,1,5.0
10318,6255,22,2,5.0
10319,6256,6,2,0.0
10320,6256,21,2,15.0
10321,6257,2,2,10.0
10322,6258,41,2,15.0
10323,6259,47,3,15.0
10324,6259,58,1,5.0
10325,6260,19,2,10.0
10326,6261,11,1,0.0
10327,6261,17,2,10.0
10328,6262,4,1,0.0
10329,6263,42,1,10.0
10330,6263,54,1,15.0
10331,6264,31,1,10.0
10332,6265,44,3,10.0
10333,6266,50,3,0.0
10334,6266,48,3,10.0
10335,6267,55,3,5.0
10336,6267,20,2,0.0
10337,6267,51,1,5.0
10338,6268,43,1,5.0
10339,6269,46,1,0.0
10340,6269,40,4,0.0
10341,6270,50,3,0.0
10342,6270,18,1,5.0
10343,6270,40,5,0.0
10344,6271,44,1,15.0
10345,6271,50,1,5.0
10346,6272,60,2,0.0
10347,6273,20,5,15.0
10348,6273,55,1,5.0
10349,6273,41,1,15.0
10350,6274,39,2,0.0
10351,6274,13,2,15.0
10352,6274,15,3,10.0
10353,6275,10,1,10.0
10354,6276,60,5,10.0
10355,6277,10,5,0.0
10356,6277,11,2,0.0
10357,6278,19,1,10.0
10358,6279,1,2,0.0
10359,6279,47,1,5.0
10360,6280,51,3,10.0
10361,6280,30,1,0.0
10362,6280,54,2,5.0
10363,6281,53,1,0.0
10364,6281,9,3,10.0
10365,6282,31,1,10.0
10366,6283,4,2,10.0
10367,6283,31,1,10.0
10368,6284,10,2,5.0
10369,6285,5,2,5.0
10370,6285,16,4,0.0
10371,6286,46,1,5.0
10372,6287,24,3,5.0
10373,6287,7,2,0.0
10374,6288,45,3,15.0
10375,6288,6,3,0.0
10376,6289,31,1,5.0
10377,6290,46,5,20.0
10378,6291,41,1,10.0
10379,6291,18,2,0.0
10380,6291,52,2,5.0
10381,6292,41,3,5.0
10382,6292,4,1,10.0
10383,6293,46,2,20.0
10384,6294,14,2,0.0
10385,6294,5,1,15.0
10386,6295,2,4,10.0
10387,6296,18,1,10.0
10388,6297,45,1,10.0
10389,6298,52,3,10.0
10390,6299,43,1,10.0
10391,6299,39,1,5.0
10392,6299,14,1,5.0
10393,6300,12,1,5.0
10394,6300,15,1,10.0
10395,6301,50,1,5.0
10396,6301,18,1,0.0
10397,6302,2,1,5.0
10398,6302,35,2,5.0
10399,6303,11,2,10.0
10400,6303,17,3,10.0
10401,6304,29,3,0.0
10402,6305,57,1,5.0
10403,6306,30,3,20.0
10404,6307,40,3,10.0
10405,6308,21,1,15.0
10406,6309,46,1,0.0
10407,6309,33,1,10.0
10408,6310,35,2,15.0
10409,6311,23,1,10.0
10410,6312,20,2,5.0
10411,6312,31,1,15.0
10412,6313,28,1,5.0
10413,6313,36,3,10.0
10414,6314,50,3,15.0
10415,6315,4,1,0.0
10416,6315,11,3,0.0
10417,6315,38,1,0.0
10418,6316,7,1,0.0
10419,6317,23,1,0.0
10420,6318,18,5,10.0
10421,6319,34,4,10.0
10422,6320,60,3,5.0
10423,6321,49,1,10.0
10424,6321,9,3,15.0
10425,6322,31,5,5.0
10426,6322,25,2,0.0
10427,6323,26,2,5.0
10428,6323,8,3,5.0
10429,6324,55,3,10.0
10430,6325,23,1,5.0
10431,6326,56,1,10.0
10432,6327,60,2,15.0
10433,6328,58,1,10.0
10434,6329,57,1,10.0
10435,6330,12,1,5.0
10436,6331,16,3,15.0
10437,6332,14,1,5.0
10438,6332,6,1,10.0
10439,6333,39,1,0.0
10440,6333,30,1,5.0
10441,6334,16,1,0.0
10442,6335,35,1,0.0
10443,6335,47,1,15.0
10444,6336,59,3,15.0
10445,6337,42,1,15.0
10446,6337,36,2,15.0
10447,6338,46,3,0.0
10448,6339,46,3,10.0
10449,6339,47,1,0.0
10450,6339,6,1,5.0
10451,6340,54,4,0.0
10452,6340,32,1,15.0
10453,6340,37,4,0.0
10454,6341,17,1,10.0
10455,6341,42,3,5.0
10456,6341,11,2,5.0
10457,6342,21,1,0.0
10458,6343,11,1,0.0
10459,6343,49,2,0.0
10460,6343,47,1,5.0
10461,6343,31,2,5.0
10462,6344,17,1,5.0
10463,6345,17,1,0.0
10464,6345,26,1,10.0
10465,6346,22,1,0.0
10466,6347,17,1,15.0
10467,6348,45,1,5.0
10468,6349,30,2,20.0
10469,6350,42,3,10.0
10470,6350,18,1,5.0
10471,6351,23,3,15.0
10472,6351,25,3,0.0
10473,6351,1,5,5.0
10474,6352,11,2,5.0
10475,6352,58,1,10.0
10476,6353,1,1,5.0
10477,6354,46,1,5.0
10478,6354,19,2,5.0
10479,6355,57,3,0.0
10480,6356,15,3,5.0
10481,6357,20,4,10.0
10482,6357,40,1,10.0
10483,6357,25,4,5.0
10484,6357,57,1,10.0
10485,6358,21,1,10.0
10486,6359,60,1,15.0
10487,6359,50,1,5.0
10488,6360,10,3,15.0
10489,6361,41,3,15.0
10490,6361,43,2,5.0
10491,6362,44,1,5.0
10492,6363,18,1,15.0
10493,6363,6,1,15.0
10494,6364,11,3,5.0
10495,6365,7,2,10.0
10496,6366,37,5,10.0
10497,6367,54,2,0.0
10498,6367,22,1,10.0
10499,6368,24,1,10.0
10500,6368,31,1,5.0
10501,6369,46,3,0.0
10502,6370,47,2,10.0
10503,6370,36,2,0.0
10504,6371,44,1,0.0
10505,6371,41,2,0.0
10506,6372,55,3,5.0
10507,6373,16,1,10.0
10508,6373,42,1,10.0
10509,6374,21,1,10.0
10510,6375,39,1,10.0
10511,6376,33,1,0.0
10512,6376,56,1,5.0
10513,6377,40,1,10.0
10514,6377,30,3,5.0
10515,6378,12,1,0.0
10516,6378,41,3,10.0
10517,6379,50,1,0.0
10518,6379,16,2,15.0
10519,6379,30,1,5.0
10520,6380,26,1,20.0
10521,6381,56,1,15.0
10522,6381,37,1,20.0
10523,6382,17,1,5.0
10524,6382,2,2,5.0
10525,6383,25,3,0.0
10526,6384,14,3,5.0
10527,6385,34,1,20.0
10528,6385,32,2,0.0
10529,6385,30,1,15.0
10530,6386,43,1,15.0
10531,6387,15,1,15.0
10532,6387,22,1,0.0
10533,6387,25,1,10.0
10534,6387,26,1,20.0
10535,6388,51,1,15.0
10536,6389,12,1,10.0
10537,6390,4,2,10.0
10538,6390,59,1,0.0
10539,6391,30,1,5.0
10540,6392,53,1,0.0
10541,6392,44,1,5.0
10542,6393,49,1,15.0
10543,6393,25,2,5.0
10544,6394,6,1,5.0
10545,6394,42,3,0.0
10546,6395,58,1,0.0
10547,6395,20,1,15.0
10548,6396,43,2,10.0
10549,6396,49,1,5.0
10550,6396,42,2,15.0
10551,6397,28,5,15.0
10552,6397,18,2,15.0
10553,6398,31,1,0.0
10554,6398,52,1,10.0
10555,6398,30,4,15.0
10556,6399,41,3,10.0
10557,6400,16,1,10.0
10558,6400,28,2,5.0
10559,6401,43,5,10.0
10560,6402,33,1,5.0
10561,6403,7,3,10.0
10562,6404,48,1,5.0
10563,6404,56,2,20.0
10564,6405,8,2,5.0
10565,6405,59,5,10.0
10566,6406,49,3,10.0
10567,6406,29,4,15.0
10568,6407,12,1,5.0
10569,6407,14,1,0.0
10570,6408,6,1,0.0
10571,6408,55,4,15.0
10572,6409,8,1,5.0
10573,6410,46,1,15.0
10574,6411,3,1,0.0
10575,6412,59,3,5.0
10576,6413,43,1,15.0
10577,6414,33,1,20.0
10578,6415,26,1,10.0
10579,6416,31,4,20.0
10580,6417,49,1,0.0
10581,6417,48,1,0.0
10582,6418,26,1,0.0
10583,6419,17,1,5.0
10584,6420,37,1,0.0
10585,6421,38,1,15.0
10586,6421,29,1,0.0
10587,6422,46,1,5.0
10588,6423,19,2,5.0
10589,6423,21,1,20.0
10590,6423,49,1,0.0
10591,6423,53,1,5.0
10592,6424,43,2,5.0
10593,6425,47,2,0.0
10594,6425,41,2,15.0
10595,6426,54,1,20.0
10596,6426,29,1,5.0
10597,6426,31,3,0.0
10598,6427,41,2,10.0
10599,6428,21,3,0.0
10600,6428,13,3,0.0
10601,6428,26,1,0.0
10602,6429,57,2,10.0
10603,6430,9,1,15.0
10604,6430,23,1,0.0
10605,6431,46,3,0.0
10606,6432,1,1,15.0
10607,6432,46,2,0.0
10608,6433,27,2,0.0
10609,6433,13,1,0.0
10610,6434,53,1,5.0
10611,6434,56,2,5.0
10612,6434,26,2,15.0
10613,6434,22,2,0.0
10614,6435,47,2,15.0
10615,6435,37,2,15.0
10616,6436,41,3,5.0
10617,6437,48,1,10.0
10618,6438,56,2,15.0
10619,6438,44,1,5.0
10620,6439,15,1,15.0
10621,6440,53,1,5.0
10622,6441,5,2,10.0
10623,6441,19,4,20.0
10624,6441,3,2,0.0
10625,6442,2,2,0.0
10626,6443,26,1,5.0
10627,6443,53,2,10.0
10628,6443,16,1,10.0
10629,6444,47,1,0.0
10630,6444,50,3,5.0
10631,6445,52,2,10.0
10632,6445,19,1,10.0
10633,6446,51,2,5.0
10634,6446,32,1,5.0
10635,6447,46,2,5.0
10636,6447,33,2,0.0
10637,6447,23,1,10.0
10638,6448,4,5,10.0
10639,6449,60,2,15.0
10640,6450,52,4,5.0
10641,6451,17,1,10.0
10642,6452,3,1,10.0
10643,6453,35,1,10.0
10644,6454,60,1,0.0
10645,6455,36,1,5.0
10646,6455,3,1,5.0
10647,6455,27,1,15.0
10648,6456,35,2,10.0
10649,6457,35,1,5.0
10650,6457,36,1,20.0
10651,6457,59,1,10.0
10652,6458,36,5,15.0
10653,6459,41,1,5.0
10654,6459,19,2,0.0
10655,6460,37,3,0.0
10656,6460,11,1,0.0
10657,6461,29,2,10.0
10658,6461,48,1,5.0
10659,6461,57,1,10.0
10660,6461,49,1,10.0
10661,6462,28,5,5.0
10662,6463,28,3,20.0
10663,6463,19,1,0.0
10664,6463,44,2,0.0
10665,6463,21,1,10.0
10666,6464,20,5,5.0
10667,6464,46,2,10.0
10668,6465,47,2,10.0
10669,6465,26,1,10.0
10670,6465,11,1,10.0
10671,6465,59,2,15.0
10672,6466,5,4,15.0
10673,6467,44,4,10.0
10674,6468,21,1,10.0
10675,6468,13,1,15.0
10676,6469,44,1,15.0
10677,6470,22,1,10.0
10678,6471,31,1,20.0
10679,6472,55,2,20.0
10680,6473,23,1,0.0
10681,6474,23,1,0.0
10682,6475,3,2,10.0
10683,6476,20,1,10.0
10684,6476,12,1,15.0
10685,6477,18,1,0.0
10686,6478,2,2,15.0
10687,6479,24,1,10.0
10688,6480,55,1,10.0
10689,6480,37,1,15.0
10690,6480,19,1,10.0
10691,6481,9,1,5.0
10692,6482,5,2,0.0
10693,6483,25,1,15.0
10694,6483,11,3,10.0
10695,6483,46,2,5.0
10696,6484,45,3,10.0
10697,6484,31,1,10.0
10698,6485,12,3,5.0
10699,6486,1,1,15.0
10700,6487,14,1,5.0
10701,6488,49,2,5.0
10702,6489,45,2,10.0
10703,6490,57,1,0.0
10704,6491,25,1,10.0
10705,6492,1,3,5.0
10706,6493,29,1,0.0
10707,6494,47,1,0.0
10708,6495,5,1,15.0
10709,6495,16,1,5.0
10710,6496,54,1,5.0
10711,6497,45,3,5.0
10712,6497,44,2,5.0
10713,6498,51,1,15.0
10714,6499,44,2,0.0
10715,6499,31,1,10.0
10716,6500,34,2,15.0
10717,6500,6,2,5.0
10718,6501,19,1,10.0
10719,6502,3,4,15.0
10720,6502,10,2,10.0
10721,6503,19,3,15.0
10722,6504,5,2,20.0
10723,6504,26,1,0.0
10724,6505,6,2,5.0
10725,6505,55,1,5.0
10726,6505,1,1,15.0
10727,6505,35,1,15.0
10728,6506,49,3,10.0
10729,6506,42,1,5.0
10730,6506,12,1,10.0
10731,6507,60,2,15.0
10732,6507,55,1,0.0
10733,6507,13,2,5.0
10734,6508,49,1,5.0
10735,6508,56,1,10.0
10736,6509,38,1,20.0
10737,6510,38,4,0.0
10738,6511,60,1,0.0
10739,6511,53,1,10.0
10740,6512,47,3,5.0
10741,6513,31,1,15.0
10742,6513,7,2,0.0
10743,6513,50,5,10.0
10744,6514,46,1,5.0
10745,6515,50,3,15.0
10746,6515,3,2,15.0
10747,6515,15,2,10.0
10748,6515,57,1,5.0
10749,6516,60,1,5.0
10750,6517,14,1,15.0
10751,6517,53,2,10.0
10752,6517,9,4,5.0
10753,6518,50,3,0.0
10754,6519,8,1,5.0
10755,6519,30,1,5.0
10756,6520,7,3,5.0
10757,6520,23,1,5.0
10758,6521,6,1,0.0
10759,6521,33,1,5.0
10760,6521,48,1,10.0
10761,6522,29,2,0.0
10762,6523,1,4,0.0
10763,6524,54,1,5.0
10764,6524,41,3,0.0
10765,6525,46,1,15.0
10766,6525,52,1,10.0
10767,6525,43,1,10.0
10768,6526,24,3,20.0
10769,6527,60,1,0.0
10770,6528,30,1,5.0
10771,6529,47,3,20.0
10772,6529,9,3,0.0
10773,6529,5,3,5.0
10774,6530,56,1,0.0
10775,6530,50,1,20.0
10776,6530,1,1,20.0
10777,6531,53,1,0.0
10778,6531,14,4,10.0
10779,6532,52,3,5.0
10780,6532,6,2,0.0
10781,6533,49,2,10.0
10782,6534,50,1,5.0
10783,6535,13,1,5.0
10784,6536,44,3,5.0
10785,6537,50,3,5.0
10786,6538,13,1,0.0
10787,6539,27,2,15.0
10788,6540,35,3,5.0
10789,6541,13,2,0.0
10790,6541,14,1,10.0
10791,6541,10,2,0.0
10792,6542,21,1,5.0
10793,6543,58,2,15.0
10794,6543,31,1,5.0
10795,6544,13,2,0.0
10796,6545,18,1,0.0
10797,6546,43,1,10.0
10798,6547,10,2,0.0
10799,6548,33,3,5.0
10800,6549,42,3,15.0
10801,6549,48,4,0.0
10802,6550,17,1,10.0
10803,6551,34,3,5.0
10804,6552,16,1,0.0
10805,6553,29,1,0.0
10806,6553,27,3,5.0
10807,6553,41,4,5.0
10808,6554,57,1,10.0
10809,6555,25,1,15.0
10810,6555,58,1,0.0
10811,6556,3,2,0.0
10812,6557,20,2,0.0
10813,6557,37,1,10.0
10814,6557,21,4,0.0
10815,6558,6,3,0.0
10816,6559,2,1,15.0
10817,6560,18,1,0.0
10818,6560,47,3,0.0
10819,6561,13,3,5.0
10820,6562,47,1,0.0
10821,6562,3,3,0.0
10822,6563,54,2,0.0
10823,6563,21,1,10.0
10824,6564,20,4,10.0
10825,6564,35,2,20.0
10826,6565,43,1,5.0
10827,6566,18,1,5.0
10828,6567,10,1,5.0
10829,6567,11,2,5.0
10830,6567,57,2,5.0
10831,6568,48,2,15.0
10832,6569,2,2,5.0
10833,6569,32,3,0.0
10834,6570,26,1,0.0
10835,6570,7,3,0.0
10836,6571,2,4,0.0
10837,6571,10,1,0.0
10838,6572,40,1,0.0
10839,6573,27,1,5.0
10840,6574,6,2,5.0
10841,6575,28,3,15.0
10842,6576,49,2,5.0
10843,6577,30,1,5.0
10844,6578,7,2,10.0
10845,6579,21,3,0.0
10846,6579,42,1,0.0
10847,6580,50,1,10.0
10848,6581,33,2,5.0
10849,6582,60,3,10.0
10850,6582,4,2,5.0
10851,6582,37,3,15.0
10852,6583,56,2,10.0
10853,6583,49,1,0.0
10854,6583,26,3,5.0
10855,6583,12,1,15.0
10856,6584,10,1,10.0
10857,6584,43,1,0.0
10858,6585,48,1,5.0
10859,6585,56,3,10.0
10860,6586,30,5,10.0
10861,6587,36,2,10.0
10862,6587,21,1,5.0
10863,6588,35,2,5.0
10864,6588,40,2,10.0
10865,6588,38,3,0.0
10866,6589,30,2,0.0
10867,6589,41,2,15.0
10868,6589,45,3,10.0
10869,6590,51,1,10.0
10870,6591,4,1,0.0
10871,6591,5,3,5.0
10872,6592,13,2,0.0
10873,6592,39,1,15.0
10874,6592,6,2,15.0
10875,6593,7,2,5.0
10876,6594,33,1,5.0
10877,6595,44,2,15.0
10878,6596,37,1,5.0
10879,6597,34,1,0.0
10880,6598,60,2,5.0
10881,6599,46,2,0.0
10882,6600,24,1,0.0
10883,6600,38,5,10.0
10884,6600,42,5,10.0
10885,6601,19,2,0.0
10886,6601,48,1,15.0
10887,6602,11,4,20.0
10888,6602,56,2,10.0
10889,6603,57,1,10.0
10890,6603,6,3,10.0
10891,6604,45,2,15.0
10892,6605,14,2,0.0
10893,6606,52,1,0.0
10894,6607,27,1,5.0
10895,6608,20,4,0.0
10896,6609,39,1,10.0
10897,6610,42,1,10.0
10898,6611,34,1,5.0
10899,6612,20,3,15.0
10900,6612,2,4,10.0
10901,6612,49,1,0.0
10902,6613,57,1,15.0
10903,6614,17,1,0.0
10904,6615,23,2,10.0
10905,6616,33,2,0.0
10906,6617,15,3,0.0
10907,6617,9,1,10.0
10908,6618,55,3,15.0
10909,6619,35,2,15.0
10910,6619,17,1,15.0
10911,6620,31,2,10.0
10912,6621,33,2,5.0
10913,6622,18,1,5.0
10914,6622,44,1,10.0
10915,6623,58,2,0.0
10916,6623,32,1,5.0
10917,6623,39,1,5.0
10918,6623,8,4,5.0
10919,6624,44,3,0.0
10920,6625,10,1,15.0
10921,6625,45,1,5.0
10922,6626,49,4,0.0
10923,6627,20,1,10.0
10924,6627,33,4,0.0
10925,6628,56,1,15.0
10926,6628,47,1,10.0
10927,6628,29,1,15.0
10928,6629,51,1,10.0
10929,6630,27,4,10.0
10930,6631,12,5,5.0
10931,6632,26,2,5.0
10932,6633,47,1,10.0
10933,6633,20,3,15.0
10934,6633,55,3,10.0
10935,6634,28,1,5.0
10936,6635,27,3,5.0
10937,6636,7,1,15.0
10938,6637,4,4,0.0
10939,6637,33,2,5.0
10940,6637,57,5,10.0
10941,6637,20,2,5.0
10942,6638,57,2,10.0
10943,6639,39,1,5.0
10944,6640,12,2,0.0
10945,6641,24,1,10.0
10946,6642,57,1,5.0
10947,6643,43,2,0.0
10948,6643,4,2,10.0
10949,6644,47,2,5.0
10950,6645,17,1,0.0
10951,6645,34,2,10.0
10952,6646,21,1,0.0
10953,6647,57,3,5.0
10954,6647,21,2,10.0
10955,6648,10,1,0.0
10956,6649,25,2,5.0
10957,6650,30,3,0.0
10958,6651,15,1,5.0
10959,6652,34,3,0.0
10960,6653,45,4,10.0
10961,6654,4,3,5.0
10962,6655,33,1,10.0
10963,6655,49,3,5.0
10964,6655,60,5,10.0
10965,6656,17,2,10.0
10966,6657,21,1,10.0
10967,6657,59,1,0.0
10968,6658,45,1,5.0
10969,6659,5,2,5.0
10970,6659,16,3,10.0
10971,6659,60,3,5.0
10972,6660,29,2,0.0
10973,6660,12,2,20.0
10974,6661,28,1,0.0
10975,6661,9,2,0.0
10976,6662,25,2,20.0
10977,6663,32,1,15.0
10978,6664,53,2,15.0
10979,6665,3,3,5.0
10980,6665,8,1,10.0
10981,6665,11,2,15.0
10982,6666,57,1,0.0
10983,6667,30,1,10.0
10984,6667,54,2,10.0
10985,6668,14,1,15.0
10986,6668,12,1,0.0
10987,6669,5,2,5.0
10988,6669,48,3,15.0
10989,6669,15,1,5.0
10990,6670,54,1,0.0
10991,6671,52,1,5.0
10992,6672,20,1,5.0
10993,6673,45,1,15.0
10994,6674,5,2,5.0
10995,6675,42,4,10.0
10996,6675,32,3,20.0
10997,6675,17,3,0.0
10998,6676,24,1,5.0
10999,6677,55,1,5.0
11000,6678,36,1,0.0
11001,6678,43,1,5.0
11002,6679,32,1,10.0
11003,6679,54,3,5.0
11004,6680,19,4,0.0
11005,6680,22,4,10.0
11006,6681,10,2,5.0
11007,6682,33,1,5.0
11008,6683,46,1,10.0
11009,6684,2,1,0.0
11010,6684,17,1,10.0
11011,6684,45,1,0.0
11012,6685,47,3,0.0
11013,6685,44,4,10.0
11014,6686,13,1,5.0
11015,6687,45,2,5.0
11016,6688,55,1,10.0
11017,6689,45,1,5.0
11018,6690,2,1,15.0
11019,6691,46,1,5.0
11020,6691,18,3,0.0
11021,6691,1,2,5.0
11022,6691,28,2,15.0
11023,6692,16,2,5.0
11024,6693,1,2,10.0
11025,6694,54,1,5.0
11026,6694,50,3,15.0
11027,6695,50,4,15.0
11028,6695,1,5,0.0
11029,6695,16,1,0.0
11030,6696,15,1,15.0
11031,6697,40,1,0.0
11032,6697,10,2,5.0
11033,6698,25,1,10.0
11034,6698,18,2,20.0
11035,6698,19,3,10.0
11036,6699,55,2,5.0
11037,6699,46,5,5.0
11038,6699,27,1,0.0
11039,6699,32,5,15.0
11040,6700,33,2,10.0
11041,6701,16,1,0.0
11042,6701,1,4,10.0
11043,6702,18,1,20.0
11044,6703,12,1,5.0
11045,6703,34,3,15.0
11046,6704,59,2,5.0
11047,6705,30,2,5.0
11048,6705,34,2,20.0
11049,6705,51,2,0.0
11050,6706,49,2,10.0
11051,6707,47,1,0.0
11052,6707,3,2,0.0
11053,6708,55,2,0.0
11054,6709,12,1,15.0
11055,6709,41,2,10.0
11056,6709,60,2,20.0
11057,6710,54,5,10.0
11058,6710,8,1,10.0
11059,6711,52,4,5.0
11060,6712,26,1,15.0
11061,6712,4,1,5.0
11062,6712,28,1,5.0
11063,6713,8,1,5.0
11064,6713,12,3,0.0
11065,6713,49,2,10.0
11066,6714,40,1,0.0
11067,6715,7,4,15.0
11068,6715,18,1,5.0
11069,6716,18,2,15.0
11070,6716,37,3,5.0
11071,6716,7,1,20.0
11072,6717,55,4,10.0
11073,6718,11,2,5.0
11074,6719,16,2,15.0
11075,6720,38,2,5.0
11076,6720,31,5,0.0
11077,6721,27,1,10.0
11078,6722,20,1,5.0
11079,6723,27,1,5.0
11080,6724,12,2,10.0
11081,6725,2,3,10.0
11082,6726,18,1,0.0
11083,6726,8,1,0.0
11084,6726,41,1,5.0
11085,6727,59,1,0.0
11086,6727,41,2,5.0
11087,6728,37,1,0.0
11088,6728,44,4,0.0
11089,6728,34,1,0.0
11090,6729,22,1,10.0
11091,6730,50,2,20.0
11092,6730,40,4,0.0
11093,6731,20,1,10.0
11094,6731,17,1,0.0
11095,6731,8,1,0.0
11096,6732,17,1,20.0
11097,6733,38,2,0.0
11098,6733,29,2,5.0
11099,6733,33,1,0.0
11100,6733,20,1,5.0
11101,6734,41,4,5.0
11102,6734,51,5,0.0
11103,6734,52,2,10.0
11104,6735,17,3,5.0
11105,6736,10,2,10.0
11106,6737,56,2,5.0
11107,6738,15,3,0.0
11108,6738,48,1,10.0
11109,6739,3,3,0.0
11110,6740,18,1,0.0
11111,6741,23,1,5.0
11112,6742,31,3,5.0
11113,6742,41,1,5.0
11114,6743,57,3,15.0
11115,6744,25,1,5.0
11116,6745,38,3,15.0
11117,6745,25,1,5.0
11118,6745,28,2,5.0
11119,6746,35,2,5.0
11120,6746,42,1,20.0
11121,6747,2,2,5.0
11122,6747,25,2,15.0
11123,6748,33,3,20.0
11124,6748,5,1,10.0
11125,6749,58,1,5.0
11126,6750,9,1,20.0
11127,6751,28,1,5.0
11128,6752,23,1,10.0
11129,6753,19,4,10.0
11130,6753,24,3,5.0
11131,6753,29,2,5.0
11132,6754,59,4,10.0
11133,6754,48,2,5.0
11134,6754,22,2,0.0
11135,6754,52,3,5.0
11136,6755,30,3,15.0
11137,6756,5,3,5.0
11138,6756,35,2,10.0
11139,6756,48,4,15.0
11140,6757,8,2,10.0
11141,6757,57,1,0.0
11142,6758,20,1,10.0
11143,6758,54,1,5.0
11144,6759,54,1,10.0
11145,6759,17,1,15.0
11146,6759,53,3,20.0
11147,6760,14,1,5.0
11148,6761,13,1,10.0
11149,6762,24,2,10.0
11150,6763,27,1,0.0
11151,6764,35,5,5.0
11152,6765,59,3,10.0
11153,6766,7,1,10.0
11154,6767,34,3,20.0
11155,6767,25,2,0.0
11156,6768,46,4,20.0
11157,6769,25,2,10.0
11158,6770,13,2,0.0
11159,6771,39,2,5.0
11160,6771,43,1,20.0
11161,6772,60,1,15.0
11162,6773,56,2,5.0
11163,6774,29,2,15.0
11164,6774,42,2,0.0
11165,6774,60,3,10.0
11166,6774,39,4,10.0
11167,6775,53,4,0.0
11168,6775,58,1,5.0
11169,6776,9,1,5.0
11170,6776,47,2,10.0
11171,6777,40,1,10.0
11172,6778,10,2,15.0
11173,6779,11,2,15.0
11174,6780,22,4,5.0
11175,6781,43,1,5.0
11176,6782,60,1,5.0
11177,6782,45,1,0.0
11178,6783,35,1,0.0
11179,6784,39,3,15.0
11180,6785,37,2,20.0
11181,6785,17,5,0.0
11182,6785,25,1,10.0
11183,6786,11,1,0.0
11184,6786,27,2,15.0
11185,6786,16,1,10.0
11186,6787,17,1,5.0
11187,6788,19,1,5.0
11188,6789,53,5,5.0
11189,6790,56,2,10.0
11190,6791,58,2,10.0
11191,6791,40,1,10.0
11192,6791,38,2,15.0
11193,6792,37,1,5.0
11194,6793,31,3,0.0
11195,6794,44,2,15.0
11196,6795,47,1,5.0
11197,6796,8,3,0.0
11198,6796,59,4,15.0
11199,6797,11,2,15.0
11200,6798,23,1,0.0
11201,6798,27,1,5.0
11202,6799,56,1,0.0
11203,6800,27,1,15.0
11204,6801,20,1,5.0
11205,6801,13,2,20.0
11206,6801,30,2,5.0
11207,6801,36,1,10.0
11208,6802,1,3,5.0
11209,6802,13,1,0.0
11210,6802,8,1,5.0
11211,6803,19,1,0.0
11212,6804,16,1,5.0
11213,6804,19,1,5.0
11214,6805,23,1,10.0
11215,6805,2,1,0.0
11216,6805,29,1,5.0
11217,6806,57,2,10.0
11218,6806,19,1,10.0
11219,6806,50,1,5.0
11220,6807,10,1,5.0
11221,6808,20,3,15.0
11222,6809,12,2,0.0
11223,6810,17,4,5.0
11224,6810,52,2,15.0
11225,6811,60,1,0.0
11226,6811,19,2,0.0
11227,6812,21,1,0.0
11228,6812,7,1,10.0
11229,6813,45,3,5.0
11230,6814,52,1,10.0
11231,6815,60,1,0.0
11232,6816,53,2,5.0
11233,6817,54,1,5.0
11234,6818,17,2,20.0
11235,6819,36,2,10.0
11236,6819,43,1,0.0
11237,6820,3,1,15.0
11238,6820,21,2,15.0
11239,6821,40,1,5.0
11240,6822,44,3,0.0
11241,6823,3,2,15.0
11242,6823,39,1,5.0
11243,6823,7,1,5.0
11244,6824,18,2,5.0
11245,6825,16,1,0.0
11246,6826,34,1,10.0
11247,6827,3,3,5.0
11248,6828,41,1,10.0
11249,6829,59,1,5.0
11250,6829,29,1,10.0
11251,6829,35,1,15.0
11252,6830,10,4,5.0
11253,6830,28,3,0.0
11254,6830,25,1,10.0
11255,6831,5,3,0.0
11256,6831,23,2,10.0
11257,6832,29,1,15.0
11258,6832,56,2,10.0
11259,6833,8,1,0.0
11260,6834,7,3,0.0
11261,6834,55,3,5.0
11262,6835,4,1,0.0
11263,6836,15,1,15.0
11264,6836,14,1,0.0
11265,6837,45,2,5.0
11266,6838,33,1,0.0
11267,6839,4,1,15.0
11268,6840,1,1,10.0
11269,6840,7,1,15.0
11270,6840,49,2,0.0
11271,6841,27,2,5.0
11272,6841,40,1,15.0
11273,6842,34,1,10.0
11274,6842,8,2,15.0
11275,6842,44,2,0.0
11276,6842,19,2,15.0
11277,6843,3,2,5.0
11278,6844,36,2,15.0
11279,6845,31,1,5.0
11280,6846,1,1,5.0
11281,6846,20,1,0.0
11282,6846,7,2,5.0
11283,6846,46,3,0.0
11284,6847,43,2,0.0
11285,6848,38,2,10.0
11286,6848,28,3,5.0
11287,6848,58,5,15.0
11288,6849,10,2,15.0
11289,6849,12,1,10.0
11290,6850,50,1,0.0
11291,6850,51,4,10.0
11292,6850,16,1,0.0
11293,6850,28,1,0.0
11294,6851,6,2,10.0
11295,6851,60,2,10.0
11296,6851,4,2,5.0
11297,6851,42,1,10.0
11298,6852,55,3,5.0
11299,6853,39,3,5.0
11300,6853,56,1,0.0
11301,6854,1,3,5.0
11302,6854,38,1,5.0
11303,6854,43,1,5.0
11304,6854,30,2,0.0
11305,6855,25,4,5.0
11306,6855,30,2,10.0
11307,6856,37,2,5.0
11308,6856,35,2,15.0
11309,6857,9,1,5.0
11310,6857,43,1,5.0
11311,6857,22,2,10.0
11312,6858,28,3,5.0
11313,6859,30,1,10.0
11314,6860,58,1,5.0
11315,6861,36,1,10.0
11316,6861,10,5,0.0
11317,6862,22,1,15.0
11318,6862,6,2,10.0
11319,6862,33,1,0.0
11320,6863,39,3,5.0
11321,6863,11,1,15.0
11322,6863,4,2,5.0
11323,6864,14,1,15.0
11324,6864,30,2,10.0
11325,6865,3,1,5.0
11326,6865,48,2,0.0
11327,6866,45,3,10.0
11328,6867,9,1,0.0
11329,6868,45,1,0.0
11330,6869,6,1,0.0
11331,6870,37,1,0.0
11332,6871,16,3,20.0
11333,6871,5,1,20.0
11334,6872,44,1,15.0
11335,6873,50,1,10.0
11336,6874,43,2,10.0
11337,6874,46,1,0.0
11338,6875,47,2,15.0
11339,6875,46,2,10.0
11340,6875,25,2,10.0
11341,6876,42,1,20.0
11342,6876,54,4,15.0
11343,6876,53,1,0.0
11344,6876,40,2,10.0
11345,6877,9,1,0.0
11346,6878,25,1,15.0
11347,6879,31,3,5.0
11348,6879,42,2,0.0
11349,6879,22,2,5.0
11350,6880,42,1,0.0
11351,6881,13,1,0.0
11352,6882,50,1,0.0
11353,6883,38,1,5.0
11354,6884,57,4,10.0
11355,6885,52,1,5.0
11356,6886,42,1,0.0
11357,6887,26,2,10.0
11358,6888,37,2,10.0
11359,6889,15,1,0.0
11360,6890,18,1,10.0
11361,6891,24,2,5.0
11362,6891,58,1,5.0
11363,6891,9,1,15.0
11364,6892,50,1,0.0
11365,6893,19,1,0.0
11366,6894,30,4,10.0
11367,6894,40,1,5.0
11368,6895,57,1,0.0
11369,6895,47,1,0.0
11370,6896,30,1,5.0
11371,6896,48,1,10.0
11372,6897,24,1,15.0
11373,6898,43,2,0.0
11374,6899,21,3,0.0
11375,6899,10,3,10.0
11376,6900,46,1,5.0
11377,6901,9,1,10.0
11378,6902,19,2,0.0
11379,6903,7,4,5.0
11380,6904,31,2,10.0
11381,6904,44,2,0.0
11382,6905,55,1,5.0
11383,6905,9,1,15.0
11384,6906,44,2,5.0
11385,6907,9,1,5.0
11386,6907,34,1,10.0
11387,6908,19,1,5.0
11388,6909,60,1,5.0
11389,6910,20,1,5.0
11390,6910,38,2,5.0
11391,6911,24,3,0.0
11392,6911,16,3,5.0
11393,6912,22,3,5.0
11394,6912,1,1,5.0
11395,6913,46,1,10.0
11396,6913,19,1,10.0
11397,6914,20,3,5.0
11398,6915,59,1,10.0
11399,6915,15,2,10.0
11400,6916,22,2,5.0
11401,6917,9,3,10.0
11402,6917,37,2,0.0
11403,6917,8,4,5.0
11404,6918,49,1,5.0
11405,6918,29,1,20.0
11406,6919,14,1,5.0
11407,6919,1,1,10.0
11408,6919,41,2,15.0
11409,6920,3,1,0.0
11410,6920,54,1,20.0
11411,6921,14,1,0.0
11412,6922,42,3,15.0
11413,6923,44,4,15.0
11414,6924,23,3,5.0
11415,6925,55,1,15.0
11416,6925,39,1,0.0
11417,6926,49,2,10.0
11418,6926,21,2,10.0
11419,6927,5,3,10.0
11420,6928,44,4,10.0
11421,6928,4,1,5.0
11422,6929,28,1,10.0
11423,6929,59,1,15.0
11424,6930,17,2,5.0
11425,6930,50,2,0.0
11426,6931,28,2,20.0
11427,6931,2,1,5.0
11428,6932,6,1,10.0
11429,6933,1,1,5.0
11430,6933,16,1,15.0
11431,6933,45,1,0.0
11432,6934,56,4,0.0
11433,6935,39,2,10.0
11434,6935,12,1,15.0
11435,6935,50,2,0.0
11436,6936,5,5,15.0
11437,6936,52,1,0.0
11438,6936,55,2,5.0
11439,6937,49,1,5.0
11440,6938,29,4,15.0
11441,6938,53,3,0.0
11442,6939,12,1,0.0
11443,6940,52,1,10.0
11444,6940,57,3,5.0
11445,6941,9,2,5.0
11446,6942,34,1,5.0
11447,6942,32,2,10.0
11448,6943,21,3,20.0
11449,6944,1,1,5.0
11450,6944,30,1,0.0
11451,6945,41,2,10.0
11452,6946,6,1,5.0
11453,6946,35,1,15.0
11454,6947,56,1,5.0
11455,6947,47,1,0.0
11456,6947,48,1,0.0
11457,6948,32,1,20.0
11458,6949,58,3,5.0
11459,6950,48,2,15.0
11460,6951,59,1,5.0
11461,6951,50,2,10.0
11462,6952,34,1,5.0
11463,6952,24,1,15.0
11464,6952,30,1,5.0
11465,6953,12,4,15.0
11466,6953,49,2,10.0
11467,6954,23,4,10.0
11468,6955,19,3,5.0
11469,6955,36,3,10.0
11470,6956,55,1,0.0
11471,6957,42,3,10.0
11472,6958,17,1,0.0
11473,6958,50,2,15.0
11474,6959,48,2,10.0
11475,6959,45,1,0.0
11476,6960,43,1,10.0
11477,6961,15,2,15.0
11478,6961,50,2,0.0
11479,6961,51,1,0.0
11480,6962,56,4,10.0
11481,6963,32,1,0.0
11482,6964,9,1,5.0
11483,6965,13,3,5.0
11484,6966,26,1,5.0
11485,6967,42,1,10.0
11486,6968,31,2,0.0
11487,6969,12,1,15.0
11488,6969,46,1,5.0
11489,6969,22,1,5.0
11490,6970,33,5,15.0
11491,6971,24,1,5.0
11492,6971,34,1,5.0
11493,6972,1,1,0.0
11494,6972,50,1,0.0
11495,6973,48,1,15.0
11496,6974,40,2,0.0
11497,6974,36,3,0.0
11498,6975,4,3,0.0
11499,6976,40,1,0.0
11500,6977,14,1,20.0
11501,6977,30,1,5.0
11502,6978,27,1,5.0
11503,6978,42,1,20.0
11504,6979,30,1,5.0
11505,6980,53,1,5.0
11506,6981,39,2,10.0
11507,6982,29,2,0.0
11508,6983,43,1,0.0
11509,6984,6,2,5.0
11510,6984,5,3,15.0
11511,6985,23,4,10.0
11512,6986,28,2,5.0
11513,6987,57,2,0.0
11514,6987,42,1,0.0
11515,6987,44,4,10.0
11516,6987,46,1,0.0
11517,6988,47,3,0.0
11518,6989,25,2,20.0
11519,6989,44,1,10.0
11520,6990,3,2,15.0
11521,6990,2,1,0.0
11522,6991,3,1,0.0
11523,6992,25,1,15.0
11524,6992,49,3,20.0
11525,6992,57,1,0.0
11526,6993,45,2,0.0
11527,6993,39,1,15.0
11528,6994,17,1,15.0
11529,6994,8,1,15.0
11530,6994,34,2,10.0
11531,6995,15,1,10.0
11532,6996,39,2,5.0
11533,6997,20,1,10.0
11534,6998,1,1,15.0
11535,6998,48,1,10.0
11536,6998,31,2,20.0
11537,6998,46,3,10.0
11538,6999,11,3,10.0
11539,6999,7,1,5.0
11540,7000,49,2,5.0
11541,7000,6,1,15.0
11542,7001,52,2,10.0
11543,7001,8,2,10.0
11544,7002,43,1,10.0
11545,7002,22,1,15.0
11546,7003,4,1,0.0
11547,7004,50,2,10.0
11548,7004,6,1,0.0
11549,7004,43,1,0.0
11550,7005,4,1,10.0
11551,7006,31,1,0.0
11552,7006,45,2,15.0
11553,7007,7,1,10.0
11554,7008,26,1,0.0
11555,7009,17,1,0.0
11556,7010,21,3,10.0
11557,7010,12,1,5.0
11558,7011,12,2,5.0
11559,7011,40,3,0.0
11560,7012,27,3,5.0
11561,7013,58,1,10.0
11562,7014,27,1,15.0
11563,7014,46,4,15.0
11564,7014,43,2,10.0
11565,7014,32,4,10.0
11566,7015,53,2,0.0
11567,7016,40,2,10.0
11568,7017,13,4,10.0
11569,7018,40,3,15.0
11570,7019,46,3,10.0
11571,7019,37,1,0.0
11572,7019,48,3,5.0
11573,7020,11,5,5.0
11574,7021,1,1,5.0
11575,7022,20,1,10.0
11576,7022,7,2,20.0
11577,7023,7,2,10.0
11578,7024,36,2,5.0
11579,7025,49,1,10.0
11580,7026,53,1,5.0
11581,7027,24,2,0.0
11582,7027,36,2,5.0
11583,7027,37,2,10.0
11584,7028,8,1,5.0
11585,7028,2,2,5.0
11586,7028,23,1,15.0
11587,7029,5,2,10.0
11588,7030,37,3,0.0
11589,7030,14,2,10.0
11590,7031,28,2,10.0
11591,7032,43,2,20.0
11592,7032,27,3,20.0
11593,7032,32,3,10.0
11594,7032,20,2,15.0
11595,7033,32,1,5.0
11596,7033,14,1,20.0
11597,7034,50,1,15.0
11598,7035,50,1,15.0
11599,7035,40,1,5.0
11600,7035,38,1,15.0
11601,7036,27,2,0.0
11602,7037,14,1,10.0
11603,7038,12,4,0.0
11604,7038,13,2,15.0
11605,7039,23,3,5.0
11606,7039,54,5,10.0
11607,7040,12,1,0.0
11608,7040,5,4,5.0
11609,7041,54,1,5.0
11610,7041,26,1,0.0
11611,7041,42,1,0.0
11612,7042,21,1,5.0
11613,7043,33,1,15.0
11614,7043,34,1,20.0
11615,7043,24,5,15.0
11616,7044,17,2,0.0
11617,7044,28,1,15.0
11618,7045,50,1,20.0
11619,7045,23,1,20.0
11620,7045,26,1,0.0
11621,7045,18,1,10.0
11622,7046,6,1,5.0
11623,7046,46,1,0.0
11624,7046,9,1,10.0
11625,7046,7,1,15.0
11626,7047,38,3,10.0
11627,7047,2,2,0.0
11628,7047,43,3,10.0
11629,7047,52,1,15.0
11630,7048,5,1,0.0
11631,7049,27,1,10.0
11632,7049,34,1,10.0
11633,7050,23,2,10.0
11634,7050,59,3,10.0
11635,7050,60,3,0.0
11636,7050,39,4,10.0
11637,7051,35,1,0.0
11638,7051,15,1,5.0
11639,7051,31,2,10.0
11640,7051,34,1,10.0
11641,7052,24,1,0.0
11642,7053,2,1,5.0
11643,7054,27,1,10.0
11644,7055,52,2,5.0
11645,7055,42,3,10.0
11646,7056,3,4,5.0
11647,7057,37,1,0.0
11648,7057,29,2,5.0
11649,7058,44,2,15.0
11650,7059,24,1,15.0
11651,7059,33,3,10.0
11652,7059,19,1,0.0
11653,7060,2,1,0.0
11654,7061,14,1,10.0
11655,7062,31,3,10.0
11656,7063,37,2,10.0
11657,7064,29,3,0.0
11658,7065,40,2,5.0
11659,7065,9,2,15.0
11660,7065,46,1,10.0
11661,7065,16,3,15.0
11662,7066,26,2,5.0
11663,7066,18,2,0.0
11664,7067,59,1,5.0
11665,7067,16,1,0.0
11666,7068,49,3,0.0
11667,7068,47,1,10.0
11668,7068,26,2,5.0
11669,7069,53,3,0.0
11670,7070,54,1,0.0
11671,7070,55,2,15.0
11672,7071,9,2,0.0
11673,7072,14,1,5.0
11674,7073,50,1,10.0
11675,7073,24,2,5.0
11676,7073,11,1,10.0
11677,7074,59,1,5.0
11678,7075,11,1,10.0
11679,7075,34,1,10.0
11680,7075,27,5,10.0
11681,7076,12,1,5.0
11682,7076,1,3,20.0
11683,7077,14,3,0.0
11684,7077,11,1,0.0
11685,7077,42,3,10.0
11686,7078,18,1,20.0
11687,7078,53,1,5.0
11688,7078,56,1,15.0
11689,7079,37,4,0.0
11690,7080,53,5,10.0
11691,7081,8,1,0.0
11692,7081,16,1,0.0
11693,7082,28,2,0.0
11694,7083,47,1,15.0
11695,7084,18,1,10.0
11696,7084,30,1,5.0
11697,7085,54,1,10.0
11698,7085,22,1,0.0
11699,7086,54,1,5.0
11700,7086,40,3,10.0
11701,7086,21,1,5.0
11702,7087,23,1,10.0
11703,7088,5,1,15.0
11704,7088,23,2,20.0
11705,7089,41,2,15.0
11706,7089,22,4,15.0
11707,7090,20,2,10.0
11708,7091,17,1,10.0
11709,7091,56,1,10.0
11710,7091,35,4,0.0
11711,7092,33,3,10.0
11712,7092,7,2,10.0
11713,7093,3,1,15.0
11714,7094,29,2,10.0
11715,7095,57,1,10.0
11716,7096,58,1,15.0
11717,7096,18,1,10.0
11718,7096,1,3,20.0
11719,7097,4,2,0.0
11720,7097,35,1,15.0
11721,7098,16,1,10.0
11722,7099,46,4,5.0
11723,7100,2,3,0.0
11724,7100,53,2,5.0
11725,7101,48,1,0.0
11726,7101,7,1,0.0
11727,7101,11,1,20.0
11728,7102,35,1,10.0
11729,7102,16,4,10.0
11730,7103,25,1,5.0
11731,7104,39,3,5.0
11732,7105,16,1,5.0
11733,7105,50,1,5.0
11734,7106,60,4,10.0
11735,7107,29,3,0.0
11736,7108,10,1,5.0
11737,7109,30,1,0.0
11738,7109,14,3,15.0
11739,7110,54,1,10.0
11740,7111,29,1,0.0
11741,7111,39,4,0.0
11742,7111,15,1,0.0
11743,7112,26,3,20.0
11744,7113,25,1,15.0
11745,7114,31,1,5.0
11746,7114,25,1,5.0
11747,7115,21,1,5.0
11748,7116,59,1,10.0
11749,7116,11,2,0.0
11750,7117,58,1,20.0
11751,7118,56,2,10.0
11752,7119,56,3,0.0
11753,7120,13,1,0.0
11754,7120,60,3,20.0
11755,7120,49,1,5.0
11756,7121,2,1,10.0
11757,7122,29,1,5.0
11758,7122,55,1,5.0
11759,7123,7,2,10.0
11760,7123,21,1,10.0
11761,7123,56,3,5.0
11762,7123,55,1,20.0
11763,7124,28,1,15.0
11764,7125,48,1,10.0
11765,7125,42,1,15.0
11766,7125,1,1,15.0
11767,7126,39,2,5.0
11768,7127,50,5,5.0
11769,7128,3,4,5.0
11770,7128,60,4,15.0
11771,7128,17,3,10.0
11772,7128,19,2,0.0
11773,7129,9,2,15.0
11774,7130,54,1,15.0
11775,7130,21,2,20.0
11776,7131,35,1,10.0
11777,7131,36,1,5.0
11778,7132,9,1,15.0
11779,7132,56,2,15.0
11780,7132,60,2,10.0
11781,7132,7,3,15.0
11782,7133,59,3,5.0
11783,7134,52,1,0.0
11784,7134,35,1,5.0
11785,7135,20,3,5.0
11786,7136,6,3,5.0
11787,7136,47,2,10.0
11788,7137,51,2,10.0
11789,7138,42,4,0.0
11790,7138,3,2,15.0
11791,7138,34,2,15.0
11792,7139,56,1,0.0
11793,7140,37,1,10.0
11794,7140,29,1,15.0
11795,7141,37,2,0.0
11796,7142,59,3,10.0
11797,7143,22,1,15.0
11798,7144,42,5,5.0
11799,7144,58,2,10.0
11800,7145,11,1,20.0
11801,7145,17,3,5.0
11802,7146,15,5,20.0
11803,7146,46,3,10.0
11804,7147,10,2,15.0
11805,7147,16,3,5.0
11806,7148,36,3,0.0
11807,7149,34,3,0.0
11808,7149,47,1,0.0
11809,7149,25,2,15.0
11810,7150,50,2,20.0
11811,7151,50,5,10.0
11812,7151,58,3,20.0
11813,7152,39,3,0.0
11814,7152,52,1,0.0
11815,7153,6,1,0.0
11816,7154,52,1,10.0
11817,7155,50,4,10.0
11818,7155,46,1,20.0
11819,7155,44,2,0.0
11820,7156,58,1,5.0
11821,7157,49,3,0.0
11822,7158,36,3,0.0
11823,7158,18,1,15.0
11824,7158,49,1,10.0
11825,7159,5,3,10.0
11826,7160,36,2,0.0
11827,7160,43,1,10.0
11828,7161,25,1,10.0
11829,7162,52,1,15.0
11830,7163,50,1,20.0
11831,7164,23,1,10.0
11832,7165,9,1,0.0
11833,7166,33,2,5.0
11834,7166,18,1,5.0
11835,7167,47,2,5.0
11836,7168,25,2,15.0
11837,7168,57,2,10.0
11838,7169,22,2,0.0
11839,7170,10,1,15.0
11840,7171,10,1,0.0
11841,7172,13,2,0.0
11842,7173,4,3,15.0
11843,7173,56,2,5.0
11844,7173,40,1,5.0
11845,7173,35,1,5.0
11846,7174,54,2,5.0
11847,7174,34,2,0.0
11848,7174,30,1,15.0
11849,7175,30,4,5.0
11850,7176,30,1,0.0
11851,7176,14,2,15.0
11852,7177,46,5,5.0
11853,7177,29,2,0.0
11854,7178,4,2,5.0
11855,7179,22,2,5.0
11856,7180,58,2,10.0
11857,7181,3,2,5.0
11858,7182,11,4,0.0
11859,7183,24,1,15.0
11860,7183,23,2,0.0
11861,7184,45,2,10.0
11862,7185,57,2,5.0
11863,7186,9,4,10.0
11864,7187,57,3,15.0
11865,7188,54,2,10.0
11866,7189,11,2,10.0
11867,7189,2,2,15.0
11868,7190,4,1,20.0
11869,7191,13,2,0.0
11870,7192,48,1,5.0
11871,7193,23,1,5.0
11872,7193,14,1,20.0
11873,7194,49,1,10.0
11874,7194,55,1,20.0
11875,7194,29,3,0.0
11876,7195,21,1,10.0
11877,7196,11,3,15.0
11878,7197,41,1,0.0
11879,7198,22,3,10.0
11880,7199,44,2,20.0
11881,7200,16,3,0.0
11882,7201,25,1,10.0
11883,7202,2,1,15.0
11884,7202,45,4,10.0
11885,7202,60,2,0.0
11886,7203,13,1,0.0
11887,7203,17,4,0.0
11888,7204,12,3,15.0
11889,7204,24,1,5.0
11890,7205,32,3,15.0
11891,7205,46,4,5.0
11892,7206,41,1,0.0
11893,7206,10,1,5.0
11894,7207,50,4,20.0
11895,7208,14,2,5.0
11896,7209,45,4,0.0
11897,7209,33,2,5.0
11898,7209,24,3,5.0
11899,7209,8,4,15.0
11900,7210,2,1,15.0
11901,7210,50,1,10.0
11902,7211,59,1,5.0
11903,7212,50,1,5.0
11904,7213,26,1,0.0
11905,7213,23,1,5.0
11906,7214,49,1,15.0
11907,7214,52,3,10.0
11908,7214,9,1,10.0
11909,7215,42,1,0.0
11910,7216,52,3,5.0
11911,7216,41,1,10.0
11912,7216,17,3,0.0
11913,7217,53,2,0.0
11914,7217,51,2,15.0
11915,7218,22,1,0.0
11916,7219,6,1,0.0
11917,7220,33,1,10.0
11918,7220,7,1,5.0
11919,7221,22,2,10.0
11920,7222,48,1,5.0
11921,7222,30,1,10.0
11922,7223,41,1,0.0
11923,7224,3,3,5.0
11924,7224,23,4,15.0
11925,7224,34,2,0.0
11926,7224,37,1,15.0
11927,7225,47,4,15.0
11928,7225,1,1,0.0
11929,7226,1,1,20.0
11930,7226,8,3,15.0
11931,7227,22,1,20.0
11932,7228,53,1,20.0
11933,7228,41,4,10.0
11934,7229,36,1,0.0
11935,7230,3,2,15.0
11936,7230,50,1,20.0
11937,7231,15,1,5.0
11938,7232,29,5,10.0
11939,7232,54,1,0.0
11940,7233,21,3,5.0
11941,7234,59,2,0.0
11942,7235,43,3,10.0
11943,7236,58,1,10.0
11944,7237,33,1,5.0
11945,7238,21,2,5.0
11946,7239,9,1,0.0
11947,7240,1,1,10.0
11948,7241,1,1,5.0
11949,7242,21,1,0.0
11950,7243,4,1,15.0
11951,7243,24,5,0.0
11952,7243,47,2,20.0
11953,7243,20,2,15.0
11954,7244,37,1,5.0
11955,7245,4,1,5.0
11956,7245,41,4,0.0
11957,7245,12,1,0.0
11958,7246,9,1,10.0
11959,7246,57,1,20.0
11960,7247,21,2,15.0
11961,7247,33,1,5.0
11962,7248,53,4,20.0
11963,7249,57,2,0.0
11964,7249,23,2,5.0
11965,7250,29,1,0.0
11966,7251,29,1,5.0
11967,7252,48,1,15.0
11968,7252,42,2,10.0
11969,7253,38,3,5.0
11970,7254,8,5,10.0
11971,7255,3,2,5.0
11972,7256,54,1,20.0
11973,7257,21,1,15.0
11974,7257,56,1,5.0
11975,7258,48,1,5.0
11976,7258,7,2,10.0
11977,7259,2,1,10.0
11978,7259,48,2,5.0
11979,7260,13,1,10.0
11980,7261,17,1,5.0
11981,7262,8,1,15.0
11982,7262,19,1,5.0
11983,7263,41,2,5.0
11984,7264,19,5,15.0
11985,7265,18,4,0.0
11986,7266,12,2,15.0
11987,7266,32,1,5.0
11988,7267,22,1,15.0
11989,7268,32,2,0.0
11990,7269,42,2,15.0
11991,7269,40,1,5.0
11992,7270,15,1,15.0
11993,7270,5,1,5.0
11994,7270,2,4,0.0
11995,7271,41,3,10.0
11996,7272,57,1,0.0
11997,7273,17,1,10.0
11998,7274,36,1,15.0
11999,7274,56,1,0.0
12000,7275,13,4,10.0
12001,7276,53,2,15.0
12002,7277,31,2,5.0
12003,7278,31,1,10.0
12004,7279,43,1,0.0
12005,7280,53,1,0.0
12006,7280,19,2,10.0
12007,7281,35,2,15.0
12008,7282,39,4,0.0
12009,7282,37,1,5.0
12010,7283,22,3,0.0
12011,7283,13,1,10.0
12012,7284,15,3,15.0
12013,7285,43,1,5.0
12014,7286,25,1,10.0
12015,7286,32,2,10.0
12016,7287,51,1,5.0
12017,7287,7,4,0.0
12018,7288,59,1,5.0
12019,7288,19,1,15.0
12020,7289,11,2,0.0
12021,7290,58,1,5.0
12022,7291,6,5,10.0
12023,7291,28,1,5.0
12024,7291,22,1,20.0
12025,7292,38,1,0.0
12026,7293,15,1,15.0
12027,7294,44,1,10.0
12028,7294,2,2,5.0
12029,7295,55,1,5.0
12030,7295,60,5,10.0
12031,7296,47,1,5.0
12032,7297,50,2,20.0
12033,7297,37,3,0.0
12034,7298,10,2,0.0
12035,7299,42,2,0.0
12036,7300,36,1,5.0
12037,7301,3,4,15.0
12038,7301,26,1,10.0
12039,7302,42,1,0.0
12040,7303,12,3,0.0
12041,7304,56,1,5.0
12042,7304,30,1,10.0
12043,7305,48,3,0.0
12044,7306,24,1,15.0
12045,7307,60,1,0.0
12046,7308,7,1,5.0
12047,7309,1,1,15.0
12048,7310,20,1,15.0
12049,7310,30,1,10.0
12050,7311,39,2,5.0
12051,7311,42,1,5.0
12052,7312,15,2,0.0
12053,7313,44,4,5.0
12054,7313,58,1,0.0
12055,7314,55,1,0.0
12056,7315,51,5,5.0
12057,7316,58,1,20.0
12058,7317,17,1,5.0
12059,7318,27,1,10.0
12060,7319,3,2,15.0
12061,7320,45,2,10.0
12062,7320,41,1,5.0
12063,7320,12,2,5.0
12064,7321,10,1,0.0
12065,7322,51,1,15.0
12066,7323,14,1,0.0
12067,7323,28,2,5.0
12068,7323,19,1,10.0
12069,7324,7,2,15.0
12070,7325,18,2,10.0
12071,7326,42,1,10.0
12072,7326,30,1,5.0
12073,7326,3,2,5.0
12074,7326,46,1,0.0
12075,7327,17,2,5.0
12076,7328,7,1,10.0
12077,7329,31,1,10.0
12078,7330,51,2,10.0
12079,7331,12,1,5.0
12080,7331,60,1,10.0
12081,7331,53,3,5.0
12082,7332,32,1,0.0
12083,7332,19,2,0.0
12084,7333,55,1,10.0
12085,7334,8,1,0.0
12086,7335,9,1,5.0
12087,7336,4,2,10.0
12088,7337,45,3,5.0
12089,7338,37,1,5.0
12090,7338,27,1,15.0
12091,7339,30,1,10.0
12092,7340,23,1,5.0
12093,7340,53,2,10.0
12094,7341,41,2,5.0
12095,7342,47,3,5.0
12096,7342,35,2,10.0
12097,7342,34,3,0.0
12098,7343,43,3,10.0
12099,7343,24,1,10.0
12100,7344,57,1,5.0
12101,7345,39,1,20.0
12102,7346,41,1,20.0
12103,7347,59,4,10.0
12104,7347,40,5,10.0
12105,7347,17,1,15.0
12106,7348,13,3,5.0
12107,7349,59,3,5.0
12108,7350,15,2,10.0
12109,7350,2,3,15.0
12110,7351,28,2,10.0
12111,7351,13,1,0.0
12112,7352,50,2,0.0
12113,7352,11,2,5.0
12114,7353,23,2,10.0
12115,7353,52,1,5.0
12116,7354,22,3,5.0
12117,7355,50,1,15.0
12118,7355,4,1,10.0
12119,7356,28,2,5.0
12120,7357,19,1,0.0
12121,7358,50,2,15.0
12122,7359,12,1,5.0
12123,7359,47,1,0.0
12124,7359,34,1,10.0
12125,7359,16,1,10.0
12126,7360,49,1,10.0
12127,7361,41,2,10.0
12128,7361,47,2,5.0
12129,7362,30,1,5.0
12130,7363,10,1,0.0
12131,7364,43,1,5.0
12132,7365,46,3,5.0
12133,7365,17,1,5.0
12134,7366,32,2,5.0
12135,7366,14,2,10.0
12136,7366,2,1,0.0
12137,7367,4,1,0.0
12138,7368,44,3,0.0
12139,7369,33,1,5.0
12140,7370,56,1,10.0
12141,7370,54,1,5.0
12142,7370,24,3,5.0
12143,7371,60,1,15.0
12144,7371,35,2,5.0
12145,7372,27,1,10.0
12146,7373,30,1,5.0
12147,7373,43,2,10.0
12148,7373,2,5,5.0
12149,7374,18,1,0.0
12150,7375,18,2,5.0
12151,7375,23,2,15.0
12152,7376,18,1,0.0
12153,7377,29,2,10.0
12154,7377,54,2,10.0
12155,7377,2,1,10.0
12156,7377,34,1,10.0
12157,7378,3,1,5.0
12158,7378,46,1,10.0
12159,7378,42,5,5.0
12160,7378,34,1,5.0
12161,7379,43,1,5.0
12162,7380,60,3,5.0
12163,7380,2,1,10.0
12164,7381,50,5,5.0
12165,7381,55,1,10.0
12166,7381,35,1,0.0
12167,7381,13,1,10.0
12168,7382,28,2,15.0
12169,7382,23,2,10.0
12170,7383,14,1,5.0
12171,7384,17,1,10.0
12172,7385,37,2,10.0
12173,7386,47,1,10.0
12174,7387,57,1,15.0
12175,7387,46,1,0.0
12176,7388,4,1,0.0
12177,7389,48,2,5.0
12178,7389,17,1,10.0
12179,7390,36,1,5.0
12180,7391,9,1,5.0
12181,7391,21,2,10.0
12182,7392,38,1,5.0
12183,7392,15,1,15.0
12184,7393,29,1,0.0
12185,7394,14,1,10.0
12186,7394,10,4,15.0
12187,7394,58,1,10.0
12188,7395,47,2,0.0
12189,7396,42,2,0.0
12190,7397,20,2,10.0
12191,7397,12,2,5.0
12192,7397,43,3,5.0
12193,7397,25,2,10.0
12194,7398,49,4,20.0
12195,7399,32,2,20.0
12196,7400,26,1,0.0
12197,7401,37,1,10.0
12198,7401,25,1,10.0
12199,7401,31,1,5.0
12200,7401,6,4,10.0
12201,7402,32,1,10.0
12202,7402,23,1,5.0
12203,7402,51,2,5.0
12204,7403,18,3,20.0
12205,7403,16,1,5.0
12206,7404,4,3,5.0
12207,7405,58,1,5.0
12208,7405,44,1,10.0
12209,7406,32,2,15.0
12210,7407,16,1,5.0
12211,7408,6,1,10.0
12212,7409,6,1,0.0
12213,7409,31,5,5.0
12214,7409,54,1,15.0
12215,7410,46,2,10.0
12216,7410,36,3,5.0
12217,7411,49,2,15.0
12218,7412,2,1,10.0
12219,7413,24,1,10.0
12220,7414,46,3,0.0
12221,7414,20,1,0.0
12222,7415,6,3,0.0
12223,7415,49,5,0.0
12224,7416,40,1,5.0
12225,7417,54,1,5.0
12226,7417,38,4,0.0
12227,7418,50,1,0.0
12228,7418,16,2,5.0
12229,7419,57,1,10.0
12230,7419,18,3,5.0
12231,7419,3,1,15.0
12232,7420,51,1,10.0
12233,7421,51,1,0.0
12234,7421,46,1,5.0
12235,7422,20,1,5.0
12236,7423,36,1,5.0
12237,7424,13,1,0.0
12238,7425,17,1,5.0
12239,7425,35,1,20.0
12240,7426,46,1,0.0
12241,7427,53,1,0.0
12242,7428,33,1,0.0
12243,7429,15,3,5.0
12244,7430,51,1,5.0
12245,7431,9,4,10.0
12246,7431,13,1,10.0
12247,7431,56,1,15.0
12248,7432,49,1,0.0
12249,7433,1,5,5.0
12250,7434,58,1,15.0
12251,7435,18,1,0.0
12252,7436,22,2,0.0
12253,7437,16,1,15.0
12254,7437,56,1,10.0
12255,7438,53,1,0.0
12256,7439,27,2,10.0
12257,7440,8,2,10.0
12258,7441,5,1,15.0
12259,7442,13,1,5.0
12260,7442,40,1,15.0
12261,7442,46,4,10.0
12262,7443,4,2,5.0
12263,7443,22,3,10.0
12264,7443,13,1,15.0
12265,7443,24,1,5.0
12266,7444,13,2,10.0
12267,7445,29,1,0.0
12268,7446,38,2,10.0
12269,7446,29,3,0.0
12270,7447,32,1,20.0
12271,7448,59,2,0.0
12272,7449,39,1,20.0
12273,7450,31,1,20.0
12274,7451,7,1,5.0
12275,7452,4,1,15.0
12276,7452,24,3,10.0
12277,7452,50,2,0.0
12278,7453,35,2,0.0
12279,7454,26,1,5.0
12280,7455,40,1,5.0
12281,7455,38,1,0.0
12282,7456,59,1,20.0
12283,7457,40,5,5.0
12284,7457,31,1,5.0
12285,7457,23,2,20.0
12286,7458,5,1,5.0
12287,7459,30,2,0.0
12288,7460,35,5,10.0
12289,7460,17,2,5.0
12290,7460,38,1,5.0
12291,7461,44,1,10.0
12292,7462,56,4,0.0
12293,7462,8,5,10.0
12294,7463,27,4,5.0
12295,7463,30,2,20.0
12296,7464,23,1,20.0
12297,7465,36,4,5.0
12298,7466,33,1,15.0
12299,7467,41,1,20.0
12300,7467,49,1,10.0
12301,7467,54,1,20.0
12302,7467,28,1,0.0
12303,7468,6,3,10.0
12304,7468,57,1,10.0
12305,7469,27,3,5.0
12306,7470,60,3,10.0
12307,7470,10,2,0.0
12308,7471,54,2,5.0
12309,7471,32,1,0.0
12310,7472,48,2,0.0
12311,7472,46,1,15.0
12312,7472,24,2,10.0
12313,7473,43,2,10.0
12314,7474,26,4,0.0
12315,7475,45,1,10.0
12316,7475,44,3,10.0
12317,7475,13,2,5.0
12318,7475,52,1,0.0
12319,7476,12,3,0.0
12320,7476,56,1,15.0
12321,7476,5,1,0.0
12322,7477,52,1,5.0
12323,7478,19,1,10.0
12324,7478,18,1,5.0
12325,7479,42,1,10.0
12326,7479,27,3,15.0
12327,7480,58,1,15.0
12328,7480,3,2,5.0
12329,7481,33,1,15.0
12330,7482,20,2,10.0
12331,7483,42,5,5.0
12332,7483,14,2,0.0
12333,7484,28,1,5.0
12334,7484,4,1,5.0
12335,7485,1,2,5.0
12336,7485,41,1,0.0
12337,7485,46,1,10.0
12338,7485,19,2,20.0
12339,7486,52,3,5.0
12340,7486,13,1,0.0
12341,7486,8,3,20.0
12342,7487,54,1,5.0
12343,7488,18,1,0.0
12344,7489,40,1,15.0
12345,7490,38,2,5.0
12346,7490,47,2,5.0
12347,7490,8,1,20.0
12348,7491,29,1,10.0
12349,7492,23,1,10.0
12350,7493,14,2,5.0
12351,7493,25,3,15.0
12352,7493,27,1,20.0
12353,7494,16,1,15.0
12354,7494,25,1,5.0
12355,7494,15,4,10.0
12356,7495,12,1,5.0
12357,7496,48,2,10.0
12358,7496,28,1,5.0
12359,7497,13,4,10.0
12360,7497,14,2,5.0
12361,7497,43,1,20.0
12362,7498,41,3,20.0
12363,7499,46,3,0.0
12364,7500,26,3,0.0
12365,7501,3,2,10.0
12366,7501,38,2,20.0
12367,7502,18,3,20.0
12368,7503,47,2,15.0
12369,7503,18,1,5.0
12370,7504,20,2,15.0
12371,7505,12,2,15.0
12372,7506,45,4,20.0
12373,7506,16,2,15.0
12374,7506,32,2,0.0
12375,7507,11,1,20.0
12376,7507,50,2,0.0
12377,7508,4,5,10.0
12378,7509,3,2,5.0
12379,7510,59,1,10.0
12380,7511,11,4,0.0
12381,7512,18,2,0.0
12382,7513,3,2,5.0
12383,7514,48,2,0.0
12384,7514,26,2,10.0
12385,7515,23,1,0.0
12386,7516,56,1,0.0
12387,7517,30,1,0.0
12388,7518,33,2,5.0
12389,7518,7,2,0.0
12390,7519,27,3,15.0
12391,7520,27,1,5.0
12392,7521,30,4,15.0
12393,7521,54,3,0.0
12394,7521,36,2,10.0
12395,7522,19,1,5.0
12396,7523,35,3,0.0
12397,7523,51,2,5.0
12398,7523,54,2,5.0
12399,7524,34,5,5.0
12400,7525,26,3,0.0
12401,7525,20,2,10.0
12402,7525,13,4,5.0
12403,7526,55,1,15.0
12404,7526,40,4,5.0
12405,7527,51,2,10.0
12406,7528,8,2,0.0
12407,7528,16,2,10.0
12408,7528,51,1,0.0
12409,7529,56,2,20.0
12410,7529,49,2,5.0
12411,7530,1,2,0.0
12412,7530,22,2,5.0
12413,7530,2,1,5.0
12414,7531,55,1,5.0
12415,7532,58,3,5.0
12416,7533,28,4,5.0
12417,7533,54,3,0.0
12418,7533,27,4,5.0
12419,7534,10,1,10.0
12420,7535,57,1,0.0
12421,7535,13,2,0.0
12422,7535,32,2,5.0
12423,7536,54,2,5.0
12424,7537,22,3,5.0
12425,7537,33,2,10.0
12426,7538,51,2,5.0
12427,7539,52,1,5.0
12428,7539,9,1,15.0
12429,7540,27,1,10.0
12430,7540,15,1,15.0
12431,7541,44,1,5.0
12432,7542,57,4,10.0
12433,7542,48,1,0.0
12434,7542,5,1,5.0
12435,7542,53,3,5.0
12436,7543,30,2,10.0
12437,7543,49,2,5.0
12438,7543,40,4,15.0
12439,7544,24,1,10.0
12440,7545,45,1,5.0
12441,7545,55,2,5.0
12442,7546,47,2,5.0
12443,7547,3,2,5.0
12444,7548,11,2,5.0
12445,7549,25,2,5.0
12446,7550,41,2,5.0
12447,7551,56,1,10.0
12448,7552,45,1,0.0
12449,7552,13,4,5.0
12450,7552,53,1,5.0
12451,7553,46,3,10.0
12452,7553,25,5,5.0
12453,7554,39,1,10.0
12454,7554,38,1,10.0
12455,7555,46,2,10.0
12456,7555,57,1,0.0
12457,7556,14,1,15.0
12458,7557,57,2,0.0
12459,7557,30,1,0.0
12460,7557,15,3,10.0
12461,7557,52,1,10.0
12462,7558,16,1,15.0
12463,7559,12,3,10.0
12464,7560,9,3,20.0
12465,7561,11,1,0.0
12466,7561,18,1,5.0
12467,7561,9,2,0.0
12468,7562,52,1,10.0
12469,7562,6,1,0.0
12470,7562,1,2,10.0
12471,7563,34,1,5.0
12472,7563,23,1,15.0
12473,7564,34,2,5.0
12474,7565,19,1,5.0
12475,7565,11,2,5.0
12476,7566,16,2,15.0
12477,7567,22,3,0.0
12478,7567,35,1,5.0
12479,7567,50,5,10.0
12480,7568,51,1,0.0
12481,7569,30,2,0.0
12482,7569,28,2,10.0
12483,7570,33,4,0.0
12484,7570,19,2,15.0
12485,7571,22,1,5.0
12486,7571,59,2,10.0
12487,7571,43,1,15.0
12488,7571,34,1,10.0
12489,7572,7,3,10.0
12490,7572,3,1,10.0
12491,7572,1,3,10.0
12492,7572,50,1,15.0
12493,7573,24,1,0.0
12494,7573,5,4,5.0
12495,7574,5,1,0.0
12496,7575,10,3,15.0
12497,7576,28,1,15.0
12498,7577,1,4,0.0
12499,7578,48,1,5.0
12500,7579,5,3,15.0
12501,7579,32,3,5.0
12502,7580,56,1,5.0
12503,7581,46,2,15.0
12504,7581,4,2,15.0
12505,7582,47,1,0.0
12506,7582,60,1,0.0
12507,7582,39,1,5.0
12508,7583,54,3,0.0
12509,7583,21,4,10.0
12510,7584,34,1,10.0
12511,7585,9,1,0.0
12512,7586,40,2,10.0
12513,7586,16,2,0.0
12514,7586,47,1,0.0
12515,7587,19,2,10.0
12516,7588,45,3,15.0
12517,7589,20,2,5.0
12518,7589,18,3,5.0
12519,7590,36,2,10.0
12520,7590,22,4,5.0
12521,7590,41,1,0.0
12522,7591,58,1,15.0
12523,7592,31,1,5.0
12524,7593,41,3,5.0
12525,7594,59,2,20.0
12526,7594,14,1,20.0
12527,7594,17,3,5.0
12528,7595,7,2,5.0
12529,7596,2,1,15.0
12530,7597,5,1,20.0
12531,7598,48,1,20.0
12532,7599,25,1,5.0
12533,7600,40,1,10.0
12534,7601,3,2,10.0
12535,7601,34,1,10.0
12536,7602,51,2,10.0
12537,7603,14,4,5.0
12538,7603,51,2,10.0
12539,7604,33,2,0.0
12540,7604,28,4,5.0
12541,7605,6,4,5.0
12542,7605,7,1,20.0
12543,7605,56,1,0.0
12544,7606,10,1,5.0
12545,7606,59,2,0.0
12546,7607,60,3,0.0
12547,7607,22,1,10.0
12548,7607,33,1,15.0
12549,7608,49,1,15.0
12550,7608,24,3,15.0
12551,7609,16,1,10.0
12552,7609,44,2,15.0
12553,7610,10,1,15.0
12554,7611,28,2,15.0
12555,7611,49,1,5.0
12556,7612,52,1,0.0
12557,7613,48,1,0.0
12558,7613,49,1,5.0
12559,7613,1,1,10.0
12560,7614,60,1,10.0
12561,7614,23,3,10.0
12562,7615,17,2,5.0
12563,7615,15,2,10.0
12564,7615,14,4,10.0
12565,7616,3,2,10.0
12566,7617,51,1,20.0
12567,7617,36,1,10.0
12568,7617,43,2,10.0
12569,7617,41,1,5.0
12570,7618,23,1,0.0
12571,7619,16,1,5.0
12572,7619,13,2,20.0
12573,7620,11,2,10.0
12574,7621,60,4,10.0
12575,7621,34,1,15.0
12576,7621,27,1,0.0
12577,7622,26,1,5.0
12578,7623,35,5,15.0
12579,7624,20,2,15.0
12580,7625,55,1,10.0
12581,7626,36,3,10.0
12582,7626,46,1,10.0
12583,7627,23,1,10.0
12584,7627,39,1,0.0
12585,7627,57,2,20.0
12586,7628,48,1,5.0
12587,7628,32,1,15.0
12588,7629,20,3,0.0
12589,7630,41,1,15.0
12590,7631,18,2,15.0
12591,7631,48,3,20.0
12592,7632,55,1,0.0
12593,7633,27,1,0.0
12594,7633,24,1,5.0
12595,7633,18,2,5.0
12596,7634,9,1,10.0
12597,7634,39,1,5.0
12598,7635,10,1,5.0
12599,7635,33,1,0.0
12600,7636,17,1,0.0
12601,7637,54,5,10.0
12602,7638,9,1,15.0
12603,7639,47,2,0.0
12604,7640,41,2,10.0
12605,7641,40,1,5.0
12606,7641,20,1,5.0
12607,7642,58,1,10.0
12608,7643,19,1,5.0
12609,7644,31,1,10.0
12610,7645,10,3,15.0
12611,7645,17,1,5.0
12612,7645,43,1,0.0
12613,7646,25,2,10.0
12614,7647,2,2,0.0
12615,7648,15,1,15.0
12616,7649,27,2,20.0
12617,7650,22,2,10.0
12618,7651,49,1,0.0
12619,7651,37,3,0.0
12620,7651,41,5,0.0
12621,7651,4,1,5.0
12622,7652,26,1,10.0
12623,7652,27,1,10.0
12624,7653,13,3,0.0
12625,7654,26,1,10.0
12626,7655,58,1,0.0
12627,7656,48,1,5.0
12628,7656,37,1,0.0
12629,7656,9,5,20.0
12630,7657,41,3,10.0
12631,7658,1,5,10.0
12632,7659,45,2,15.0
12633,7660,41,1,0.0
12634,7661,37,2,0.0
12635,7662,50,1,10.0
12636,7663,34,3,5.0
12637,7663,2,2,5.0
12638,7664,36,2,0.0
12639,7664,55,1,20.0
12640,7665,30,1,10.0
12641,7666,10,1,5.0
12642,7666,8,4,20.0
12643,7667,52,1,5.0
12644,7667,54,4,0.0
12645,7667,6,1,10.0
12646,7668,40,1,5.0
12647,7669,52,1,15.0
12648,7669,50,3,10.0
12649,7670,18,1,15.0
12650,7670,9,4,0.0
12651,7670,34,1,0.0
12652,7670,56,2,10.0
12653,7671,57,2,5.0
12654,7671,49,1,10.0
12655,7672,33,2,0.0
12656,7673,14,1,15.0
12657,7674,7,1,10.0
12658,7674,52,1,10.0
12659,7675,25,1,0.0
12660,7676,12,1,0.0
12661,7677,22,1,20.0
12662,7678,59,1,0.0
12663,7678,23,4,15.0
12664,7679,50,2,0.0
12665,7680,29,1,5.0
12666,7680,55,1,5.0
12667,7681,21,3,10.0
12668,7682,10,1,0.0
12669,7682,36,1,0.0
12670,7682,11,2,0.0
12671,7683,30,4,10.0
12672,7684,27,3,0.0
12673,7684,53,1,5.0
12674,7685,49,1,0.0
12675,7686,16,1,10.0
12676,7687,39,4,10.0
12677,7688,24,1,5.0
12678,7689,11,2,5.0
12679,7689,17,4,5.0
12680,7690,32,2,10.0
12681,7691,1,3,0.0
12682,7691,51,2,10.0
12683,7691,50,1,10.0
12684,7692,8,4,15.0
12685,7693,26,2,15.0
12686,7694,43,3,0.0
12687,7695,45,3,5.0
12688,7695,27,1,5.0
12689,7696,55,3,0.0
12690,7697,56,1,15.0
12691,7697,55,1,0.0
12692,7698,59,2,0.0
12693,7699,40,1,0.0
12694,7699,37,1,5.0
12695,7699,11,2,10.0
12696,7699,46,2,15.0
12697,7700,53,2,10.0
12698,7701,6,1,10.0
12699,7702,53,1,10.0
12700,7703,4,2,5.0
12701,7704,47,1,15.0
12702,7704,15,2,15.0
12703,7705,11,1,10.0
12704,7706,27,2,5.0
12705,7707,16,2,5.0
12706,7708,1,1,0.0
12707,7708,2,2,10.0
12708,7709,26,2,0.0
12709,7710,34,2,20.0
12710,7711,50,4,10.0
12711,7711,56,2,0.0
12712,7711,28,4,10.0
12713,7712,27,3,5.0
12714,7713,3,3,10.0
12715,7713,55,1,20.0
12716,7713,4,2,5.0
12717,7714,46,1,20.0
12718,7714,36,2,10.0
12719,7715,16,4,5.0
12720,7715,2,3,20.0
12721,7716,22,1,15.0
12722,7717,50,1,10.0
12723,7718,56,5,5.0
12724,7718,13,3,10.0
12725,7719,2,1,10.0
12726,7719,13,1,5.0
12727,7720,29,1,5.0
12728,7721,20,1,5.0
12729,7721,58,2,5.0
12730,7721,18,1,10.0
12731,7722,59,1,5.0
12732,7722,48,2,20.0
12733,7723,31,4,5.0
12734,7723,36,4,5.0
12735,7724,38,2,10.0
12736,7724,58,2,20.0
12737,7725,26,2,0.0
12738,7725,48,1,5.0
12739,7725,51,1,0.0
12740,7726,48,1,0.0
12741,7726,8,1,10.0
12742,7726,16,2,5.0
12743,7727,16,1,10.0
12744,7728,35,1,10.0
12745,7728,37,1,0.0
12746,7729,56,1,20.0
12747,7730,5,2,15.0
12748,7730,29,2,0.0
12749,7730,7,1,5.0
12750,7731,38,2,10.0
12751,7731,51,2,5.0
12752,7732,42,2,15.0
12753,7733,35,1,0.0
12754,7733,59,5,5.0
12755,7734,10,1,10.0
12756,7735,21,1,15.0
12757,7736,43,1,15.0
12758,7736,25,1,10.0
12759,7736,42,5,5.0
12760,7737,30,1,20.0
12761,7737,56,3,10.0
12762,7738,32,2,5.0
12763,7739,47,2,5.0
12764,7739,24,2,5.0
12765,7739,37,5,10.0
12766,7740,23,4,20.0
12767,7740,22,2,0.0
12768,7740,45,3,10.0
12769,7741,45,1,10.0
12770,7741,30,1,10.0
12771,7742,39,1,10.0
12772,7742,4,2,15.0
12773,7743,5,1,10.0
12774,7743,23,3,5.0
12775,7744,51,5,5.0
12776,7744,44,3,5.0
12777,7744,13,4,10.0
12778,7745,15,2,5.0
12779,7745,46,4,0.0
12780,7746,18,1,10.0
12781,7747,34,3,15.0
12782,7748,16,2,5.0
12783,7749,38,2,10.0
12784,7750,27,1,15.0
12785,7751,38,3,10.0
12786,7752,41,1,5.0
12787,7752,5,2,15.0
12788,7753,37,2,10.0
12789,7753,8,3,0.0
12790,7754,41,3,0.0
12791,7755,44,1,5.0
12792,7756,50,3,0.0
12793,7757,43,1,5.0
12794,7757,48,1,10.0
12795,7758,33,1,10.0
12796,7759,12,1,15.0
12797,7760,39,1,5.0
12798,7761,11,1,5.0
12799,7762,16,1,0.0
12800,7763,49,1,15.0
12801,7764,18,1,0.0
12802,7764,47,2,5.0
12803,7765,36,1,0.0
12804,7765,7,4,5.0
12805,7766,8,1,5.0
12806,7766,2,1,5.0
12807,7767,8,1,10.0
12808,7767,42,1,5.0
12809,7767,47,1,20.0
12810,7768,53,4,5.0
12811,7768,34,3,5.0
12812,7769,2,2,0.0
12813,7770,43,1,0.0
12814,7771,12,1,10.0
12815,7771,5,2,0.0
12816,7772,55,1,5.0
12817,7772,31,1,0.0
12818,7773,52,3,10.0
12819,7773,56,2,5.0
12820,7773,26,2,5.0
12821,7774,14,5,0.0
12822,7775,53,2,10.0
12823,7775,17,2,5.0
12824,7776,39,2,5.0
12825,7777,23,1,15.0
12826,7777,47,3,5.0
12827,7777,21,1,10.0
12828,7778,10,1,20.0
12829,7779,4,2,15.0
12830,7779,2,1,5.0
12831,7779,55,1,5.0
12832,7779,33,2,15.0
12833,7780,3,1,10.0
12834,7780,53,2,15.0
12835,7781,37,1,5.0
12836,7782,56,2,5.0
12837,7783,10,2,0.0
12838,7784,56,1,20.0
12839,7785,20,5,10.0
12840,7785,39,1,0.0
12841,7786,45,1,5.0
12842,7787,40,3,5.0
12843,7788,10,5,10.0
12844,7789,49,1,10.0
12845,7790,21,2,10.0
12846,7791,2,2,0.0
12847,7791,18,1,0.0
12848,7791,49,1,0.0
12849,7792,26,2,5.0
12850,7793,43,2,15.0
12851,7794,38,1,5.0
12852,7795,8,2,5.0
12853,7795,3,1,0.0
12854,7796,59,1,0.0
12855,7797,59,2,15.0
12856,7798,27,1,20.0
12857,7798,29,1,10.0
12858,7799,46,5,0.0
12859,7800,5,2,0.0
12860,7800,6,1,15.0
12861,7801,35,3,10.0
12862,7801,8,2,10.0
12863,7801,40,1,20.0
12864,7802,55,1,0.0
12865,7802,30,2,0.0
12866,7803,32,1,0.0
12867,7804,3,1,0.0
12868,7805,57,2,10.0
12869,7806,30,2,10.0
12870,7807,52,1,5.0
12871,7808,25,2,0.0
12872,7809,5,2,0.0
12873,7810,8,3,5.0
12874,7811,2,3,5.0
12875,7812,55,3,5.0
12876,7812,13,3,10.0
12877,7813,13,1,5.0
12878,7814,2,2,10.0
12879,7814,12,1,10.0
12880,7814,49,2,15.0
12881,7815,6,1,5.0
12882,7815,30,4,0.0
12883,7816,18,2,15.0
12884,7817,17,1,5.0
12885,7817,42,2,0.0
12886,7818,59,4,0.0
12887,7819,25,2,5.0
12888,7820,13,5,5.0
12889,7821,51,1,15.0
12890,7822,29,1,5.0
12891,7822,32,1,0.0
12892,7822,14,1,5.0
12893,7823,57,1,10.0
12894,7824,1,3,5.0
12895,7824,3,2,0.0
12896,7825,43,2,5.0
12897,7825,18,5,0.0
12898,7826,22,1,10.0
12899,7826,35,5,0.0
12900,7826,10,2,20.0
12901,7827,28,1,15.0
12902,7828,60,3,10.0
12903,7829,30,1,0.0
12904,7830,53,1,10.0
12905,7831,39,3,5.0
12906,7831,53,2,0.0
12907,7832,42,2,10.0
12908,7832,25,1,15.0
12909,7833,18,4,20.0
12910,7833,3,4,0.0
12911,7833,6,1,0.0
12912,7833,12,2,10.0
12913,7834,56,2,15.0
12914,7835,30,1,15.0
12915,7835,18,2,10.0
12916,7835,14,1,10.0
12917,7836,52,3,20.0
12918,7837,53,2,5.0
12919,7837,4,1,10.0
12920,7838,13,1,15.0
12921,7838,34,1,10.0
12922,7838,35,1,0.0
12923,7839,14,4,0.0
12924,7839,4,1,10.0
12925,7840,60,2,0.0
12926,7841,54,1,0.0
12927,7841,18,1,15.0
12928,7842,43,2,10.0
12929,7843,24,4,5.0
12930,7844,22,1,5.0
12931,7845,22,2,10.0
12932,7845,54,3,10.0
12933,7846,21,4,15.0
12934,7847,43,1,0.0
12935,7847,37,1,15.0
12936,7847,48,2,5.0
12937,7848,8,1,5.0
12938,7849,3,2,0.0
12939,7849,46,1,5.0
12940,7850,31,2,0.0
12941,7851,46,1,15.0
12942,7851,32,2,15.0
12943,7852,38,2,20.0
12944,7852,28,1,5.0
12945,7853,46,1,20.0
12946,7854,49,3,15.0
12947,7855,28,1,0.0
12948,7856,36,2,5.0
12949,7856,55,1,0.0
12950,7856,24,3,5.0
12951,7857,35,3,5.0
12952,7858,52,1,15.0
12953,7859,49,1,0.0
12954,7859,20,1,5.0
12955,7860,44,2,0.0
12956,7861,52,1,15.0
12957,7862,31,2,10.0
12958,7862,27,4,5.0
12959,7863,36,1,15.0
12960,7863,22,3,10.0
12961,7864,24,3,0.0
12962,7864,12,1,10.0
12963,7865,18,4,15.0
12964,7865,7,5,5.0
12965,7865,5,1,5.0
12966,7866,60,1,5.0
12967,7866,38,3,15.0
12968,7866,19,1,0.0
12969,7867,14,3,20.0
12970,7867,56,1,5.0
12971,7868,44,3,0.0
12972,7868,49,1,10.0
12973,7868,2,1,20.0
12974,7868,14,1,0.0
12975,7869,56,1,5.0
12976,7869,9,1,0.0
12977,7870,31,1,10.0
12978,7871,17,1,15.0
12979,7872,58,1,15.0
12980,7872,15,1,10.0
12981,7873,34,2,10.0
12982,7873,55,1,0.0
12983,7873,59,1,5.0
12984,7874,58,3,0.0
12985,7875,20,2,15.0
12986,7876,57,3,5.0
12987,7876,2,4,10.0
12988,7877,20,1,5.0
12989,7878,9,2,20.0
12990,7879,44,1,10.0
12991,7879,9,2,5.0
12992,7879,6,2,10.0
12993,7879,47,2,15.0
12994,7880,7,1,20.0
12995,7880,37,1,5.0
12996,7881,22,2,20.0
12997,7882,54,3,5.0
12998,7883,59,4,0.0
12999,7884,40,1,5.0
13000,7885,16,4,0.0
13001,7885,32,2,0.0
13002,7885,28,2,5.0
13003,7886,43,2,0.0
13004,7887,36,1,15.0
13005,7887,40,1,0.0
13006,7888,25,4,0.0
13007,7889,21,3,15.0
13008,7890,34,2,15.0
13009,7891,47,1,0.0
13010,7891,19,2,10.0
13011,7892,57,1,10.0
13012,7892,11,1,0.0
13013,7893,1,2,5.0
13014,7894,51,2,5.0
13015,7894,42,1,0.0
13016,7895,31,1,10.0
13017,7896,51,1,15.0
13018,7897,46,2,10.0
13019,7898,20,1,10.0
13020,7898,51,1,0.0
13021,7899,60,2,10.0
13022,7899,5,1,15.0
13023,7900,6,1,15.0
13024,7900,16,1,0.0
13025,7900,42,2,5.0
13026,7901,27,1,5.0
13027,7901,3,4,5.0
13028,7902,27,2,0.0
13029,7902,54,1,10.0
13030,7903,8,1,5.0
13031,7904,30,1,10.0
13032,7905,25,1,0.0
13033,7906,22,1,10.0
13034,7907,13,4,10.0
13035,7908,14,1,5.0
13036,7909,29,3,0.0
13037,7910,42,2,10.0
13038,7911,37,1,0.0
13039,7911,22,2,10.0
13040,7912,28,2,0.0
13041,7912,27,3,0.0
13042,7913,9,1,5.0
13043,7914,2,1,0.0
13044,7914,32,3,5.0
13045,7915,57,2,10.0
13046,7916,38,1,15.0
13047,7917,42,3,5.0
13048,7918,57,1,5.0
13049,7918,55,1,0.0
13050,7918,58,4,10.0
13051,7919,34,2,0.0
13052,7919,44,4,10.0
13053,7920,9,5,15.0
13054,7920,35,1,10.0
13055,7921,14,2,15.0
13056,7922,50,2,10.0
13057,7923,6,4,15.0
13058,7923,60,1,10.0
13059,7924,43,2,5.0
13060,7925,36,2,15.0
13061,7926,34,1,5.0
13062,7926,31,4,10.0
13063,7926,12,2,0.0
13064,7926,4,3,0.0
13065,7927,30,2,15.0
13066,7927,5,3,10.0
13067,7927,49,1,5.0
13068,7927,40,1,10.0
13069,7928,37,1,5.0
13070,7928,46,1,15.0
13071,7928,15,1,5.0
13072,7929,36,1,10.0
13073,7930,43,1,10.0
13074,7930,40,1,5.0
13075,7931,34,1,0.0
13076,7931,1,1,10.0
13077,7932,24,2,10.0
13078,7932,10,3,5.0
13079,7933,10,1,5.0
13080,7933,44,2,5.0
13081,7934,10,2,10.0
13082,7934,15,3,0.0
13083,7935,31,5,10.0
13084,7935,17,2,10.0
13085,7935,27,3,0.0
13086,7936,13,2,5.0
13087,7937,8,2,5.0
13088,7937,9,1,15.0
13089,7938,52,1,5.0
13090,7938,33,2,0.0
13091,7939,15,1,5.0
13092,7939,10,1,5.0
13093,7940,31,2,5.0
13094,7941,21,1,20.0
13095,7942,10,5,5.0
13096,7943,4,1,0.0
13097,7944,10,2,5.0
13098,7944,5,2,5.0
13099,7944,37,1,15.0
13100,7945,20,2,10.0
13101,7945,16,1,10.0
13102,7945,15,2,0.0
13103,7946,27,3,5.0
13104,7947,49,2,0.0
13105,7947,19,1,10.0
13106,7947,41,5,5.0
13107,7948,3,1,10.0
13108,7949,19,3,10.0
13109,7950,32,2,10.0
13110,7950,14,4,0.0
13111,7951,17,1,10.0
13112,7951,14,4,10.0
13113,7952,57,1,5.0
13114,7953,42,1,5.0
13115,7953,40,1,0.0
13116,7953,43,1,10.0
13117,7954,21,4,15.0
13118,7955,22,1,0.0
13119,7956,40,2,15.0
13120,7956,49,1,0.0
13121,7957,46,2,5.0
13122,7958,41,1,0.0
13123,7958,25,1,0.0
13124,7959,49,3,15.0
13125,7960,37,1,0.0
13126,7960,47,1,10.0
13127,7960,13,1,5.0
13128,7961,29,1,15.0
13129,7962,3,1,5.0
13130,7963,16,3,5.0
13131,7964,21,1,10.0
13132,7965,40,3,5.0
13133,7966,24,1,5.0
13134,7967,50,2,5.0
13135,7968,12,4,10.0
13136,7969,32,3,0.0
13137,7969,46,2,15.0
13138,7970,6,2,0.0
13139,7970,10,3,15.0
13140,7970,56,1,0.0
13141,7970,12,1,15.0
13142,7971,57,1,10.0
13143,7971,32,1,0.0
13144,7972,43,2,10.0
13145,7973,46,1,10.0
13146,7974,39,4,15.0
13147,7975,23,1,15.0
13148,7976,5,1,5.0
13149,7976,45,2,5.0
13150,7977,43,2,5.0
13151,7978,17,2,0.0
13152,7978,51,2,10.0
13153,7979,45,2,0.0
13154,7980,50,3,0.0
13155,7981,28,1,5.0
13156,7982,20,2,0.0
13157,7982,28,1,0.0
13158,7983,10,1,5.0
13159,7983,25,1,10.0
13160,7984,39,3,20.0
13161,7984,31,1,0.0
13162,7985,28,1,15.0
13163,7986,45,2,5.0
13164,7986,19,1,10.0
13165,7986,49,4,5.0
13166,7987,28,1,5.0
13167,7987,7,3,10.0
13168,7988,49,1,10.0
13169,7989,19,2,5.0
13170,7989,12,3,10.0
13171,7989,45,1,0.0
13172,7989,28,3,5.0
13173,7990,59,2,0.0
13174,7991,41,1,10.0
13175,7992,26,4,15.0
13176,7993,36,1,10.0
13177,7993,58,1,5.0
13178,7994,7,1,0.0
13179,7995,46,1,5.0
13180,7996,49,4,10.0
13181,7997,24,1,5.0
13182,7998,22,1,20.0
13183,7998,49,1,5.0
13184,7999,5,1,5.0
13185,8000,47,1,15.0
13186,8000,23,3,5.0
13187,8000,10,1,20.0
