order_id,customer_id,order_date,region,payment_method
1,337,2026-05-30,East,UPI
2,910,2024-07-06,North,Credit Card
3,561,2025-08-13,West,UPI
4,871,2025-06-23,South,Net Banking
5,614,2024-01-17,South,Cash on Delivery
6,471,2026-07-28,North,UPI
7,734,2024-01-03,South,UPI
8,512,2024-06-04,South,UPI
9,824,2026-08-04,North,Credit Card
10,988,2026-04-23,West,UPI
11,340,2024-11-03,North,UPI
12,784,2025-08-17,West,Debit Card
13,803,2024-07-26,South,Debit Card
14,618,2026-07-16,North,Debit Card
15,445,2025-07-23,East,UPI
16,177,2024-12-27,South,UPI
17,509,2024-05-16,North,Credit Card
18,648,2025-06-17,East,Credit Card
19,576,2026-05-07,South,Cash on Delivery
20,517,2026-04-07,South,UPI
21,276,2024-02-17,West,Credit Card
22,438,2025-06-21,East,Debit Card
23,296,2024-08-23,South,UPI
24,38,2024-07-29,South,Debit Card
25,639,2026-07-26,West,Net Banking
26,974,2026-08-10,North,UPI
27,968,2025-04-16,South,Credit Card
28,984,2026-06-07,North,Credit Card
29,208,2024-01-08,South,UPI
30,800,2024-06-12,South,Credit Card
31,809,2026-06-19,West,Net Banking
32,656,2024-09-18,West,Net Banking
33,868,2024-01-30,West,Credit Card
34,321,2025-07-12,South,UPI
35,569,2024-03-18,East,Credit Card
36,245,2024-10-13,North,UPI
37,476,2024-02-21,North,Credit Card
38,305,2024-01-07,North,Credit Card
39,292,2026-08-03,South,Credit Card
40,172,2026-08-07,South,UPI
41,333,2024-07-13,North,Net Banking
42,831,2025-08-10,South,UPI
43,88,2026-06-01,South,Net Banking
44,481,2026-07-18,South,UPI
45,758,2026-04-03,West,Cash on Delivery
46,921,2025-06-01,East,Debit Card
47,415,2024-04-04,South,Net Banking
48,617,2024-06-13,Central,UPI
49,68,2025-05-08,North,Credit Card
50,171,2024-09-29,South,Net Banking
51,270,2024-06-28,South,Debit Card
52,954,2025-12-15,East,UPI
53,408,2024-07-07,West,Debit Card
54,674,2025-07-09,North,Debit Card
55,85,2024-08-01,East,Cash on Delivery
56,586,2024-04-19,North,Net Banking
57,797,2024-09-15,East,Net Banking
58,616,2024-12-01,East,Net Banking
59,434,2024-07-25,North,UPI
60,668,2025-06-11,North,Credit Card
61,533,2024-04-01,West,Cash on Delivery
62,14,2026-04-16,South,Credit Card
63,463,2024-03-28,North,UPI
64,869,2024-06-16,South,Debit Card
65,70,2026-03-19,South,UPI
66,559,2025-07-18,East,UPI
67,389,2024-08-05,Central,Debit Card
68,216,2025-08-24,North,Credit Card
69,271,2026-01-30,East,Credit Card
70,39,2024-10-11,West,UPI
71,75,2024-09-26,North,Wallet
72,26,2024-11-08,East,Net Banking
73,865,2026-01-16,Central,Debit Card
74,443,2026-04-17,South,Credit Card
75,556,2024-12-21,North,UPI
76,205,2025-11-27,North,Net Banking
77,701,2026-08-07,North,Credit Card
78,420,2026-02-06,North,UPI
79,835,2025-11-23,North,Debit Card
80,214,2026-01-27,East,UPI
81,816,2024-06-21,East,Net Banking
82,596,2026-01-23,South,Cash on Delivery
83,999,2026-04-03,West,UPI
84,480,2025-08-01,Central,Wallet
85,394,2025-11-26,West,Credit Card
86,200,2024-08-27,North,Wallet
87,636,2025-06-14,South,UPI
88,661,2025-12-17,South,Debit Card
89,454,2024-12-21,North,Cash on Delivery
90,514,2026-05-21,East,Credit Card
91,716,2025-03-06,North,UPI
92,706,2024-06-24,South,UPI
93,380,2024-04-19,South,Net Banking
94,306,2026-06-27,North,Credit Card
95,705,2024-11-25,East,UPI
96,651,2024-07-23,North,Debit Card
97,606,2026-01-06,West,Net Banking
98,643,2024-11-24,East,Net Banking
99,698,2024-12-10,North,Cash on Delivery
100,135,2024-02-27,North,Debit Card
101,735,2024-04-27,West,Net Banking
102,359,2025-10-11,West,UPI
103,167,2024-07-25,East,UPI
104,672,2025-05-04,East,Wallet
105,331,2026-07-14,West,UPI
106,896,2026-03-09,North,UPI
107,100,2024-07-07,West,Cash on Delivery
108,909,2026-01-06,South,Net Banking
109,659,2025-08-23,West,UPI
110,545,2024-01-10,North,UPI
111,859,2024-12-10,West,UPI
112,293,2024-07-25,South,Debit Card
113,9,2024-02-22,South,UPI
114,174,2025-04-14,South,Wallet
115,671,2026-05-09,North,UPI
116,296,2025-04-11,South,Credit Card
117,820,2024-06-11,Central,Credit Card
118,240,2024-09-22,West,Debit Card
119,95,2025-07-06,West,Debit Card
120,899,2024-03-22,North,UPI
121,507,2025-06-12,North,Debit Card
122,429,2025-09-26,East,Cash on Delivery
123,394,2026-04-03,West,Wallet
124,763,2025-01-24,East,UPI
125,749,2024-12-18,North,UPI
126,40,2024-12-24,North,UPI
127,651,2026-03-05,North,Credit Card
128,623,2025-03-29,South,UPI
129,404,2026-03-23,South,Cash on Delivery
130,325,2025-04-05,East,Credit Card
131,875,2024-02-12,South,Credit Card
132,330,2025-10-21,South,Credit Card
133,448,2026-06-02,North,UPI
134,156,2024-03-14,West,UPI
135,988,2026-03-13,West,Credit Card
136,877,2025-06-24,North,Credit Card
137,481,2024-11-04,South,UPI
138,715,2024-11-10,South,Net Banking
139,762,2024-03-27,West,Credit Card
140,861,2025-06-15,West,UPI
141,110,2025-04-27,North,Debit Card
142,592,2024-01-16,North,UPI
143,963,2025-09-15,West,UPI
144,682,2025-07-12,West,Debit Card
145,624,2025-12-18,West,Cash on Delivery
146,789,2025-06-09,South,UPI
147,740,2024-04-23,South,Credit Card
148,221,2026-05-13,West,UPI
149,336,2024-03-07,South,Debit Card
150,971,2025-07-19,West,UPI
151,65,2024-09-21,South,Credit Card
152,556,2024-06-04,North,UPI
153,65,2025-11-14,South,Credit Card
154,62,2024-03-02,South,Cash on Delivery
155,834,2025-06-01,North,Credit Card
156,628,2024-02-21,South,Debit Card
157,332,2024-06-13,East,Debit Card
158,761,2024-09-17,Central,Credit Card
159,76,2024-11-11,East,Credit Card
160,77,2025-05-23,West,UPI
161,94,2025-02-13,West,Credit Card
162,864,2025-07-01,West,UPI
163,823,2026-01-10,North,Credit Card
164,74,2025-03-22,West,Debit Card
165,845,2025-03-13,East,Cash on Delivery
166,525,2024-05-25,West,UPI
167,65,2024-10-07,South,UPI
168,77,2026-07-17,West,UPI
169,444,2024-12-24,South,UPI
170,681,2026-06-13,West,Credit Card
171,931,2024-08-15,South,Debit Card
172,111,2026-01-13,East,Credit Card
173,911,2025-10-07,East,Wallet
174,784,2025-06-27,West,Debit Card
175,472,2024-07-26,South,UPI
176,9,2025-08-20,South,UPI
177,793,2026-01-09,Central,Credit Card
178,380,2024-03-21,South,Credit Card
179,243,2025-09-11,East,UPI
180,782,2024-10-13,South,Credit Card
181,947,2024-09-02,South,Credit Card
182,548,2025-02-19,West,UPI
183,789,2026-04-11,South,UPI
184,147,2025-11-14,North,UPI
185,962,2024-08-05,South,Credit Card
186,400,2024-04-18,West,Credit Card
187,654,2026-04-28,West,UPI
188,949,2025-01-30,West,Debit Card
189,275,2025-05-06,South,UPI
190,149,2025-08-21,South,UPI
191,727,2024-03-19,West,Net Banking
192,329,2026-06-21,South,Net Banking
193,797,2026-04-21,East,Debit Card
194,151,2025-11-27,East,Credit Card
195,133,2024-12-04,West,UPI
196,379,2024-06-10,West,Debit Card
197,464,2026-06-16,North,Debit Card
198,113,2025-03-30,North,UPI
199,304,2025-05-01,West,UPI
200,356,2024-01-14,South,Debit Card
201,530,2025-01-31,South,UPI
202,647,2025-07-11,South,Debit Card
203,440,2024-06-23,North,Credit Card
204,447,2025-06-20,North,Debit Card
205,48,2025-10-10,East,UPI
206,996,2026-03-04,East,UPI
207,402,2024-09-13,East,UPI
208,69,2024-12-10,North,UPI
209,133,2024-11-22,West,UPI
210,349,2024-05-18,South,Wallet
211,376,2025-12-27,East,Debit Card
212,224,2025-08-06,South,Net Banking
213,773,2026-06-11,South,Wallet
214,716,2025-07-01,North,Credit Card
215,608,2024-11-10,East,UPI
216,276,2026-03-28,West,UPI
217,293,2024-09-25,South,Debit Card
218,691,2024-06-18,West,Credit Card
219,299,2026-01-17,West,UPI
220,829,2024-06-11,East,Debit Card
221,361,2025-03-16,East,Credit Card
222,135,2025-10-18,North,UPI
223,117,2025-09-07,Central,Debit Card
224,120,2025-07-26,North,Credit Card
225,975,2024-07-20,East,Net Banking
226,876,2024-08-28,West,Credit Card
227,579,2024-04-25,West,Net Banking
228,232,2026-06-19,South,Cash on Delivery
229,355,2024-06-21,North,UPI
230,840,2024-04-12,East,Credit Card
231,841,2026-03-16,North,UPI
232,344,2025-05-11,West,UPI
233,973,2025-09-24,North,Debit Card
234,591,2024-10-27,South,UPI
235,186,2025-06-10,North,Net Banking
236,325,2025-11-11,East,Debit Card
237,656,2024-09-16,West,UPI
238,91,2024-10-27,Central,UPI
239,160,2024-11-11,South,Debit Card
240,641,2025-01-26,South,Credit Card
241,560,2025-08-30,South,Net Banking
242,482,2025-11-29,Central,Credit Card
243,426,2024-06-14,North,Wallet
244,241,2026-02-16,North,Net Banking
245,316,2025-04-04,West,Credit Card
246,362,2025-11-24,South,UPI
247,671,2026-04-17,North,UPI
248,726,2026-07-18,South,Debit Card
249,728,2025-06-21,West,UPI
250,361,2026-04-02,East,Net Banking
251,659,2024-09-26,West,UPI
252,953,2024-06-27,West,Credit Card
253,868,2025-04-06,West,UPI
254,196,2026-04-05,Central,Debit Card
255,950,2025-11-17,South,UPI
256,116,2025-09-05,West,Credit Card
257,214,2026-03-18,East,UPI
258,498,2025-03-10,Central,Credit Card
259,535,2026-05-16,Central,Wallet
260,374,2025-09-19,East,Credit Card
261,127,2025-01-26,West,UPI
262,770,2025-02-20,South,UPI
263,540,2024-09-08,North,UPI
264,302,2025-09-15,South,UPI
265,441,2024-05-05,South,UPI
266,429,2024-03-26,East,Wallet
267,590,2024-08-18,East,Credit Card
268,158,2026-01-26,South,UPI
269,512,2025-08-19,South,Net Banking
270,291,2025-04-02,South,UPI
271,233,2025-05-05,South,Wallet
272,880,2026-05-11,Central,UPI
273,768,2024-08-10,West,UPI
274,164,2024-11-19,East,Debit Card
275,509,2025-10-27,North,Credit Card
276,174,2024-12-19,South,Debit Card
277,180,2025-11-16,East,Wallet
278,349,2026-05-25,South,UPI
279,767,2024-01-09,South,Cash on Delivery
280,593,2024-10-31,North,Wallet
281,308,2024-12-13,East,Credit Card
282,86,2025-08-04,North,UPI
283,332,2024-09-20,East,Credit Card
284,455,2025-12-14,North,Credit Card
285,968,2025-07-21,South,Credit Card
286,385,2024-09-18,North,UPI
287,700,2024-06-12,West,Credit Card
288,268,2024-01-12,West,Net Banking
289,482,2025-12-23,Central,UPI
290,188,2026-06-06,North,Credit Card
291,566,2024-10-14,West,UPI
292,7,2026-07-06,Central,Debit Card
293,408,2024-02-23,West,Wallet
294,719,2024-05-26,South,UPI
295,700,2024-02-26,West,Debit Card
296,651,2025-08-07,North,Debit Card
297,853,2024-05-03,South,UPI
298,661,2024-06-18,South,Debit Card
299,908,2026-01-18,North,Cash on Delivery
300,565,2025-10-01,South,Credit Card
301,834,2026-04-15,North,UPI
302,493,2025-11-12,South,Debit Card
303,948,2024-12-14,East,UPI
304,44,2024-09-28,South,Debit Card
305,231,2025-02-12,East,Wallet
306,371,2024-11-18,West,Cash on Delivery
307,655,2025-09-21,North,Debit Card
308,457,2025-12-22,West,Credit Card
309,934,2024-08-19,North,Debit Card
310,752,2026-05-14,South,UPI
311,359,2025-01-11,West,UPI
312,177,2025-02-09,South,Credit Card
313,250,2025-08-05,West,Net Banking
314,44,2025-08-14,South,Credit Card
315,708,2024-02-01,South,Credit Card
316,329,2024-10-11,South,Credit Card
317,838,2026-03-10,East,Net Banking
318,648,2025-07-22,East,Wallet
319,784,2025-05-13,West,UPI
320,646,2025-05-18,South,UPI
321,447,2025-09-01,North,Credit Card
322,193,2026-08-13,East,Credit Card
323,554,2025-04-27,South,UPI
324,110,2025-04-02,North,UPI
325,185,2025-01-25,East,Credit Card
326,205,2024-10-24,North,UPI
327,804,2024-04-11,South,Net Banking
328,865,2024-03-23,Central,Net Banking
329,986,2024-12-01,South,UPI
330,182,2024-02-05,East,Net Banking
331,595,2024-11-04,South,Net Banking
332,552,2025-10-14,West,Credit Card
333,318,2025-04-02,East,Credit Card
334,721,2026-03-03,West,Debit Card
335,164,2024-01-04,East,Net Banking
336,496,2026-08-05,South,UPI
337,908,2024-03-25,North,Debit Card
338,830,2024-09-30,South,Credit Card
339,341,2026-07-13,South,Debit Card
340,617,2026-01-02,Central,Debit Card
341,235,2025-03-28,South,Credit Card
342,202,2026-03-04,West,Credit Card
343,205,2026-06-15,North,UPI
344,112,2024-05-09,North,Wallet
345,698,2025-06-15,North,Net Banking
346,529,2024-10-31,East,Credit Card
347,485,2025-02-02,West,UPI
348,719,2024-05-23,South,Debit Card
349,146,2026-05-17,North,Cash on Delivery
350,321,2025-10-24,South,Credit Card
351,52,2025-07-14,South,Credit Card
352,219,2025-11-12,West,Credit Card
353,910,2025-06-04,North,Credit Card
354,481,2025-08-04,South,UPI
355,219,2024-01-09,West,UPI
356,929,2024-09-15,East,Debit Card
357,706,2026-05-27,South,UPI
358,355,2026-01-12,North,UPI
359,31,2026-04-08,South,Credit Card
360,737,2024-06-22,South,Net Banking
361,227,2026-03-06,North,UPI
362,919,2025-02-20,East,UPI
363,823,2026-02-13,North,Wallet
364,946,2026-06-10,North,UPI
365,381,2025-06-24,South,UPI
366,289,2025-10-10,West,UPI
367,571,2024-09-06,North,UPI
368,547,2025-04-30,South,UPI
369,799,2026-07-28,Central,Credit Card
370,370,2026-06-02,West,Credit Card
371,516,2025-05-11,South,UPI
372,805,2024-11-06,South,Credit Card
373,17,2025-06-17,East,Credit Card
374,486,2026-04-14,North,UPI
375,934,2025-05-12,North,Cash on Delivery
376,80,2025-09-14,South,Net Banking
377,588,2024-07-27,North,Cash on Delivery
378,462,2024-03-21,East,Debit Card
379,440,2026-01-21,North,UPI
380,798,2026-06-21,North,Cash on Delivery
381,662,2026-05-02,South,Debit Card
382,486,2025-04-04,North,UPI
383,376,2025-07-06,East,UPI
384,604,2026-04-07,Central,UPI
385,877,2025-12-08,North,Wallet
386,17,2025-09-14,East,Debit Card
387,843,2024-05-25,North,Cash on Delivery
388,544,2025-02-21,East,Credit Card
389,520,2025-08-28,North,Credit Card
390,490,2024-12-10,North,UPI
391,746,2024-04-01,North,Net Banking
392,395,2026-05-18,South,Credit Card
393,375,2025-08-11,Central,Credit Card
394,368,2025-10-27,East,Debit Card
395,997,2026-06-18,Central,Credit Card
396,56,2025-07-09,North,Credit Card
397,973,2026-04-09,North,Credit Card
398,893,2024-10-15,South,UPI
399,357,2024-04-26,South,UPI
400,450,2025-03-20,East,Credit Card
401,42,2024-06-04,East,UPI
402,347,2025-09-14,North,UPI
403,795,2025-10-19,North,UPI
404,924,2024-09-28,North,UPI
405,718,2025-03-31,East,UPI
406,435,2026-07-21,South,UPI
407,214,2025-10-04,East,Credit Card
408,186,2025-04-18,North,UPI
409,360,2024-11-02,Central,Wallet
410,677,2024-09-20,South,UPI
411,790,2026-04-25,South,Credit Card
412,683,2025-08-23,West,Debit Card
413,316,2026-01-03,West,UPI
414,637,2026-05-28,West,Cash on Delivery
415,319,2025-05-27,East,UPI
416,993,2026-07-03,South,Credit Card
417,492,2026-04-07,South,Debit Card
418,985,2026-07-08,West,Debit Card
419,509,2024-07-19,North,UPI
420,458,2024-11-13,North,Debit Card
421,363,2025-09-16,South,Wallet
422,251,2026-08-01,South,UPI
423,96,2025-11-04,East,Cash on Delivery
424,887,2026-03-12,East,UPI
425,956,2024-01-24,North,Net Banking
426,52,2026-01-04,South,Debit Card
427,825,2024-09-23,North,UPI
428,718,2026-07-21,East,Credit Card
429,113,2026-03-25,North,UPI
430,940,2025-05-18,South,Debit Card
431,245,2025-07-03,North,Debit Card
432,922,2025-08-16,West,Debit Card
433,212,2024-10-26,South,Debit Card
434,99,2025-11-10,North,Wallet
435,347,2024-02-18,North,Debit Card
436,579,2024-07-09,West,UPI
437,996,2024-03-14,East,Debit Card
438,312,2026-04-11,West,Debit Card
439,604,2025-06-18,Central,Debit Card
440,657,2024-02-26,West,Credit Card
441,850,2026-03-04,West,Credit Card
442,182,2024-10-23,East,UPI
443,251,2024-03-25,South,UPI
444,140,2026-03-18,West,Net Banking
445,540,2026-03-15,North,Credit Card
446,40,2026-07-02,North,Debit Card
447,9,2025-06-09,South,UPI
448,670,2025-07-13,North,UPI
449,218,2025-03-04,East,Credit Card
450,739,2024-11-10,East,Net Banking
451,59,2024-03-14,East,Debit Card
452,304,2025-07-12,West,Debit Card
453,2,2024-08-04,East,Cash on Delivery
454,30,2026-07-07,South,UPI
455,315,2025-06-25,South,Debit Card
456,845,2024-09-28,East,UPI
457,787,2026-08-04,East,Debit Card
458,5,2024-10-12,West,Cash on Delivery
459,124,2025-10-30,East,Credit Card
460,308,2024-03-11,East,UPI
461,114,2024-04-13,South,UPI
462,478,2024-04-12,West,Credit Card
463,996,2025-03-09,East,UPI
464,144,2026-08-06,South,Debit Card
465,153,2025-09-16,South,Debit Card
466,705,2024-06-14,East,Credit Card
467,629,2024-01-26,Central,Debit Card
468,443,2026-07-12,South,UPI
469,332,2026-06-30,East,Debit Card
470,288,2024-04-21,North,Credit Card
471,644,2025-06-14,South,UPI
472,806,2025-05-23,South,UPI
473,433,2024-01-07,South,Credit Card
474,889,2024-01-15,East,Cash on Delivery
475,350,2025-04-26,South,UPI
476,895,2024-08-03,West,Credit Card
477,978,2025-04-22,South,Net Banking
478,509,2025-04-03,North,UPI
479,686,2026-01-21,West,Cash on Delivery
480,179,2024-03-20,East,UPI
481,554,2025-07-23,South,Cash on Delivery
482,479,2024-01-14,South,Net Banking
483,125,2026-07-22,Central,Debit Card
484,845,2024-08-08,East,Credit Card
485,220,2024-10-19,South,Credit Card
486,303,2024-09-14,North,Net Banking
487,247,2025-03-14,North,Cash on Delivery
488,677,2026-06-14,South,Cash on Delivery
489,265,2026-01-15,North,Credit Card
490,343,2024-03-14,West,Debit Card
491,117,2025-10-25,Central,UPI
492,741,2026-02-02,South,Cash on Delivery
493,419,2026-01-08,North,Wallet
494,984,2025-04-02,North,UPI
495,911,2025-02-07,East,UPI
496,506,2026-04-04,East,UPI
497,379,2026-06-10,West,Net Banking
498,558,2026-06-04,North,Net Banking
499,62,2024-03-26,South,UPI
500,862,2025-05-20,South,Cash on Delivery
501,671,2026-04-23,North,Credit Card
502,364,2026-01-03,West,UPI
503,25,2026-02-11,South,UPI
504,180,2026-07-10,East,UPI
505,853,2025-11-11,South,Debit Card
506,467,2026-01-03,North,Credit Card
507,482,2024-04-29,Central,UPI
508,964,2025-07-14,West,Debit Card
509,439,2024-03-17,South,Debit Card
510,618,2024-09-04,North,Debit Card
511,723,2026-06-15,South,UPI
512,207,2024-12-08,North,Debit Card
513,330,2024-08-25,South,UPI
514,504,2024-09-03,West,Credit Card
515,445,2026-07-10,East,Debit Card
516,199,2024-04-11,North,Debit Card
517,844,2024-02-24,South,Credit Card
518,96,2026-05-14,East,Debit Card
519,894,2024-02-04,East,Debit Card
520,129,2026-03-11,South,Cash on Delivery
521,785,2026-04-12,East,Debit Card
522,969,2025-11-11,East,Debit Card
523,732,2025-03-14,East,UPI
524,469,2025-12-26,South,Credit Card
525,784,2025-11-01,West,Credit Card
526,34,2024-01-01,South,Credit Card
527,337,2025-08-08,East,Cash on Delivery
528,823,2024-09-04,North,UPI
529,165,2026-04-19,South,UPI
530,113,2025-08-05,North,Debit Card
531,802,2024-07-07,West,Credit Card
532,329,2024-11-21,South,Cash on Delivery
533,823,2025-01-04,North,Cash on Delivery
534,480,2025-10-04,Central,Credit Card
535,227,2024-09-16,North,Credit Card
536,172,2025-02-09,South,Credit Card
537,387,2025-12-01,West,Debit Card
538,783,2025-07-30,North,UPI
539,341,2024-11-08,South,Credit Card
540,6,2025-04-17,North,Debit Card
541,300,2026-08-15,East,Credit Card
542,439,2025-12-15,South,Credit Card
543,957,2024-12-29,South,UPI
544,929,2026-03-20,East,Debit Card
545,221,2024-12-03,West,Cash on Delivery
546,358,2025-11-18,West,Net Banking
547,247,2025-09-21,North,UPI
548,742,2025-11-24,South,UPI
549,731,2026-03-11,East,Credit Card
550,934,2025-06-21,North,Debit Card
551,49,2025-07-25,North,UPI
552,451,2024-11-12,South,Credit Card
553,90,2025-05-02,South,UPI
554,166,2024-01-25,South,Debit Card
555,74,2024-11-06,West,UPI
556,258,2024-04-22,South,Wallet
557,702,2024-08-12,North,Credit Card
558,490,2025-03-02,North,Debit Card
559,505,2025-11-26,South,Credit Card
560,126,2025-01-18,North,UPI
561,79,2026-06-04,Central,UPI
562,40,2024-07-05,North,Credit Card
563,996,2025-07-15,East,Debit Card
564,480,2026-03-08,Central,UPI
565,481,2024-04-07,South,Net Banking
566,384,2024-04-01,South,UPI
567,166,2024-05-05,South,UPI
568,371,2026-07-23,West,Credit Card
569,846,2025-04-23,North,Credit Card
570,222,2026-05-29,North,Credit Card
571,63,2025-07-21,South,UPI
572,508,2024-01-28,East,Credit Card
573,963,2024-12-09,West,Net Banking
574,872,2025-11-26,North,Credit Card
575,232,2025-06-25,South,UPI
576,718,2025-02-12,East,UPI
577,982,2024-11-24,West,UPI
578,635,2026-06-02,South,Credit Card
579,18,2024-11-04,East,Net Banking
580,44,2026-03-10,South,Debit Card
581,319,2024-01-14,East,Credit Card
582,932,2026-01-13,East,Wallet
583,199,2025-07-13,North,Credit Card
584,826,2024-05-10,South,Credit Card
585,656,2026-08-01,West,Net Banking
586,630,2025-03-13,West,Net Banking
587,581,2024-10-07,South,Credit Card
588,108,2024-11-25,North,UPI
589,633,2025-07-28,South,UPI
590,567,2025-10-09,Central,Wallet
591,342,2025-12-27,North,Credit Card
592,878,2024-09-12,South,Credit Card
593,848,2026-07-31,Central,Debit Card
594,666,2024-01-18,East,Credit Card
595,145,2026-05-07,Central,UPI
596,594,2025-12-08,East,UPI
597,504,2024-05-07,West,Debit Card
598,59,2024-02-17,East,UPI
599,962,2024-12-24,South,UPI
600,814,2025-09-30,Central,Debit Card
601,920,2026-06-08,South,Credit Card
602,336,2025-10-29,South,Net Banking
603,958,2026-07-08,South,UPI
604,636,2024-05-21,South,Credit Card
605,913,2025-04-01,East,Debit Card
606,319,2025-12-12,East,Debit Card
607,684,2024-03-10,West,Credit Card
608,180,2024-10-16,East,Credit Card
609,291,2024-10-04,South,UPI
610,103,2025-03-14,South,Net Banking
611,169,2025-07-13,East,UPI
612,738,2025-06-15,South,Debit Card
613,275,2026-07-09,South,Debit Card
614,542,2024-04-16,North,UPI
615,919,2024-07-15,East,Credit Card
616,289,2025-07-08,West,Debit Card
617,987,2025-12-14,West,Debit Card
618,912,2025-05-20,South,Debit Card
619,770,2026-06-26,South,UPI
620,103,2024-01-29,South,UPI
621,236,2024-04-02,South,Credit Card
622,182,2024-03-11,East,Credit Card
623,476,2025-11-18,North,Credit Card
624,552,2026-03-14,West,UPI
625,676,2025-01-24,South,Cash on Delivery
626,700,2024-11-14,West,Debit Card
627,872,2024-04-22,North,Credit Card
628,764,2025-07-26,South,Credit Card
629,929,2026-07-09,East,Cash on Delivery
630,188,2025-06-15,North,UPI
631,683,2026-01-26,West,Credit Card
632,933,2025-11-12,North,UPI
633,476,2025-01-18,North,Debit Card
634,61,2025-12-26,South,Credit Card
635,288,2025-02-28,North,Credit Card
636,581,2024-10-27,South,UPI
637,539,2025-06-04,West,UPI
638,94,2025-08-01,West,Debit Card
639,440,2024-05-30,North,UPI
640,951,2024-10-28,West,Net Banking
641,185,2026-06-25,East,Credit Card
642,592,2026-04-19,North,Wallet
643,743,2024-04-10,North,UPI
644,433,2025-07-01,South,Debit Card
645,883,2025-08-26,North,Net Banking
646,946,2025-04-20,North,Credit Card
647,922,2026-04-17,West,UPI
648,534,2026-05-06,West,Debit Card
649,339,2025-10-29,South,Credit Card
650,440,2024-04-15,North,Debit Card
651,937,2025-10-04,North,Credit Card
652,374,2024-02-16,East,Credit Card
653,887,2024-07-10,East,Credit Card
654,98,2025-12-05,South,UPI
655,86,2024-01-01,North,Wallet
656,824,2025-11-09,North,UPI
657,376,2026-07-17,East,Wallet
658,840,2025-11-03,East,UPI
659,126,2025-08-26,North,Cash on Delivery
660,914,2024-03-10,West,UPI
661,164,2025-10-10,East,UPI
662,321,2024-05-06,South,Cash on Delivery
663,528,2025-09-29,Central,Net Banking
664,629,2025-02-27,Central,Debit Card
665,34,2024-05-08,South,Debit Card
666,113,2024-12-04,North,UPI
667,903,2025-03-28,West,Credit Card
668,744,2024-01-27,West,Credit Card
669,631,2024-10-24,West,Cash on Delivery
670,371,2025-10-12,West,Debit Card
671,662,2024-12-17,South,Net Banking
672,478,2024-02-26,West,Wallet
673,283,2025-01-25,South,UPI
674,511,2024-04-18,North,Debit Card
675,990,2025-04-28,South,UPI
676,253,2025-06-17,North,Credit Card
677,902,2026-07-27,East,UPI
678,437,2025-05-08,East,UPI
679,218,2026-03-23,East,UPI
680,696,2026-06-26,South,UPI
681,106,2024-10-01,East,UPI
682,941,2026-05-09,North,Credit Card
683,176,2026-07-27,West,Credit Card
684,470,2024-06-29,West,Credit Card
685,392,2025-05-04,West,UPI
686,519,2026-02-10,North,UPI
687,356,2025-06-07,South,Credit Card
688,235,2024-11-01,South,Credit Card
689,738,2024-05-06,South,Credit Card
690,44,2024-06-16,South,Debit Card
691,653,2026-03-28,East,Net Banking
692,101,2026-02-18,West,Credit Card
693,981,2024-01-27,North,UPI
694,746,2024-03-24,North,Debit Card
695,957,2024-04-12,South,UPI
696,35,2025-05-18,West,Wallet
697,162,2024-03-30,South,UPI
698,798,2024-08-21,North,UPI
699,540,2026-04-13,North,Cash on Delivery
700,589,2024-03-22,North,UPI
701,542,2025-05-17,North,Credit Card
702,974,2025-03-13,North,UPI
703,511,2025-03-26,North,UPI
704,870,2025-01-04,North,Debit Card
705,311,2025-07-05,Central,UPI
706,823,2024-03-13,North,UPI
707,381,2024-12-18,South,UPI
708,615,2025-09-28,South,Wallet
709,479,2025-10-09,South,UPI
710,676,2025-07-28,South,UPI
711,661,2025-05-10,South,UPI
712,533,2024-08-25,West,Credit Card
713,440,2025-09-24,North,Credit Card
714,357,2024-01-08,South,Debit Card
715,81,2026-02-17,South,Wallet
716,683,2025-09-20,West,Credit Card
717,992,2025-06-25,East,Debit Card
718,657,2026-04-29,West,Credit Card
719,851,2025-01-15,South,Wallet
720,299,2024-09-22,West,Cash on Delivery
721,587,2026-03-07,South,Credit Card
722,910,2026-01-31,North,Credit Card
723,922,2024-07-26,West,UPI
724,799,2024-05-10,Central,Wallet
725,922,2024-08-01,West,UPI
726,367,2025-12-08,Central,UPI
727,482,2026-02-09,Central,Wallet
728,509,2025-10-18,North,Net Banking
729,325,2025-04-26,East,Credit Card
730,676,2025-07-11,South,UPI
731,55,2026-02-17,South,UPI
732,809,2025-04-08,West,UPI
733,409,2025-10-13,West,Debit Card
734,492,2026-04-29,South,Credit Card
735,541,2025-10-31,Central,Debit Card
736,436,2024-01-12,West,Debit Card
737,969,2025-01-08,East,Credit Card
738,169,2024-03-21,East,UPI
739,830,2026-05-06,South,Credit Card
740,853,2024-09-14,South,Credit Card
741,966,2024-01-11,West,UPI
742,128,2026-06-14,North,UPI
743,428,2024-06-04,South,Credit Card
744,782,2025-05-07,South,UPI
745,567,2026-08-08,Central,Wallet
746,470,2025-12-29,West,Credit Card
747,227,2025-01-25,North,UPI
748,190,2025-09-18,South,Debit Card
749,694,2025-04-24,West,UPI
750,341,2025-07-23,South,Credit Card
751,494,2024-02-06,East,Credit Card
752,105,2025-11-20,West,Debit Card
753,45,2025-10-08,East,Net Banking
754,160,2025-09-20,South,UPI
755,247,2024-02-06,North,Credit Card
756,386,2025-02-07,North,Credit Card
757,492,2026-07-13,South,UPI
758,132,2025-06-03,West,Credit Card
759,404,2024-06-18,South,UPI
760,541,2025-11-20,Central,UPI
761,426,2024-02-14,North,UPI
762,209,2025-12-16,South,UPI
763,41,2026-06-10,North,Credit Card
764,339,2026-02-03,South,UPI
765,679,2026-02-02,West,Debit Card
766,110,2024-04-30,North,Debit Card
767,621,2025-10-14,South,UPI
768,345,2026-03-14,East,Credit Card
769,951,2025-07-20,West,Debit Card
770,399,2026-05-14,South,Debit Card
771,612,2025-09-18,North,Credit Card
772,149,2024-05-30,South,Debit Card
773,736,2025-09-27,South,Credit Card
774,413,2024-04-26,South,Debit Card
775,415,2025-10-01,South,UPI
776,675,2025-04-19,North,UPI
777,339,2025-06-04,South,UPI
778,919,2026-02-05,East,UPI
779,437,2024-07-17,East,Credit Card
780,942,2025-10-25,South,UPI
781,692,2025-12-28,West,UPI
782,695,2025-06-22,South,Credit Card
783,284,2025-04-04,West,Credit Card
784,282,2024-05-26,South,Debit Card
785,101,2025-02-07,West,UPI
786,233,2024-04-23,South,Wallet
787,907,2025-06-15,West,Net Banking
788,258,2026-01-02,South,UPI
789,418,2025-09-13,North,UPI
790,530,2026-05-04,South,Credit Card
791,374,2025-07-06,East,Debit Card
792,474,2025-11-30,North,Wallet
793,339,2024-04-03,South,Credit Card
794,215,2026-06-23,South,UPI
795,234,2025-09-21,South,Credit Card
796,885,2026-03-13,Central,Debit Card
797,439,2024-12-03,South,Credit Card
798,317,2026-02-12,South,Credit Card
799,618,2026-01-11,North,UPI
800,160,2025-05-06,South,Cash on Delivery
801,217,2024-08-15,South,Net Banking
802,292,2026-07-26,South,UPI
803,586,2025-07-03,North,UPI
804,854,2025-08-17,North,UPI
805,41,2025-01-04,North,Wallet
806,402,2025-09-27,East,Credit Card
807,199,2026-03-20,North,Debit Card
808,227,2026-08-05,North,Debit Card
809,738,2024-08-08,South,Cash on Delivery
810,445,2024-12-28,East,UPI
811,556,2026-03-31,North,Credit Card
812,381,2024-02-05,South,UPI
813,305,2025-08-26,North,Cash on Delivery
814,985,2024-12-08,West,UPI
815,729,2024-09-13,North,Wallet
816,470,2024-10-26,West,Credit Card
817,530,2026-02-01,South,Credit Card
818,578,2026-04-20,West,Net Banking
819,209,2024-03-27,South,Credit Card
820,350,2026-05-21,South,UPI
821,243,2026-02-08,East,Credit Card
822,564,2024-04-11,West,UPI
823,920,2024-05-12,South,Net Banking
824,216,2025-04-14,North,UPI
825,574,2025-11-24,West,UPI
826,47,2026-04-01,North,UPI
827,175,2026-06-16,East,UPI
828,564,2024-04-28,West,Cash on Delivery
829,512,2026-04-02,South,Wallet
830,995,2024-01-09,North,Debit Card
831,67,2024-01-03,South,Cash on Delivery
832,171,2025-12-10,South,Debit Card
833,722,2024-08-08,South,Debit Card
834,738,2025-01-31,South,Debit Card
835,434,2024-05-17,North,Cash on Delivery
836,927,2025-11-10,South,UPI
837,139,2024-10-06,North,Debit Card
838,509,2025-01-24,North,UPI
839,913,2024-03-09,East,Net Banking
840,180,2025-06-27,East,Debit Card
841,215,2025-02-02,South,UPI
842,279,2025-01-27,West,Debit Card
843,392,2024-05-29,West,Debit Card
844,983,2026-08-02,South,Credit Card
845,920,2026-07-15,South,Credit Card
846,523,2026-05-29,North,Cash on Delivery
847,687,2024-06-02,South,Net Banking
848,963,2025-02-03,West,Credit Card
849,119,2024-12-24,North,Net Banking
850,586,2026-06-09,North,Debit Card
851,312,2025-08-21,West,Net Banking
852,653,2024-09-26,East,Credit Card
853,321,2024-12-31,South,Credit Card
854,67,2026-01-03,South,Wallet
855,605,2025-05-03,Central,Credit Card
856,411,2026-01-28,South,Credit Card
857,371,2024-11-08,West,UPI
858,896,2025-10-31,North,UPI
859,828,2025-01-20,East,Credit Card
860,449,2026-01-06,South,UPI
861,14,2026-05-09,South,UPI
862,205,2025-02-15,North,Debit Card
863,449,2024-05-28,South,UPI
864,547,2025-02-27,South,Debit Card
865,507,2025-10-04,North,Credit Card
866,138,2024-11-30,East,Net Banking
867,746,2024-07-02,North,Debit Card
868,580,2024-02-15,North,Wallet
869,961,2024-06-06,North,Debit Card
870,775,2026-06-23,South,Debit Card
871,898,2025-07-14,South,UPI
872,454,2025-07-11,North,Credit Card
873,489,2024-10-14,North,UPI
874,173,2024-09-03,West,UPI
875,286,2025-03-21,North,Credit Card
876,68,2025-01-27,North,Net Banking
877,493,2024-12-22,South,Debit Card
878,451,2025-02-17,South,Credit Card
879,257,2024-09-01,South,Credit Card
880,25,2025-07-22,South,UPI
881,72,2025-12-28,Central,Credit Card
882,375,2025-07-28,Central,Net Banking
883,157,2024-04-23,North,UPI
884,519,2026-05-05,North,UPI
885,989,2024-12-10,East,UPI
886,628,2025-10-29,South,UPI
887,907,2024-04-18,West,UPI
888,860,2026-05-28,South,Cash on Delivery
889,83,2025-05-14,South,Credit Card
890,302,2025-11-18,South,UPI
891,813,2025-12-14,North,Cash on Delivery
892,405,2024-06-11,North,Debit Card
893,885,2025-12-21,Central,Credit Card
894,847,2024-04-05,South,Credit Card
895,334,2026-01-23,East,Credit Card
896,498,2024-08-23,Central,Credit Card
897,355,2024-12-21,North,UPI
898,648,2026-04-21,East,Credit Card
899,25,2026-01-27,South,Debit Card
900,307,2026-03-19,South,Credit Card
901,462,2025-12-28,East,Wallet
902,833,2026-03-31,South,UPI
903,292,2025-09-07,South,UPI
904,968,2024-11-27,South,Net Banking
905,539,2024-07-27,West,UPI
906,42,2024-07-05,East,Debit Card
907,355,2024-11-19,North,Credit Card
908,589,2026-02-08,North,Debit Card
909,368,2026-05-09,East,UPI
910,13,2024-06-12,South,Net Banking
911,721,2025-02-12,West,Debit Card
912,390,2025-08-30,South,Debit Card
913,881,2025-08-26,North,Wallet
914,199,2025-03-11,North,Wallet
915,942,2024-03-14,South,Net Banking
916,212,2025-12-16,South,Cash on Delivery
917,878,2025-01-19,South,Debit Card
918,473,2025-08-26,West,Credit Card
919,771,2024-12-21,North,UPI
920,714,2025-07-31,West,UPI
921,146,2025-06-09,North,Credit Card
922,979,2026-07-28,South,UPI
923,299,2024-04-01,West,Credit Card
924,926,2026-07-17,North,Credit Card
925,923,2024-12-17,South,UPI
926,69,2025-03-17,North,Credit Card
927,779,2026-01-20,West,Credit Card
928,296,2026-08-11,South,Cash on Delivery
929,228,2024-05-25,West,Debit Card
930,585,2025-08-16,East,Credit Card
931,825,2024-11-06,North,Credit Card
932,673,2024-08-11,South,Debit Card
933,168,2025-12-28,North,Debit Card
934,345,2026-01-13,East,UPI
935,70,2026-04-14,South,Credit Card
936,66,2024-01-31,North,UPI
937,214,2025-08-25,East,UPI
938,101,2026-06-13,West,Debit Card
939,440,2025-01-28,North,Credit Card
940,392,2026-05-26,West,Debit Card
941,512,2024-09-25,South,UPI
942,374,2025-01-25,East,UPI
943,252,2026-05-18,East,UPI
944,659,2025-08-03,West,Credit Card
945,321,2024-04-10,South,Credit Card
946,575,2025-03-31,East,UPI
947,116,2024-08-08,West,UPI
948,520,2026-07-17,North,Cash on Delivery
949,563,2025-03-08,East,Cash on Delivery
950,878,2024-08-03,South,UPI
951,278,2026-02-10,West,UPI
952,17,2025-03-10,East,Credit Card
953,318,2026-01-13,East,Debit Card
954,763,2025-01-25,East,Cash on Delivery
955,919,2025-06-15,East,Wallet
956,211,2026-03-08,South,Credit Card
957,129,2026-08-10,South,UPI
958,286,2025-01-01,North,Credit Card
959,157,2026-03-09,North,Net Banking
960,42,2024-06-13,East,UPI
961,846,2024-12-15,North,UPI
962,107,2025-05-13,West,Credit Card
963,871,2024-02-11,South,Credit Card
964,395,2024-12-21,South,Net Banking
965,625,2026-05-02,South,UPI
966,221,2026-02-20,West,Credit Card
967,367,2024-08-08,Central,Net Banking
968,927,2024-10-04,South,UPI
969,395,2025-05-26,South,UPI
970,498,2024-10-18,Central,UPI
971,315,2026-06-27,South,Debit Card
972,117,2026-06-21,Central,Cash on Delivery
973,435,2025-06-05,South,Credit Card
974,598,2024-10-24,South,Credit Card
975,131,2026-04-16,South,Cash on Delivery
976,685,2024-12-18,East,Credit Card
977,505,2024-01-01,South,UPI
978,134,2024-01-18,East,Credit Card
979,125,2025-03-07,Central,Credit Card
980,783,2024-12-25,North,Debit Card
981,933,2025-01-04,North,UPI
982,136,2025-01-22,North,UPI
983,349,2025-02-01,South,Credit Card
984,359,2025-02-13,West,UPI
985,295,2025-03-15,North,Credit Card
986,492,2025-08-17,South,UPI
987,473,2024-09-29,West,UPI
988,542,2025-05-22,North,Debit Card
989,729,2025-11-17,North,Cash on Delivery
990,113,2025-08-07,North,UPI
991,257,2025-12-15,South,Credit Card
992,296,2024-05-10,South,Net Banking
993,466,2024-04-13,South,Debit Card
994,654,2026-03-26,West,UPI
995,731,2024-08-02,East,Credit Card
996,69,2026-07-09,North,UPI
997,396,2024-06-01,North,Credit Card
998,152,2026-06-03,East,UPI
999,799,2025-10-13,Central,UPI
1000,198,2026-02-08,South,UPI
1001,576,2025-01-24,South,Cash on Delivery
1002,854,2024-01-09,North,UPI
1003,858,2024-11-23,West,Credit Card
1004,721,2024-02-14,West,UPI
1005,910,2026-08-11,North,Credit Card
1006,267,2024-09-30,North,Credit Card
1007,222,2026-02-28,North,UPI
1008,960,2024-09-17,East,UPI
1009,751,2025-03-03,East,UPI
1010,494,2025-01-22,East,Net Banking
1011,85,2024-08-27,East,Credit Card
1012,873,2025-03-03,South,UPI
1013,679,2026-03-05,West,Credit Card
1014,253,2025-12-14,North,UPI
1015,793,2026-06-27,Central,UPI
1016,304,2026-04-25,West,Credit Card
1017,928,2024-06-29,East,Credit Card
1018,939,2024-02-22,South,Credit Card
1019,380,2024-02-06,South,Credit Card
1020,875,2025-06-02,South,Debit Card
1021,189,2025-02-06,East,UPI
1022,626,2025-02-26,South,Debit Card
1023,921,2024-08-03,East,Credit Card
1024,221,2024-08-09,West,Net Banking
1025,475,2026-03-26,North,Credit Card
1026,965,2024-01-27,South,UPI
1027,527,2025-10-17,South,Credit Card
1028,502,2025-05-23,Central,UPI
1029,972,2026-05-10,East,UPI
1030,419,2026-04-13,North,UPI
1031,312,2026-04-03,West,Credit Card
1032,765,2024-12-20,North,UPI
1033,116,2026-03-23,West,UPI
1034,300,2024-08-24,East,Debit Card
1035,874,2024-05-23,West,Debit Card
1036,754,2024-09-03,East,Credit Card
1037,627,2026-03-09,North,Net Banking
1038,565,2026-07-28,South,Cash on Delivery
1039,408,2025-09-11,West,Debit Card
1040,653,2026-07-02,East,Debit Card
1041,613,2024-11-04,East,Credit Card
1042,335,2024-12-07,West,Credit Card
1043,751,2024-11-11,East,Credit Card
1044,207,2024-04-10,North,Net Banking
1045,140,2025-07-19,West,Credit Card
1046,675,2025-04-10,North,Credit Card
1047,847,2026-05-13,South,Cash on Delivery
1048,998,2024-01-24,North,Debit Card
1049,695,2024-07-05,South,Credit Card
1050,583,2025-07-01,West,UPI
1051,364,2026-01-11,West,Credit Card
1052,243,2025-01-02,East,Cash on Delivery
1053,393,2025-09-15,South,Net Banking
1054,474,2025-11-06,North,UPI
1055,598,2026-02-16,South,Credit Card
1056,297,2025-07-15,South,UPI
1057,964,2024-11-28,West,UPI
1058,375,2024-05-04,Central,Debit Card
1059,282,2026-08-01,South,UPI
1060,701,2024-05-05,North,UPI
1061,211,2025-05-13,South,Credit Card
1062,954,2025-04-30,East,UPI
1063,935,2025-08-18,North,UPI
1064,913,2024-07-12,East,Net Banking
1065,107,2026-07-25,West,UPI
1066,648,2026-02-22,East,Wallet
1067,2,2024-06-06,East,UPI
1068,797,2024-12-04,East,Credit Card
1069,631,2024-04-20,West,Debit Card
1070,898,2025-04-03,South,UPI
1071,688,2025-05-24,South,Debit Card
1072,151,2024-08-05,East,Debit Card
1073,361,2025-01-04,East,UPI
1074,463,2025-05-04,North,Debit Card
1075,136,2025-04-28,North,Cash on Delivery
1076,46,2024-06-29,Central,Credit Card
1077,943,2025-08-31,East,Net Banking
1078,416,2024-01-05,North,UPI
1079,233,2025-07-04,South,UPI
1080,870,2025-08-29,North,Net Banking
1081,758,2026-07-07,West,UPI
1082,458,2026-06-06,North,UPI
1083,686,2024-04-27,West,Credit Card
1084,860,2026-07-11,South,Debit Card
1085,574,2025-09-21,West,UPI
1086,928,2025-03-22,East,UPI
1087,582,2026-07-19,North,UPI
1088,758,2026-01-07,West,Cash on Delivery
1089,959,2025-12-29,West,Credit Card
1090,82,2025-02-08,South,Debit Card
1091,507,2025-03-19,North,Cash on Delivery
1092,213,2024-02-15,South,Debit Card
1093,718,2025-09-09,East,Debit Card
1094,48,2024-08-10,East,UPI
1095,42,2025-03-10,East,Net Banking
1096,872,2024-12-13,North,UPI
1097,901,2024-06-25,South,UPI
1098,461,2024-09-04,East,UPI
1099,462,2024-08-03,East,UPI
1100,172,2025-01-24,South,UPI
1101,137,2024-09-30,South,Credit Card
1102,600,2026-01-25,North,UPI
1103,703,2025-10-12,West,Credit Card
1104,515,2024-02-16,Central,UPI
1105,250,2025-01-18,West,UPI
1106,736,2025-02-17,South,Wallet
1107,798,2026-06-04,North,UPI
1108,831,2024-07-07,South,UPI
1109,315,2026-08-07,South,Credit Card
1110,684,2024-05-26,West,Credit Card
1111,308,2025-08-04,East,Net Banking
1112,308,2025-02-21,East,UPI
1113,606,2025-07-19,West,Credit Card
1114,698,2024-11-08,North,Debit Card
1115,154,2024-04-03,West,Net Banking
1116,403,2025-10-10,North,Debit Card
1117,800,2026-05-18,South,Credit Card
1118,999,2025-01-22,West,UPI
1119,485,2025-03-17,West,UPI
1120,406,2025-10-29,North,UPI
1121,356,2025-08-23,South,UPI
1122,438,2025-05-16,East,Credit Card
1123,983,2024-06-22,South,UPI
1124,149,2025-07-29,South,Debit Card
1125,560,2025-08-12,South,Debit Card
1126,2,2025-03-31,East,Credit Card
1127,285,2025-08-18,West,Debit Card
1128,583,2026-05-08,West,UPI
1129,636,2025-11-15,South,Cash on Delivery
1130,583,2025-08-10,West,Credit Card
1131,816,2026-05-24,East,Debit Card
1132,576,2026-06-01,South,UPI
1133,231,2024-10-07,East,Credit Card
1134,570,2026-05-10,West,UPI
1135,899,2025-06-04,North,UPI
1136,676,2024-08-01,South,Credit Card
1137,745,2024-06-22,South,Credit Card
1138,775,2025-05-15,South,UPI
1139,272,2024-02-18,East,Cash on Delivery
1140,438,2024-02-01,East,Debit Card
1141,377,2026-02-15,South,Credit Card
1142,704,2024-03-28,East,Net Banking
1143,3,2024-12-02,South,UPI
1144,746,2026-07-05,North,Debit Card
1145,209,2024-12-11,South,UPI
1146,817,2024-05-06,North,Credit Card
1147,552,2024-03-22,West,UPI
1148,991,2026-06-10,North,UPI
1149,259,2024-03-21,East,Debit Card
1150,907,2024-06-19,West,Cash on Delivery
1151,971,2024-02-22,West,Credit Card
1152,109,2026-05-22,South,Debit Card
1153,403,2025-05-25,North,UPI
1154,8,2026-07-19,North,Net Banking
1155,643,2024-12-02,East,UPI
1156,176,2026-06-20,West,UPI
1157,915,2024-12-28,East,Debit Card
1158,357,2024-02-17,South,UPI
1159,479,2026-07-22,South,Net Banking
1160,624,2024-04-08,West,Debit Card
1161,428,2025-02-17,South,Credit Card
1162,442,2025-05-29,North,UPI
1163,23,2025-03-02,West,Credit Card
1164,933,2025-10-07,North,Debit Card
1165,111,2024-12-12,East,Wallet
1166,143,2024-02-29,South,Credit Card
1167,730,2025-03-24,North,UPI
1168,501,2026-06-17,South,Cash on Delivery
1169,786,2026-05-06,West,Net Banking
1170,215,2024-01-11,South,Cash on Delivery
1171,281,2025-12-14,South,Wallet
1172,635,2026-02-23,South,UPI
1173,49,2025-09-04,North,Wallet
1174,431,2025-08-22,East,Debit Card
1175,301,2024-11-29,North,UPI
1176,783,2025-09-22,North,UPI
1177,961,2024-06-14,North,Debit Card
1178,687,2024-04-05,South,Credit Card
1179,813,2024-05-16,North,Credit Card
1180,441,2025-02-26,South,Wallet
1181,831,2026-02-23,South,Net Banking
1182,840,2025-07-28,East,UPI
1183,740,2025-04-19,South,UPI
1184,896,2024-04-23,North,UPI
1185,189,2025-05-04,East,Credit Card
1186,879,2024-02-07,North,Net Banking
1187,873,2024-08-03,South,Debit Card
1188,784,2026-02-02,West,Wallet
1189,111,2026-05-30,East,Net Banking
1190,908,2025-07-01,North,Credit Card
1191,320,2026-02-27,West,Debit Card
1192,882,2024-09-26,West,UPI
1193,567,2024-10-11,Central,Credit Card
1194,590,2024-08-04,East,UPI
1195,195,2024-09-16,West,Net Banking
1196,1,2024-03-07,East,Debit Card
1197,213,2025-02-15,South,Cash on Delivery
1198,701,2025-01-11,North,Debit Card
1199,898,2026-04-19,South,UPI
1200,168,2025-09-19,North,Credit Card
1201,512,2026-03-15,South,Net Banking
1202,109,2025-03-16,South,Net Banking
1203,180,2025-08-27,East,Credit Card
1204,771,2025-12-04,North,Net Banking
1205,596,2026-07-05,South,Credit Card
1206,597,2024-04-01,North,Cash on Delivery
1207,122,2024-11-04,South,Credit Card
1208,257,2024-02-18,South,UPI
1209,569,2025-07-05,East,Cash on Delivery
1210,649,2024-08-31,East,UPI
1211,821,2024-05-31,East,Net Banking
1212,698,2025-12-26,North,Net Banking
1213,87,2024-12-16,East,UPI
1214,643,2026-07-08,East,UPI
1215,737,2026-02-01,South,Credit Card
1216,263,2025-08-22,East,UPI
1217,624,2025-06-12,West,Credit Card
1218,660,2024-11-30,South,Credit Card
1219,251,2025-12-04,South,Wallet
1220,698,2025-06-07,North,Debit Card
1221,58,2024-02-23,East,Credit Card
1222,72,2025-02-10,Central,Net Banking
1223,784,2025-03-11,West,Wallet
1224,600,2026-06-15,North,Cash on Delivery
1225,75,2025-06-09,North,Wallet
1226,576,2024-08-20,South,Credit Card
1227,275,2024-03-18,South,UPI
1228,375,2025-03-06,Central,UPI
1229,683,2025-09-25,West,Net Banking
1230,663,2026-04-06,South,Wallet
1231,839,2024-08-02,West,Cash on Delivery
1232,822,2025-06-11,North,Credit Card
1233,774,2026-02-25,North,UPI
1234,80,2026-06-11,South,UPI
1235,416,2026-05-24,North,Cash on Delivery
1236,349,2024-11-17,South,Wallet
1237,869,2025-12-24,South,UPI
1238,682,2024-10-27,West,UPI
1239,71,2024-06-23,North,UPI
1240,979,2026-01-31,South,UPI
1241,357,2025-01-28,South,Credit Card
1242,121,2025-07-14,West,UPI
1243,605,2025-09-22,Central,Credit Card
1244,384,2025-04-23,South,Debit Card
1245,726,2025-06-01,South,UPI
1246,434,2025-03-04,North,Credit Card
1247,720,2025-10-24,North,Debit Card
1248,155,2026-07-13,East,UPI
1249,34,2026-06-22,South,Debit Card
1250,939,2026-08-14,South,UPI
1251,368,2025-07-26,East,Credit Card
1252,431,2024-02-01,East,Credit Card
1253,507,2025-08-10,North,Credit Card
1254,684,2026-07-18,West,Credit Card
1255,171,2024-06-27,South,Credit Card
1256,15,2025-08-18,North,UPI
1257,960,2024-12-04,East,UPI
1258,91,2024-02-21,Central,UPI
1259,357,2025-11-06,South,UPI
1260,519,2025-08-16,North,Debit Card
1261,779,2025-11-06,West,Credit Card
1262,933,2025-10-15,North,Cash on Delivery
1263,709,2025-09-09,South,Wallet
1264,763,2025-07-12,East,Debit Card
1265,859,2025-08-07,West,UPI
1266,180,2024-08-09,East,UPI
1267,551,2026-05-15,Central,Wallet
1268,768,2024-08-10,West,Cash on Delivery
1269,47,2025-03-12,North,UPI
1270,761,2024-02-14,Central,UPI
1271,820,2025-05-08,Central,UPI
1272,293,2024-01-22,South,UPI
1273,306,2024-04-22,North,Debit Card
1274,688,2024-11-25,South,Credit Card
1275,97,2026-07-24,South,Debit Card
1276,400,2026-04-07,West,Debit Card
1277,763,2024-05-13,East,Debit Card
1278,284,2024-10-19,West,UPI
1279,946,2024-07-21,North,Debit Card
1280,160,2025-09-07,South,UPI
1281,855,2024-11-08,West,Debit Card
1282,275,2026-06-30,South,UPI
1283,922,2026-05-01,West,UPI
1284,493,2025-04-28,South,Net Banking
1285,635,2025-01-29,South,Debit Card
1286,462,2024-02-07,East,Debit Card
1287,759,2025-06-30,North,UPI
1288,970,2026-08-13,North,Credit Card
1289,456,2024-04-07,South,Credit Card
1290,155,2025-01-11,East,UPI
1291,243,2024-06-29,East,Wallet
1292,59,2025-03-17,East,UPI
1293,174,2024-12-30,South,Credit Card
1294,992,2024-10-07,East,Debit Card
1295,189,2024-07-18,East,Debit Card
1296,568,2024-10-19,South,Cash on Delivery
1297,779,2025-11-28,West,Credit Card
1298,767,2024-07-27,South,Credit Card
1299,211,2025-09-21,South,Cash on Delivery
1300,409,2025-05-20,West,UPI
1301,924,2026-06-16,North,UPI
1302,971,2026-01-26,West,Debit Card
1303,381,2025-10-21,South,Credit Card
1304,432,2024-03-27,South,UPI
1305,117,2024-04-17,Central,UPI
1306,342,2026-01-29,North,Credit Card
1307,584,2025-02-28,South,Credit Card
1308,853,2025-09-23,South,Net Banking
1309,297,2026-05-29,South,Credit Card
1310,179,2024-08-20,East,Wallet
1311,396,2025-07-16,North,Credit Card
1312,330,2024-02-23,South,UPI
1313,384,2024-09-09,South,Debit Card
1314,928,2025-07-10,East,Debit Card
1315,187,2024-09-14,North,UPI
1316,161,2025-03-28,Central,UPI
1317,702,2024-10-08,North,Credit Card
1318,3,2026-06-20,South,Debit Card
1319,649,2025-07-20,East,UPI
1320,669,2025-05-31,South,Credit Card
1321,724,2025-10-14,East,UPI
1322,41,2026-07-31,North,UPI
1323,431,2025-03-20,East,Wallet
1324,411,2024-05-07,South,Net Banking
1325,792,2025-08-16,North,UPI
1326,901,2024-03-01,South,UPI
1327,511,2026-04-24,North,UPI
1328,450,2024-10-30,East,UPI
1329,864,2025-09-15,West,Credit Card
1330,648,2024-04-16,East,Net Banking
1331,320,2024-07-22,West,Credit Card
1332,500,2025-11-12,East,UPI
1333,657,2024-04-25,West,UPI
1334,758,2025-11-28,West,Debit Card
1335,824,2025-10-31,North,Net Banking
1336,380,2024-06-15,South,UPI
1337,953,2025-03-03,West,Net Banking
1338,898,2025-02-13,South,Cash on Delivery
1339,334,2025-06-28,East,Credit Card
1340,658,2024-04-07,South,UPI
1341,543,2024-11-24,South,Credit Card
1342,17,2025-01-24,East,UPI
1343,241,2024-07-20,North,UPI
1344,117,2025-08-08,Central,Wallet
1345,595,2026-06-18,South,Wallet
1346,527,2025-12-24,South,Credit Card
1347,876,2025-04-17,West,UPI
1348,183,2025-12-04,West,Credit Card
1349,149,2025-07-21,South,Net Banking
1350,435,2024-07-08,South,Cash on Delivery
1351,317,2026-04-02,South,Credit Card
1352,182,2024-05-24,East,UPI
1353,994,2025-04-19,South,UPI
1354,805,2026-01-25,South,Wallet
1355,956,2025-07-09,North,UPI
1356,39,2025-11-17,West,Wallet
1357,933,2024-11-04,North,Credit Card
1358,611,2026-02-03,North,UPI
1359,949,2026-08-15,West,Credit Card
1360,171,2026-03-05,South,Credit Card
1361,99,2026-06-24,North,Wallet
1362,966,2024-05-24,West,Net Banking
1363,182,2024-05-04,East,Debit Card
1364,437,2024-10-01,East,Net Banking
1365,348,2026-05-31,East,Credit Card
1366,494,2024-09-26,East,Credit Card
1367,885,2025-06-13,Central,Debit Card
1368,559,2025-03-18,East,Net Banking
1369,759,2025-04-01,North,Debit Card
1370,958,2024-01-07,South,UPI
1371,803,2025-02-12,South,Debit Card
1372,815,2024-07-25,West,Credit Card
1373,95,2025-07-23,West,Credit Card
1374,379,2025-11-04,West,Credit Card
1375,677,2025-08-28,South,Credit Card
1376,181,2024-07-10,South,UPI
1377,838,2026-06-26,East,Debit Card
1378,514,2026-07-08,East,Debit Card
1379,432,2025-01-06,South,Net Banking
1380,787,2024-10-25,East,Net Banking
1381,226,2024-09-19,Central,Credit Card
1382,410,2025-08-15,South,Net Banking
1383,39,2025-06-29,West,Cash on Delivery
1384,938,2025-09-20,South,Wallet
1385,172,2026-02-11,South,UPI
1386,152,2026-04-09,East,Credit Card
1387,62,2024-01-07,South,Credit Card
1388,713,2025-12-01,South,Debit Card
1389,389,2024-07-15,Central,Net Banking
1390,542,2024-06-23,North,Credit Card
1391,114,2026-01-06,South,Credit Card
1392,197,2026-05-08,Central,UPI
1393,339,2026-01-16,South,Credit Card
1394,46,2024-01-11,Central,UPI
1395,930,2025-10-26,South,UPI
1396,871,2026-06-20,South,Credit Card
1397,936,2025-08-17,East,Credit Card
1398,772,2026-02-01,East,Credit Card
1399,459,2024-08-25,North,UPI
1400,115,2026-06-18,Central,Credit Card
1401,434,2024-01-25,North,Credit Card
1402,746,2024-02-06,North,UPI
1403,621,2024-10-06,South,Credit Card
1404,368,2024-10-17,East,Wallet
1405,104,2025-10-04,Central,UPI
1406,698,2024-07-28,North,Wallet
1407,277,2024-07-27,South,Cash on Delivery
1408,668,2024-09-18,North,Credit Card
1409,464,2024-10-29,North,Wallet
1410,862,2025-04-07,South,UPI
1411,226,2025-12-16,Central,Debit Card
1412,891,2026-03-25,South,UPI
1413,189,2024-01-18,East,Cash on Delivery
1414,730,2026-03-25,North,Net Banking
1415,506,2026-01-23,East,Cash on Delivery
1416,827,2025-05-10,South,Net Banking
1417,547,2025-08-29,South,Debit Card
1418,760,2026-06-06,West,Credit Card
1419,907,2025-07-13,West,UPI
1420,609,2026-08-05,South,Credit Card
1421,151,2024-04-23,East,UPI
1422,269,2024-05-02,South,Credit Card
1423,370,2025-10-14,West,Credit Card
1424,456,2026-04-18,South,Credit Card
1425,529,2024-08-06,East,UPI
1426,2,2025-06-24,East,Net Banking
1427,842,2026-07-30,West,UPI
1428,730,2026-03-20,North,UPI
1429,899,2024-03-29,North,Debit Card
1430,131,2026-07-14,South,Net Banking
1431,21,2026-08-01,North,Credit Card
1432,438,2024-02-07,East,UPI
1433,906,2024-03-03,Central,Debit Card
1434,635,2024-10-09,South,UPI
1435,236,2026-03-20,South,Net Banking
1436,289,2025-02-11,West,UPI
1437,904,2024-01-29,North,Credit Card
1438,152,2025-05-09,East,UPI
1439,854,2025-10-29,North,Cash on Delivery
1440,131,2024-09-06,South,Debit Card
1441,991,2024-02-17,North,Debit Card
1442,875,2024-10-26,South,UPI
1443,95,2025-02-12,West,UPI
1444,759,2025-07-31,North,Debit Card
1445,735,2026-07-12,West,Net Banking
1446,880,2024-03-24,Central,Credit Card
1447,157,2025-03-14,North,Credit Card
1448,957,2024-06-26,South,Wallet
1449,161,2025-05-02,Central,Cash on Delivery
1450,606,2026-07-20,West,Credit Card
1451,313,2024-01-06,North,Credit Card
1452,831,2025-01-09,South,Wallet
1453,575,2026-07-05,East,Credit Card
1454,868,2025-03-25,West,Net Banking
1455,707,2024-07-23,South,Credit Card
1456,441,2025-10-30,South,UPI
1457,622,2024-07-08,South,UPI
1458,759,2025-06-26,North,UPI
1459,117,2024-12-13,Central,UPI
1460,754,2026-05-24,East,UPI
1461,704,2024-12-18,East,Wallet
1462,38,2025-03-25,South,Credit Card
1463,202,2026-05-21,West,UPI
1464,618,2024-01-09,North,UPI
1465,700,2025-07-01,West,Wallet
1466,829,2024-02-16,East,Credit Card
1467,756,2024-01-09,West,Debit Card
1468,931,2025-06-24,South,Debit Card
1469,190,2025-07-06,South,Credit Card
1470,150,2025-05-25,West,Debit Card
1471,807,2025-08-05,East,Cash on Delivery
1472,741,2024-03-23,South,UPI
1473,657,2024-10-30,West,UPI
1474,372,2025-05-16,North,UPI
1475,599,2025-10-21,South,Credit Card
1476,475,2026-02-19,North,Credit Card
1477,468,2026-08-15,South,Credit Card
1478,316,2026-07-04,West,Cash on Delivery
1479,598,2026-07-24,South,Net Banking
1480,737,2024-04-25,South,UPI
1481,644,2025-06-02,South,UPI
1482,395,2026-03-21,South,UPI
1483,780,2024-08-30,North,Debit Card
1484,427,2025-07-07,North,UPI
1485,465,2024-04-13,South,UPI
1486,874,2024-08-19,West,Credit Card
1487,337,2025-04-07,East,Debit Card
1488,338,2025-11-11,East,UPI
1489,287,2024-10-15,North,UPI
1490,609,2026-01-12,South,Credit Card
1491,732,2025-04-10,East,Debit Card
1492,968,2025-11-06,South,UPI
1493,320,2025-02-23,West,UPI
1494,389,2025-03-02,Central,UPI
1495,400,2026-05-26,West,Credit Card
1496,469,2025-06-01,South,Debit Card
1497,165,2025-06-10,South,Debit Card
1498,692,2026-02-13,West,UPI
1499,714,2026-04-23,West,Credit Card
1500,968,2025-07-05,South,Net Banking
1501,921,2024-01-15,East,Wallet
1502,661,2024-08-03,South,Debit Card
1503,71,2025-06-01,North,Credit Card
1504,174,2024-10-19,South,Wallet
1505,246,2025-07-07,South,Wallet
1506,69,2026-05-05,North,Debit Card
1507,156,2026-02-06,West,UPI
1508,690,2025-03-26,West,Debit Card
1509,5,2026-06-03,West,Net Banking
1510,676,2025-08-13,South,Debit Card
1511,964,2024-11-21,West,Debit Card
1512,55,2026-06-27,South,UPI
1513,178,2024-11-02,North,UPI
1514,369,2026-04-27,West,Credit Card
1515,248,2025-02-07,North,Debit Card
1516,360,2025-07-07,Central,UPI
1517,244,2025-08-06,South,UPI
1518,507,2025-08-31,North,Net Banking
1519,909,2025-03-27,South,Debit Card
1520,396,2025-04-06,North,UPI
1521,263,2026-02-26,East,Credit Card
1522,314,2024-09-27,East,Credit Card
1523,791,2024-01-01,Central,UPI
1524,223,2025-03-15,East,UPI
1525,309,2024-02-16,East,UPI
1526,667,2025-07-27,West,Credit Card
1527,820,2025-09-17,Central,UPI
1528,702,2024-03-23,North,UPI
1529,65,2026-01-20,South,Credit Card
1530,305,2025-12-30,North,Credit Card
1531,732,2024-05-29,East,Credit Card
1532,201,2026-02-06,East,UPI
1533,697,2025-11-07,North,UPI
1534,181,2025-05-29,South,Credit Card
1535,649,2025-12-07,East,UPI
1536,397,2026-01-21,South,UPI
1537,764,2024-03-06,South,Debit Card
1538,983,2025-02-28,South,UPI
1539,276,2025-09-16,West,Wallet
1540,64,2025-12-28,North,Credit Card
1541,281,2026-08-05,South,UPI
1542,162,2024-02-20,South,UPI
1543,180,2026-05-24,East,Credit Card
1544,622,2025-04-16,South,Debit Card
1545,630,2025-05-27,West,UPI
1546,772,2025-03-14,East,Credit Card
1547,509,2026-01-12,North,Debit Card
1548,108,2026-05-31,North,Credit Card
1549,670,2024-02-14,North,UPI
1550,408,2024-11-25,West,UPI
1551,741,2025-05-05,South,UPI
1552,980,2024-05-09,West,Credit Card
1553,988,2024-12-13,West,UPI
1554,715,2026-07-09,South,Cash on Delivery
1555,221,2025-04-28,West,Net Banking
1556,59,2025-06-18,East,Debit Card
1557,601,2026-07-09,South,UPI
1558,273,2025-09-12,West,Net Banking
1559,301,2025-04-03,North,UPI
1560,377,2024-04-15,South,Credit Card
1561,785,2024-04-07,East,Credit Card
1562,748,2026-02-08,South,UPI
1563,719,2025-08-03,South,UPI
1564,123,2024-08-22,East,UPI
1565,402,2026-07-18,East,Debit Card
1566,604,2025-05-16,Central,Debit Card
1567,242,2026-01-17,West,UPI
1568,392,2024-10-17,West,Net Banking
1569,488,2026-05-12,South,UPI
1570,378,2024-07-18,West,Credit Card
1571,35,2025-06-03,West,Credit Card
1572,857,2026-02-27,North,UPI
1573,836,2026-02-23,North,Credit Card
1574,193,2026-08-11,East,UPI
1575,686,2025-04-01,West,Credit Card
1576,805,2024-03-03,South,Debit Card
1577,541,2026-02-10,Central,Net Banking
1578,575,2025-12-23,East,Debit Card
1579,751,2025-10-12,East,Debit Card
1580,383,2025-07-25,West,Debit Card
1581,510,2026-04-27,East,UPI
1582,103,2024-12-23,South,Cash on Delivery
1583,94,2025-04-25,West,Cash on Delivery
1584,741,2024-01-31,South,UPI
1585,459,2024-03-24,North,Debit Card
1586,283,2024-12-06,South,UPI
1587,773,2026-02-12,South,Credit Card
1588,272,2024-11-01,East,UPI
1589,460,2025-03-04,South,Debit Card
1590,338,2026-02-12,East,UPI
1591,874,2025-09-26,West,UPI
1592,653,2025-06-28,East,Cash on Delivery
1593,691,2025-07-05,West,Credit Card
1594,505,2025-02-07,South,Net Banking
1595,783,2024-12-04,North,Debit Card
1596,987,2026-01-16,West,Credit Card
1597,587,2025-08-15,South,Wallet
1598,349,2024-02-16,South,UPI
1599,893,2024-02-20,South,Credit Card
1600,85,2026-05-24,East,UPI
1601,589,2024-06-05,North,Debit Card
1602,966,2024-12-04,West,Net Banking
1603,4,2024-11-05,West,Debit Card
1604,885,2025-10-22,Central,UPI
1605,934,2026-03-24,North,UPI
1606,71,2025-04-27,North,Credit Card
1607,900,2024-07-15,North,Debit Card
1608,350,2024-12-30,South,Debit Card
1609,289,2026-01-09,West,UPI
1610,390,2024-11-15,South,UPI
1611,655,2024-02-13,North,Debit Card
1612,985,2025-08-01,West,Net Banking
1613,811,2025-06-23,East,UPI
1614,393,2026-02-17,South,UPI
1615,789,2024-03-02,South,UPI
1616,716,2024-07-06,North,Credit Card
1617,397,2025-11-29,South,Cash on Delivery
1618,309,2026-06-13,East,UPI
1619,316,2026-05-10,West,Debit Card
1620,176,2026-06-04,West,Net Banking
1621,705,2025-06-22,East,UPI
1622,465,2024-03-12,South,UPI
1623,180,2024-08-02,East,Debit Card
1624,879,2026-01-30,North,Debit Card
1625,490,2025-02-08,North,Net Banking
1626,812,2025-03-10,West,UPI
1627,638,2026-01-14,North,Debit Card
1628,679,2025-11-15,West,Credit Card
1629,385,2025-06-15,North,UPI
1630,691,2024-02-24,West,Debit Card
1631,481,2024-08-27,South,Cash on Delivery
1632,100,2025-02-05,West,Debit Card
1633,14,2025-05-02,South,UPI
1634,111,2025-04-30,East,Debit Card
1635,137,2025-09-28,South,UPI
1636,606,2024-07-01,West,Debit Card
1637,20,2025-05-24,North,Net Banking
1638,699,2024-06-10,West,Debit Card
1639,199,2025-01-31,North,Cash on Delivery
1640,828,2026-01-03,East,UPI
1641,721,2026-06-17,West,UPI
1642,909,2025-09-19,South,UPI
1643,676,2026-04-13,South,UPI
1644,541,2025-06-03,Central,UPI
1645,540,2024-05-21,North,Debit Card
1646,337,2025-07-31,East,UPI
1647,79,2024-07-09,Central,Debit Card
1648,245,2025-06-27,North,UPI
1649,142,2026-07-04,South,Credit Card
1650,352,2025-07-21,West,UPI
1651,487,2026-06-09,East,Net Banking
1652,696,2025-09-10,South,Credit Card
1653,423,2026-03-28,South,UPI
1654,16,2026-04-12,North,UPI
1655,439,2024-09-02,South,UPI
1656,716,2025-03-01,North,Credit Card
1657,987,2025-09-15,West,Wallet
1658,705,2026-01-06,East,Debit Card
1659,80,2024-10-14,South,UPI
1660,446,2025-08-30,Central,UPI
1661,417,2024-01-11,South,UPI
1662,76,2024-07-30,East,Debit Card
1663,984,2024-05-16,North,Credit Card
1664,776,2026-05-13,Central,UPI
1665,78,2024-06-30,South,Cash on Delivery
1666,9,2025-08-04,South,UPI
1667,277,2025-12-22,South,Net Banking
1668,764,2025-02-18,South,UPI
1669,32,2024-04-07,West,Cash on Delivery
1670,837,2024-09-11,East,Debit Card
1671,84,2025-09-05,South,Credit Card
1672,137,2026-05-07,South,Cash on Delivery
1673,591,2025-11-01,South,UPI
1674,223,2025-11-22,East,UPI
1675,591,2025-02-28,South,Cash on Delivery
1676,209,2026-03-01,South,Credit Card
1677,37,2026-05-08,South,Debit Card
1678,11,2025-03-27,East,Debit Card
1679,39,2025-07-15,West,Credit Card
1680,233,2024-01-14,South,Credit Card
1681,332,2024-09-29,East,Credit Card
1682,726,2024-10-29,South,Debit Card
1683,185,2024-05-23,East,UPI
1684,424,2024-10-03,South,Credit Card
1685,249,2024-12-08,South,UPI
1686,555,2025-11-08,North,Wallet
1687,981,2024-07-05,North,Net Banking
1688,570,2025-10-19,West,UPI
1689,338,2024-01-07,East,UPI
1690,435,2025-11-06,South,Credit Card
1691,832,2025-05-17,West,Credit Card
1692,435,2024-03-08,South,Credit Card
1693,978,2026-03-20,South,Debit Card
1694,102,2025-08-07,South,Credit Card
1695,9,2025-04-08,South,UPI
1696,606,2025-06-09,West,UPI
1697,189,2026-06-08,East,Debit Card
1698,346,2024-09-13,South,Debit Card
1699,34,2024-09-09,South,Debit Card
1700,455,2024-10-12,North,Credit Card
1701,168,2024-06-02,North,Debit Card
1702,66,2025-01-30,North,UPI
1703,858,2026-01-23,West,Cash on Delivery
1704,520,2026-02-18,North,UPI
1705,355,2025-01-17,North,Credit Card
1706,591,2025-05-01,South,Debit Card
1707,611,2026-03-06,North,Net Banking
1708,651,2025-09-06,North,Debit Card
1709,697,2025-02-14,North,UPI
1710,88,2026-07-15,South,UPI
1711,701,2024-09-24,North,UPI
1712,88,2026-03-08,South,Cash on Delivery
1713,893,2024-11-12,South,UPI
1714,588,2025-03-22,North,Net Banking
1715,921,2024-04-17,East,Credit Card
1716,581,2026-04-19,South,Net Banking
1717,889,2024-02-26,East,Credit Card
1718,413,2025-09-20,South,UPI
1719,102,2025-03-24,South,Credit Card
1720,745,2025-01-26,South,Debit Card
1721,398,2025-08-11,North,UPI
1722,328,2024-01-14,East,UPI
1723,742,2025-02-26,South,UPI
1724,939,2026-06-30,South,Credit Card
1725,316,2026-03-29,West,UPI
1726,888,2026-01-19,South,Net Banking
1727,812,2025-07-27,West,UPI
1728,722,2025-11-26,South,UPI
1729,175,2025-12-21,East,UPI
1730,761,2025-11-06,Central,Credit Card
1731,734,2024-08-16,South,Debit Card
1732,627,2026-06-02,North,UPI
1733,77,2024-11-28,West,Credit Card
1734,124,2024-03-01,East,UPI
1735,106,2024-01-22,East,Credit Card
1736,396,2025-08-25,North,Credit Card
1737,180,2024-10-28,East,Wallet
1738,22,2026-07-06,South,Cash on Delivery
1739,220,2026-02-20,South,Net Banking
1740,278,2025-09-01,West,UPI
1741,73,2024-07-30,South,Credit Card
1742,181,2025-07-31,South,UPI
1743,630,2025-08-27,West,UPI
1744,967,2024-11-15,East,UPI
1745,642,2026-03-16,East,UPI
1746,27,2025-04-10,North,Credit Card
1747,58,2025-10-07,East,Debit Card
1748,831,2026-07-31,South,Debit Card
1749,89,2025-02-25,North,Cash on Delivery
1750,315,2026-07-14,South,Cash on Delivery
1751,568,2024-05-08,South,UPI
1752,928,2026-03-03,East,UPI
1753,165,2025-12-02,South,UPI
1754,762,2025-01-12,West,Credit Card
1755,139,2024-09-04,North,UPI
1756,108,2024-12-01,North,Credit Card
1757,339,2024-09-05,South,UPI
1758,961,2024-08-05,North,Credit Card
1759,869,2025-10-15,South,UPI
1760,692,2024-05-25,West,Net Banking
1761,970,2026-04-13,North,UPI
1762,129,2026-07-04,South,UPI
1763,860,2024-05-14,South,Credit Card
1764,155,2026-06-25,East,Credit Card
1765,592,2024-03-15,North,Cash on Delivery
1766,287,2024-08-29,North,Debit Card
1767,961,2024-10-21,North,Credit Card
1768,172,2026-06-06,South,Debit Card
1769,884,2025-01-28,West,UPI
1770,778,2024-08-15,South,Credit Card
1771,943,2025-01-13,East,UPI
1772,180,2024-01-22,East,Debit Card
1773,872,2026-08-06,North,Credit Card
1774,515,2025-10-02,Central,Debit Card
1775,816,2024-03-10,East,UPI
1776,645,2026-07-06,South,Net Banking
1777,115,2025-01-07,Central,Credit Card
1778,607,2026-08-06,West,UPI
1779,981,2025-06-11,North,UPI
1780,240,2024-10-12,West,Debit Card
1781,990,2024-08-06,South,UPI
1782,468,2025-07-04,South,UPI
1783,513,2024-10-17,South,UPI
1784,304,2025-04-11,West,UPI
1785,363,2025-11-09,South,Net Banking
1786,493,2024-11-15,South,Debit Card
1787,341,2026-06-28,South,UPI
1788,920,2024-04-22,South,Credit Card
1789,197,2025-12-17,Central,Net Banking
1790,463,2025-01-30,North,Credit Card
1791,995,2025-09-28,North,Net Banking
1792,92,2025-12-23,South,Credit Card
1793,675,2025-10-08,North,Debit Card
1794,862,2025-10-17,South,Debit Card
1795,716,2024-12-21,North,UPI
1796,162,2025-10-05,South,Credit Card
1797,949,2025-03-13,West,Credit Card
1798,52,2025-02-14,South,Net Banking
1799,255,2026-07-01,West,Cash on Delivery
1800,212,2024-11-24,South,Net Banking
1801,454,2026-05-19,North,UPI
1802,793,2024-08-21,Central,Credit Card
1803,309,2025-12-16,East,UPI
1804,67,2026-02-02,South,UPI
1805,262,2026-07-08,West,UPI
1806,854,2024-12-08,North,UPI
1807,990,2025-12-11,South,UPI
1808,1,2024-01-02,East,Credit Card
1809,197,2024-01-24,Central,Credit Card
1810,139,2024-10-10,North,Net Banking
1811,68,2024-05-22,North,Credit Card
1812,185,2025-08-07,East,Wallet
1813,542,2025-08-09,North,UPI
1814,40,2025-09-23,North,UPI
1815,305,2026-06-27,North,Credit Card
1816,225,2026-06-11,East,UPI
1817,814,2025-05-14,Central,Net Banking
1818,215,2026-01-27,South,Credit Card
1819,577,2024-04-11,North,UPI
1820,663,2026-06-04,South,UPI
1821,181,2025-07-15,South,Debit Card
1822,175,2026-02-26,East,Credit Card
1823,141,2024-07-04,North,Cash on Delivery
1824,673,2026-05-21,South,UPI
1825,270,2025-10-15,South,UPI
1826,537,2026-05-31,North,Net Banking
1827,438,2025-12-27,East,Debit Card
1828,180,2025-09-24,East,Net Banking
1829,315,2026-05-13,South,Net Banking
1830,467,2024-09-09,North,UPI
1831,142,2026-05-21,South,UPI
1832,443,2025-08-17,South,Credit Card
1833,53,2024-10-31,North,Debit Card
1834,362,2024-06-20,South,UPI
1835,81,2024-02-19,South,UPI
1836,746,2025-09-16,North,UPI
1837,332,2026-07-12,East,Net Banking
1838,90,2024-10-04,South,UPI
1839,371,2024-11-05,West,Credit Card
1840,294,2024-08-03,South,Credit Card
1841,312,2025-02-10,West,Net Banking
1842,622,2025-10-14,South,Cash on Delivery
1843,266,2025-07-08,East,UPI
1844,564,2025-07-16,West,Net Banking
1845,423,2025-10-29,South,Credit Card
1846,555,2025-02-15,North,Debit Card
1847,458,2026-05-12,North,Cash on Delivery
1848,651,2024-04-29,North,UPI
1849,267,2024-03-11,North,UPI
1850,736,2024-02-06,South,Credit Card
1851,49,2024-05-02,North,UPI
1852,591,2025-12-25,South,Cash on Delivery
1853,443,2024-11-16,South,UPI
1854,513,2025-08-26,South,Credit Card
1855,728,2024-12-05,West,Credit Card
1856,349,2025-03-10,South,UPI
1857,525,2025-05-06,West,Debit Card
1858,778,2026-05-29,South,UPI
1859,956,2025-06-08,North,Credit Card
1860,975,2026-04-30,East,Credit Card
1861,867,2025-08-23,South,Credit Card
1862,47,2025-05-11,North,Credit Card
1863,560,2025-09-21,South,UPI
1864,330,2024-11-07,South,UPI
1865,78,2024-07-19,South,Debit Card
1866,80,2025-07-21,South,Debit Card
1867,822,2025-04-15,North,UPI
1868,309,2025-05-06,East,UPI
1869,527,2024-10-27,South,Cash on Delivery
1870,785,2026-08-14,East,Credit Card
1871,293,2024-01-16,South,UPI
1872,660,2024-02-01,South,UPI
1873,887,2024-06-16,East,UPI
1874,241,2024-02-25,North,Cash on Delivery
1875,289,2025-03-13,West,Credit Card
1876,572,2025-11-29,East,Cash on Delivery
1877,625,2025-11-03,South,Credit Card
1878,589,2025-12-12,North,UPI
1879,593,2026-02-04,North,Debit Card
1880,668,2024-12-08,North,UPI
1881,963,2026-05-08,West,Credit Card
1882,79,2024-05-22,Central,Credit Card
1883,165,2024-07-26,South,Credit Card
1884,444,2025-12-07,South,Debit Card
1885,586,2025-04-21,North,Debit Card
1886,17,2026-08-12,East,Debit Card
1887,451,2024-05-13,South,Wallet
1888,775,2025-01-27,South,UPI
1889,374,2025-10-01,East,Debit Card
1890,80,2025-12-21,South,Credit Card
1891,926,2025-09-26,North,UPI
1892,438,2024-05-22,East,Credit Card
1893,61,2026-04-17,South,UPI
1894,973,2024-10-29,North,UPI
1895,344,2026-07-12,West,Debit Card
1896,535,2024-06-03,Central,UPI
1897,62,2026-07-24,South,UPI
1898,497,2024-06-15,East,Debit Card
1899,600,2025-12-30,North,UPI
1900,707,2026-08-05,South,Credit Card
1901,185,2025-02-05,East,UPI
1902,370,2025-03-21,West,UPI
1903,21,2025-08-20,North,UPI
1904,178,2024-08-12,North,UPI
1905,365,2025-10-29,West,UPI
1906,301,2024-09-17,North,Net Banking
1907,300,2024-11-25,East,Debit Card
1908,846,2024-09-17,North,Debit Card
1909,278,2024-12-05,West,Credit Card
1910,287,2024-01-01,North,Cash on Delivery
1911,206,2025-08-09,North,UPI
1912,945,2024-09-03,East,Credit Card
1913,904,2026-01-18,North,UPI
1914,191,2024-10-05,West,Credit Card
1915,554,2024-09-04,South,UPI
1916,686,2024-07-22,West,Debit Card
1917,150,2025-09-26,West,Wallet
1918,112,2024-06-12,North,Net Banking
1919,328,2025-06-22,East,Credit Card
1920,500,2024-07-28,East,UPI
1921,874,2025-11-12,West,UPI
1922,431,2026-06-23,East,Credit Card
1923,140,2026-07-05,West,UPI
1924,653,2025-04-17,East,UPI
1925,614,2025-01-01,South,UPI
1926,605,2025-11-11,Central,UPI
1927,360,2026-03-09,Central,UPI
1928,172,2026-06-07,South,Credit Card
1929,797,2024-05-18,East,UPI
1930,265,2024-08-21,North,Debit Card
1931,829,2025-03-29,East,Cash on Delivery
1932,49,2025-02-26,North,Credit Card
1933,818,2026-05-01,North,UPI
1934,910,2026-07-07,North,UPI
1935,447,2025-12-01,North,Debit Card
1936,246,2025-01-26,South,Credit Card
1937,121,2025-01-25,West,Debit Card
1938,72,2025-06-14,Central,UPI
1939,670,2024-08-23,North,UPI
1940,919,2025-03-01,East,Net Banking
1941,534,2024-08-31,West,Net Banking
1942,384,2024-03-24,South,Debit Card
1943,706,2026-06-25,South,Cash on Delivery
1944,90,2025-01-14,South,Debit Card
1945,238,2026-02-22,West,Cash on Delivery
1946,824,2025-07-23,North,UPI
1947,687,2024-11-27,South,UPI
1948,88,2026-05-18,South,Net Banking
1949,133,2024-02-27,West,UPI
1950,773,2024-09-27,South,Debit Card
1951,864,2024-03-06,West,UPI
1952,404,2024-09-22,South,UPI
1953,120,2024-02-26,North,Credit Card
1954,361,2025-09-22,East,Debit Card
1955,907,2024-07-06,West,Debit Card
1956,897,2026-04-05,East,Credit Card
1957,255,2024-05-03,West,UPI
1958,261,2025-02-09,South,Wallet
1959,762,2026-05-16,West,UPI
1960,600,2024-07-24,North,Net Banking
1961,422,2025-07-15,North,Credit Card
1962,552,2024-05-14,West,Cash on Delivery
1963,271,2025-03-31,East,UPI
1964,416,2025-11-23,North,Credit Card
1965,932,2024-07-01,East,Credit Card
1966,683,2025-10-07,West,Debit Card
1967,594,2024-07-14,East,Credit Card
1968,89,2026-07-11,North,Credit Card
1969,591,2024-06-26,South,Debit Card
1970,172,2025-09-27,South,UPI
1971,413,2025-07-24,South,Debit Card
1972,600,2026-02-27,North,Debit Card
1973,694,2024-06-01,West,Cash on Delivery
1974,658,2024-04-12,South,Credit Card
1975,441,2025-11-26,South,Cash on Delivery
1976,445,2026-05-14,East,Debit Card
1977,690,2024-12-22,West,Credit Card
1978,946,2026-02-16,North,UPI
1979,742,2024-04-17,South,UPI
1980,247,2024-12-01,North,Credit Card
1981,761,2024-02-27,Central,Wallet
1982,488,2025-02-27,South,Credit Card
1983,457,2025-10-08,West,Credit Card
1984,533,2025-04-18,West,Cash on Delivery
1985,790,2024-06-25,South,UPI
1986,428,2025-10-12,South,Net Banking
1987,505,2025-07-19,South,UPI
1988,891,2025-06-27,South,UPI
1989,336,2025-08-21,South,Cash on Delivery
1990,496,2024-01-22,South,UPI
1991,232,2026-03-30,South,UPI
1992,556,2026-03-02,North,Debit Card
1993,80,2024-11-23,South,Net Banking
1994,963,2026-05-17,West,Credit Card
1995,846,2025-12-18,North,Credit Card
1996,236,2025-12-17,South,UPI
1997,754,2024-01-07,East,Net Banking
1998,47,2024-10-09,North,Debit Card
1999,646,2025-10-20,South,Debit Card
2000,924,2025-06-26,North,Cash on Delivery
2001,638,2026-01-22,North,UPI
2002,68,2024-04-12,North,Wallet
2003,721,2025-12-17,West,Net Banking
2004,359,2024-06-21,West,UPI
2005,338,2024-10-30,East,Debit Card
2006,998,2025-04-15,North,UPI
2007,80,2026-04-18,South,UPI
2008,940,2025-06-21,South,Credit Card
2009,613,2025-01-29,East,Credit Card
2010,480,2024-05-24,Central,UPI
2011,931,2026-01-10,South,UPI
2012,957,2025-01-08,South,Debit Card
2013,677,2024-03-25,South,Wallet
2014,512,2024-03-16,South,Credit Card
2015,87,2025-05-02,East,UPI
2016,484,2025-05-08,East,UPI
2017,324,2026-08-04,West,Wallet
2018,654,2025-04-09,West,UPI
2019,409,2026-04-15,West,UPI
2020,505,2025-03-16,South,Credit Card
2021,212,2024-04-09,South,Credit Card
2022,76,2025-11-07,East,UPI
2023,109,2026-04-06,South,Credit Card
2024,482,2025-08-14,Central,Net Banking
2025,637,2026-03-11,West,Credit Card
2026,525,2025-11-22,West,Cash on Delivery
2027,20,2026-05-17,North,Cash on Delivery
2028,412,2024-01-12,North,Cash on Delivery
2029,150,2025-07-07,West,Credit Card
2030,108,2025-10-09,North,UPI
2031,796,2024-10-30,West,Credit Card
2032,58,2026-08-03,East,Debit Card
2033,21,2024-08-17,North,Credit Card
2034,457,2026-03-29,West,Net Banking
2035,808,2025-09-06,South,Wallet
2036,57,2026-05-17,West,Net Banking
2037,542,2024-08-17,North,Wallet
2038,455,2024-09-30,North,UPI
2039,465,2025-04-25,South,UPI
2040,122,2026-01-30,South,Cash on Delivery
2041,998,2025-01-25,North,Net Banking
2042,22,2025-12-27,South,UPI
2043,235,2025-11-23,South,UPI
2044,611,2026-06-19,North,UPI
2045,287,2024-10-17,North,Debit Card
2046,991,2025-05-26,North,Debit Card
2047,189,2025-04-25,East,Net Banking
2048,892,2025-07-27,South,Debit Card
2049,290,2024-04-03,South,UPI
2050,289,2025-01-13,West,UPI
2051,196,2024-04-15,Central,Credit Card
2052,77,2026-04-15,West,Credit Card
2053,149,2026-01-29,South,Credit Card
2054,530,2026-06-26,South,Credit Card
2055,466,2025-04-13,South,Net Banking
2056,415,2025-03-14,South,Debit Card
2057,472,2024-10-12,South,UPI
2058,701,2024-09-28,North,UPI
2059,359,2026-02-09,West,Credit Card
2060,514,2025-04-02,East,Debit Card
2061,383,2025-07-26,West,Debit Card
2062,971,2024-03-15,West,Cash on Delivery
2063,427,2026-04-01,North,UPI
2064,915,2025-02-16,East,Debit Card
2065,504,2024-06-18,West,Debit Card
2066,514,2025-07-06,East,UPI
2067,598,2025-11-11,South,UPI
2068,257,2025-03-06,South,UPI
2069,469,2024-10-11,South,UPI
2070,642,2024-09-08,East,UPI
2071,210,2025-08-14,North,Debit Card
2072,583,2026-03-16,West,UPI
2073,690,2024-10-21,West,Debit Card
2074,993,2025-11-12,South,UPI
2075,310,2024-09-27,West,Wallet
2076,406,2025-11-12,North,Debit Card
2077,108,2025-08-12,North,UPI
2078,653,2025-06-18,East,Wallet
2079,745,2026-03-07,South,Debit Card
2080,771,2025-08-12,North,Debit Card
2081,398,2026-06-28,North,Credit Card
2082,894,2024-04-09,East,Cash on Delivery
2083,703,2025-05-27,West,UPI
2084,416,2025-09-19,North,UPI
2085,774,2024-07-19,North,UPI
2086,547,2026-01-17,South,Debit Card
2087,904,2026-05-13,North,Wallet
2088,35,2025-05-29,West,Credit Card
2089,249,2024-01-28,South,Net Banking
2090,950,2026-01-11,South,Net Banking
2091,115,2026-08-06,Central,Credit Card
2092,171,2026-04-24,South,Net Banking
2093,6,2024-12-10,North,UPI
2094,736,2025-05-30,South,Debit Card
2095,143,2025-11-01,South,Debit Card
2096,615,2025-01-04,South,Debit Card
2097,512,2024-11-03,South,UPI
2098,316,2024-01-10,West,UPI
2099,715,2025-07-30,South,Credit Card
2100,461,2024-08-25,East,UPI
2101,301,2024-04-21,North,Credit Card
2102,727,2024-04-18,West,UPI
2103,526,2026-05-02,South,UPI
2104,658,2025-05-10,South,UPI
2105,1000,2025-10-25,North,Debit Card
2106,134,2025-02-11,East,Credit Card
2107,133,2026-03-06,West,UPI
2108,423,2024-04-05,South,UPI
2109,81,2026-05-14,South,UPI
2110,108,2025-08-12,North,Wallet
2111,271,2024-01-14,East,Credit Card
2112,734,2024-02-02,South,Credit Card
2113,604,2024-07-17,Central,Debit Card
2114,694,2026-07-26,West,Credit Card
2115,644,2024-03-31,South,Cash on Delivery
2116,62,2024-02-25,South,UPI
2117,369,2024-12-23,West,Credit Card
2118,25,2025-03-29,South,UPI
2119,871,2025-08-25,South,UPI
2120,387,2024-03-16,West,Wallet
2121,332,2024-11-22,East,Credit Card
2122,813,2024-11-12,North,Debit Card
2123,855,2026-04-05,West,Credit Card
2124,944,2025-11-24,North,Cash on Delivery
2125,920,2026-03-28,South,UPI
2126,421,2024-11-09,South,UPI
2127,355,2024-04-28,North,UPI
2128,433,2024-04-05,South,Cash on Delivery
2129,767,2024-04-16,South,Debit Card
2130,215,2025-06-28,South,Debit Card
2131,252,2025-03-24,East,Credit Card
2132,246,2025-06-17,South,UPI
2133,526,2026-01-18,South,UPI
2134,497,2026-01-26,East,Credit Card
2135,381,2024-04-25,South,UPI
2136,230,2026-03-22,East,Debit Card
2137,551,2025-05-20,Central,UPI
2138,896,2024-10-01,North,UPI
2139,849,2024-06-01,South,UPI
2140,989,2026-06-24,East,Credit Card
2141,57,2024-01-11,West,Credit Card
2142,181,2026-07-14,South,UPI
2143,336,2024-03-14,South,Credit Card
2144,8,2025-02-09,North,UPI
2145,787,2025-02-25,East,Net Banking
2146,686,2025-12-31,West,UPI
2147,19,2025-02-02,West,UPI
2148,568,2025-01-22,South,UPI
2149,962,2024-07-24,South,UPI
2150,496,2025-06-25,South,Debit Card
2151,800,2025-04-28,South,Credit Card
2152,867,2026-02-08,South,UPI
2153,787,2025-07-17,East,Credit Card
2154,825,2024-01-21,North,UPI
2155,216,2025-11-24,North,Credit Card
2156,713,2025-08-17,South,Debit Card
2157,616,2025-01-13,East,UPI
2158,526,2025-10-12,South,UPI
2159,708,2024-08-30,South,UPI
2160,310,2025-03-09,West,Credit Card
2161,961,2024-08-21,North,UPI
2162,555,2026-07-24,North,Net Banking
2163,932,2025-10-24,East,UPI
2164,665,2024-11-27,North,UPI
2165,565,2024-08-04,South,UPI
2166,83,2025-08-05,South,Cash on Delivery
2167,816,2025-11-26,East,Debit Card
2168,855,2024-02-22,West,Debit Card
2169,617,2024-02-20,Central,Credit Card
2170,773,2024-01-22,South,Credit Card
2171,927,2025-11-17,South,Debit Card
2172,549,2026-08-14,East,UPI
2173,625,2025-04-10,South,Credit Card
2174,405,2025-09-04,North,UPI
2175,893,2025-03-11,South,UPI
2176,441,2026-02-24,South,UPI
2177,524,2024-01-16,East,UPI
2178,246,2026-03-13,South,Credit Card
2179,40,2025-08-10,North,Cash on Delivery
2180,610,2025-10-06,East,Credit Card
2181,600,2025-02-15,North,UPI
2182,498,2024-03-24,Central,Credit Card
2183,111,2026-01-31,East,UPI
2184,576,2024-03-20,South,Credit Card
2185,489,2024-04-19,North,Credit Card
2186,123,2025-12-05,East,Cash on Delivery
2187,396,2025-08-21,North,Cash on Delivery
2188,769,2024-05-04,South,Credit Card
2189,634,2026-03-11,West,UPI
2190,942,2025-01-22,South,UPI
2191,705,2024-04-15,East,UPI
2192,377,2025-05-01,South,UPI
2193,979,2025-11-30,South,UPI
2194,103,2025-03-04,South,Credit Card
2195,583,2024-05-06,West,Credit Card
2196,384,2024-10-23,South,Credit Card
2197,582,2026-06-22,North,Net Banking
2198,893,2025-05-05,South,Debit Card
2199,152,2024-09-19,East,Cash on Delivery
2200,55,2026-05-27,South,Debit Card
2201,514,2026-01-22,East,UPI
2202,601,2025-09-10,South,Debit Card
2203,336,2024-09-01,South,Credit Card
2204,980,2024-04-27,West,Debit Card
2205,681,2024-11-05,West,UPI
2206,568,2024-06-09,South,Net Banking
2207,389,2024-08-23,Central,Net Banking
2208,587,2026-05-16,South,UPI
2209,387,2025-11-13,West,Net Banking
2210,216,2024-09-20,North,UPI
2211,679,2024-02-20,West,Debit Card
2212,345,2025-08-18,East,Debit Card
2213,292,2024-12-20,South,Debit Card
2214,314,2026-02-20,East,Debit Card
2215,493,2024-09-15,South,UPI
2216,250,2024-05-02,West,Credit Card
2217,103,2024-09-29,South,Net Banking
2218,654,2025-06-10,West,Debit Card
2219,199,2024-03-28,North,UPI
2220,603,2025-09-27,West,Credit Card
2221,379,2024-07-05,West,UPI
2222,286,2026-03-17,North,Credit Card
2223,361,2026-07-27,East,Credit Card
2224,152,2024-11-01,East,Wallet
2225,525,2024-12-10,West,Net Banking
2226,543,2025-11-11,South,Net Banking
2227,187,2026-01-21,North,Debit Card
2228,739,2024-03-05,East,Debit Card
2229,115,2026-06-07,Central,Cash on Delivery
2230,730,2024-12-01,North,UPI
2231,777,2024-04-06,North,Credit Card
2232,283,2024-10-21,South,Cash on Delivery
2233,759,2025-10-23,North,UPI
2234,494,2026-06-25,East,Credit Card
2235,43,2025-07-22,South,UPI
2236,612,2025-10-02,North,Cash on Delivery
2237,605,2025-10-17,Central,UPI
2238,118,2024-02-09,North,UPI
2239,208,2025-09-04,South,UPI
2240,13,2026-07-15,South,Debit Card
2241,716,2026-04-30,North,Credit Card
2242,949,2024-10-23,West,UPI
2243,9,2025-06-29,South,Wallet
2244,871,2025-11-23,South,Cash on Delivery
2245,270,2025-05-03,South,Credit Card
2246,76,2024-12-02,East,UPI
2247,419,2025-09-18,North,Debit Card
2248,333,2025-04-09,North,UPI
2249,323,2026-04-27,South,UPI
2250,694,2025-05-20,West,Debit Card
2251,116,2025-07-30,West,Debit Card
2252,802,2025-09-22,West,Credit Card
2253,493,2026-03-26,South,Debit Card
2254,129,2024-01-17,South,UPI
2255,329,2025-08-08,South,Cash on Delivery
2256,408,2024-11-24,West,Debit Card
2257,33,2026-07-14,West,Credit Card
2258,828,2026-03-13,East,Credit Card
2259,469,2025-02-07,South,Credit Card
2260,617,2025-11-12,Central,Net Banking
2261,660,2025-10-28,South,Credit Card
2262,767,2026-04-13,South,Debit Card
2263,764,2024-01-08,South,UPI
2264,143,2025-08-31,South,UPI
2265,423,2026-05-14,South,UPI
2266,952,2025-12-25,West,UPI
2267,780,2024-06-13,North,UPI
2268,271,2024-09-03,East,Credit Card
2269,644,2024-06-01,South,UPI
2270,753,2025-07-05,East,UPI
2271,462,2024-11-05,East,Credit Card
2272,425,2024-03-14,West,UPI
2273,665,2024-12-30,North,Cash on Delivery
2274,870,2024-03-23,North,Cash on Delivery
2275,371,2025-10-29,West,Credit Card
2276,960,2024-06-07,East,Net Banking
2277,145,2026-02-01,Central,Credit Card
2278,968,2025-06-01,South,Credit Card
2279,85,2025-09-13,East,Credit Card
2280,644,2025-09-16,South,Credit Card
2281,1,2025-01-31,East,UPI
2282,700,2026-02-15,West,Debit Card
2283,173,2026-05-07,West,UPI
2284,722,2024-10-11,South,Credit Card
2285,952,2025-07-22,West,Debit Card
2286,905,2024-02-17,South,Credit Card
2287,961,2024-10-07,North,Credit Card
2288,478,2024-04-06,West,Net Banking
2289,95,2026-06-01,West,UPI
2290,423,2024-07-04,South,Cash on Delivery
2291,103,2024-05-18,South,Debit Card
2292,984,2026-02-09,North,Credit Card
2293,612,2024-02-24,North,Debit Card
2294,718,2024-01-05,East,UPI
2295,493,2024-10-09,South,Net Banking
2296,551,2025-02-11,Central,UPI
2297,486,2026-07-31,North,UPI
2298,35,2026-05-21,West,Cash on Delivery
2299,603,2025-02-16,West,Debit Card
2300,752,2024-09-21,South,Net Banking
2301,216,2026-06-06,North,Debit Card
2302,346,2026-02-20,South,Credit Card
2303,919,2025-03-22,East,Debit Card
2304,758,2026-07-18,West,Credit Card
2305,856,2024-08-16,East,Credit Card
2306,165,2026-06-27,South,Credit Card
2307,644,2024-08-17,South,Cash on Delivery
2308,639,2025-11-05,West,Credit Card
2309,9,2025-08-06,South,Debit Card
2310,361,2024-08-25,East,UPI
2311,250,2025-09-08,West,Net Banking
2312,718,2026-05-09,East,Wallet
2313,186,2025-04-20,North,UPI
2314,712,2026-08-10,Central,UPI
2315,977,2024-12-30,South,Credit Card
2316,696,2024-08-20,South,Credit Card
2317,998,2024-01-06,North,UPI
2318,835,2025-07-08,North,Debit Card
2319,97,2026-01-11,South,Debit Card
2320,706,2026-07-24,South,Net Banking
2321,459,2025-11-19,North,Credit Card
2322,662,2026-03-06,South,Net Banking
2323,883,2026-04-24,North,Cash on Delivery
2324,491,2024-04-17,West,UPI
2325,840,2025-08-31,East,Credit Card
2326,122,2026-05-12,South,UPI
2327,92,2026-04-18,South,Credit Card
2328,152,2025-06-23,East,Wallet
2329,499,2024-10-18,West,Credit Card
2330,982,2026-04-14,West,Credit Card
2331,223,2024-10-06,East,UPI
2332,684,2024-02-25,West,Cash on Delivery
2333,892,2026-01-26,South,UPI
2334,503,2026-04-17,North,Credit Card
2335,400,2025-08-28,West,Credit Card
2336,746,2024-08-25,North,Credit Card
2337,737,2024-12-02,South,Net Banking
2338,308,2024-01-08,East,UPI
2339,986,2024-04-10,South,Credit Card
2340,274,2025-10-20,North,UPI
2341,712,2026-01-05,Central,Debit Card
2342,490,2024-05-27,North,Debit Card
2343,133,2024-09-20,West,UPI
2344,296,2024-08-25,South,Debit Card
2345,968,2026-07-06,South,Debit Card
2346,149,2024-04-26,South,UPI
2347,152,2026-02-16,East,Wallet
2348,499,2025-01-17,West,Debit Card
2349,808,2024-03-09,South,UPI
2350,520,2024-08-14,North,Debit Card
2351,106,2025-12-28,East,Cash on Delivery
2352,360,2024-01-07,Central,UPI
2353,567,2024-05-24,Central,Net Banking
2354,710,2025-06-29,South,Credit Card
2355,967,2026-03-07,East,Credit Card
2356,207,2024-12-22,North,Credit Card
2357,662,2026-08-03,South,Credit Card
2358,796,2024-12-05,West,Net Banking
2359,91,2025-10-14,Central,UPI
2360,650,2025-05-07,West,Credit Card
2361,521,2024-02-16,North,UPI
2362,188,2024-12-20,North,UPI
2363,755,2024-06-30,South,Debit Card
2364,12,2025-05-24,West,Debit Card
2365,849,2025-04-10,South,UPI
2366,672,2024-07-04,East,Cash on Delivery
2367,248,2026-06-29,North,UPI
2368,360,2026-04-05,Central,Cash on Delivery
2369,446,2025-10-13,Central,Credit Card
2370,44,2024-05-05,South,UPI
2371,677,2025-04-16,South,UPI
2372,370,2025-02-18,West,Credit Card
2373,888,2026-07-26,South,Debit Card
2374,511,2025-02-20,North,Credit Card
2375,53,2024-06-24,North,UPI
2376,120,2026-04-30,North,UPI
2377,686,2025-10-14,West,Credit Card
2378,480,2024-08-30,Central,Credit Card
2379,464,2024-05-24,North,Credit Card
2380,948,2026-03-25,East,Wallet
2381,8,2024-09-29,North,UPI
2382,285,2025-09-25,West,UPI
2383,224,2026-08-11,South,UPI
2384,483,2024-02-27,South,UPI
2385,761,2024-12-10,Central,Credit Card
2386,336,2025-10-09,South,Credit Card
2387,988,2025-06-26,West,Credit Card
2388,798,2026-06-17,North,Credit Card
2389,147,2025-11-27,North,UPI
2390,228,2026-06-05,West,Credit Card
2391,660,2025-08-28,South,Debit Card
2392,307,2026-04-23,South,Debit Card
2393,200,2025-01-28,North,Credit Card
2394,26,2026-07-27,East,UPI
2395,836,2024-09-18,North,Credit Card
2396,807,2024-04-30,East,UPI
2397,168,2024-06-24,North,Net Banking
2398,634,2024-06-30,West,Cash on Delivery
2399,112,2025-07-31,North,Cash on Delivery
2400,361,2026-07-23,East,Net Banking
2401,590,2025-06-17,East,UPI
2402,47,2025-10-03,North,UPI
2403,595,2025-10-18,South,Credit Card
2404,327,2025-03-21,East,UPI
2405,898,2024-08-18,South,Credit Card
2406,843,2025-08-04,North,UPI
2407,727,2024-03-04,West,Credit Card
2408,934,2024-01-16,North,UPI
2409,561,2026-05-10,West,UPI
2410,764,2025-10-05,South,Net Banking
2411,841,2025-08-27,North,UPI
2412,64,2026-01-01,North,Credit Card
2413,350,2025-02-23,South,Credit Card
2414,715,2025-06-20,South,Credit Card
2415,178,2026-07-11,North,UPI
2416,423,2024-06-24,South,UPI
2417,956,2025-06-06,North,UPI
2418,591,2026-07-24,South,Debit Card
2419,782,2025-12-23,South,UPI
2420,315,2025-08-18,South,UPI
2421,919,2025-12-21,East,Debit Card
2422,950,2025-12-02,South,UPI
2423,621,2025-05-09,South,Net Banking
2424,407,2025-03-23,North,UPI
2425,458,2024-09-19,North,UPI
2426,167,2025-12-09,East,UPI
2427,407,2024-12-12,North,Wallet
2428,742,2024-06-07,South,Debit Card
2429,90,2026-07-11,South,Net Banking
2430,960,2024-01-30,East,Debit Card
2431,342,2026-03-14,North,Wallet
2432,980,2024-03-16,West,Debit Card
2433,559,2025-02-25,East,Credit Card
2434,696,2024-03-07,South,Credit Card
2435,195,2025-12-06,West,UPI
2436,79,2026-06-28,Central,Net Banking
2437,368,2026-07-15,East,Debit Card
2438,931,2025-05-09,South,Wallet
2439,403,2025-03-27,North,UPI
2440,121,2025-01-27,West,Debit Card
2441,550,2025-06-03,West,Debit Card
2442,871,2024-01-31,South,Credit Card
2443,101,2026-04-22,West,UPI
2444,843,2024-06-19,North,Debit Card
2445,487,2026-07-15,East,UPI
2446,771,2025-02-21,North,UPI
2447,393,2025-10-29,South,Net Banking
2448,659,2024-05-12,West,Credit Card
2449,432,2025-07-03,South,UPI
2450,550,2026-01-01,West,Credit Card
2451,328,2024-03-22,East,Net Banking
2452,775,2024-05-18,South,Wallet
2453,202,2025-01-26,West,Wallet
2454,624,2025-04-01,West,UPI
2455,526,2024-12-04,South,Cash on Delivery
2456,266,2025-02-25,East,UPI
2457,781,2024-04-17,West,Cash on Delivery
2458,655,2026-05-21,North,UPI
2459,595,2025-09-10,South,UPI
2460,998,2026-06-17,North,Net Banking
2461,659,2025-02-20,West,Net Banking
2462,365,2024-07-17,West,Wallet
2463,932,2024-09-03,East,Debit Card
2464,973,2025-12-31,North,Credit Card
2465,280,2025-10-10,East,Wallet
2466,398,2025-03-23,North,Credit Card
2467,705,2024-05-21,East,Credit Card
2468,11,2025-08-07,East,Net Banking
2469,721,2024-04-22,West,Debit Card
2470,164,2024-09-16,East,UPI
2471,347,2024-05-08,North,UPI
2472,227,2025-03-09,North,UPI
2473,582,2024-07-31,North,UPI
2474,351,2025-12-16,North,Cash on Delivery
2475,72,2024-06-09,Central,Credit Card
2476,494,2025-12-24,East,UPI
2477,834,2026-06-03,North,UPI
2478,955,2024-11-08,North,Net Banking
2479,852,2025-07-17,South,Debit Card
2480,736,2024-08-29,South,Credit Card
2481,363,2024-10-15,South,Debit Card
2482,867,2025-06-09,South,Net Banking
2483,140,2025-02-04,West,UPI
2484,409,2026-07-12,West,Credit Card
2485,142,2026-04-30,South,UPI
2486,943,2026-06-05,East,Wallet
2487,847,2025-03-13,South,Debit Card
2488,971,2024-02-20,West,Cash on Delivery
2489,918,2026-07-06,South,Debit Card
2490,134,2026-04-11,East,Credit Card
2491,990,2024-12-25,South,UPI
2492,81,2024-11-15,South,UPI
2493,883,2024-03-03,North,UPI
2494,804,2024-02-28,South,UPI
2495,207,2025-12-27,North,Credit Card
2496,210,2025-05-21,North,UPI
2497,753,2025-09-09,East,Credit Card
2498,649,2024-04-15,East,Net Banking
2499,819,2025-05-23,South,Wallet
2500,117,2024-01-27,Central,Wallet
2501,64,2025-11-05,North,Wallet
2502,134,2024-09-16,East,Net Banking
2503,880,2025-08-11,Central,UPI
2504,974,2024-10-19,North,UPI
2505,875,2025-03-12,South,UPI
2506,862,2024-03-02,South,Cash on Delivery
2507,279,2024-12-21,West,Credit Card
2508,455,2026-05-06,North,Credit Card
2509,767,2026-05-12,South,Credit Card
2510,927,2025-03-28,South,Cash on Delivery
2511,231,2026-03-01,East,UPI
2512,845,2024-08-22,East,UPI
2513,897,2024-02-02,East,Net Banking
2514,405,2024-11-06,North,Cash on Delivery
2515,562,2025-08-18,South,Debit Card
2516,911,2025-03-25,East,Debit Card
2517,874,2025-06-08,West,Debit Card
2518,897,2024-07-17,East,Cash on Delivery
2519,117,2024-08-09,Central,Net Banking
2520,180,2026-04-29,East,Net Banking
2521,540,2025-12-20,North,Net Banking
2522,121,2024-04-28,West,Credit Card
2523,893,2024-12-14,South,Debit Card
2524,588,2024-03-18,North,Credit Card
2525,542,2026-01-13,North,Debit Card
2526,166,2026-08-03,South,UPI
2527,31,2025-04-02,South,UPI
2528,923,2025-06-02,South,UPI
2529,343,2025-10-27,West,Net Banking
2530,256,2024-10-23,Central,UPI
2531,82,2024-05-04,South,Cash on Delivery
2532,416,2025-08-23,North,Net Banking
2533,929,2025-03-31,East,Net Banking
2534,320,2026-01-17,West,Net Banking
2535,954,2025-08-07,East,Debit Card
2536,220,2024-02-08,South,UPI
2537,249,2026-06-27,South,Debit Card
2538,37,2026-06-03,South,UPI
2539,810,2024-03-18,South,UPI
2540,351,2024-06-28,North,Net Banking
2541,119,2025-07-15,North,UPI
2542,959,2025-06-14,West,Credit Card
2543,300,2024-10-01,East,UPI
2544,520,2024-10-25,North,UPI
2545,769,2025-08-31,South,Debit Card
2546,799,2024-03-16,Central,Cash on Delivery
2547,882,2025-08-28,West,Credit Card
2548,407,2026-03-18,North,Debit Card
2549,912,2026-03-18,South,Credit Card
2550,168,2025-12-06,North,Debit Card
2551,626,2026-04-27,South,Credit Card
2552,807,2024-03-26,East,UPI
2553,24,2024-07-03,Central,Net Banking
2554,770,2024-10-24,South,Net Banking
2555,176,2025-10-16,West,UPI
2556,491,2026-03-10,West,Debit Card
2557,904,2026-07-21,North,UPI
2558,252,2026-05-29,East,Debit Card
2559,558,2025-03-20,North,Debit Card
2560,477,2024-01-22,North,UPI
2561,947,2024-02-19,South,Wallet
2562,535,2024-10-25,Central,Wallet
2563,748,2024-10-14,South,Debit Card
2564,278,2026-04-27,West,UPI
2565,3,2024-05-31,South,Cash on Delivery
2566,344,2024-11-29,West,Net Banking
2567,690,2025-01-10,West,UPI
2568,190,2025-02-03,South,Credit Card
2569,634,2025-04-19,West,Cash on Delivery
2570,889,2024-06-02,East,UPI
2571,443,2024-01-13,South,Credit Card
2572,582,2026-05-18,North,Cash on Delivery
2573,400,2026-04-18,West,Debit Card
2574,560,2025-11-11,South,Debit Card
2575,883,2024-09-20,North,UPI
2576,436,2024-07-26,West,UPI
2577,40,2026-06-03,North,Debit Card
2578,753,2025-02-22,East,UPI
2579,549,2024-12-21,East,UPI
2580,731,2025-12-12,East,UPI
2581,341,2026-05-09,South,Cash on Delivery
2582,341,2024-06-07,South,Wallet
2583,516,2024-04-25,South,UPI
2584,687,2025-08-06,South,Wallet
2585,267,2024-04-26,North,UPI
2586,556,2026-01-22,North,Cash on Delivery
2587,962,2026-07-01,South,Debit Card
2588,684,2025-07-12,West,UPI
2589,665,2026-08-01,North,Debit Card
2590,76,2024-02-15,East,UPI
2591,401,2024-01-08,North,Credit Card
2592,836,2024-07-04,North,Credit Card
2593,453,2025-04-28,North,Credit Card
2594,811,2024-07-01,East,Credit Card
2595,889,2025-02-25,East,UPI
2596,2,2026-03-26,East,Credit Card
2597,715,2026-08-07,South,Wallet
2598,903,2024-01-17,West,Debit Card
2599,715,2026-06-14,South,Debit Card
2600,390,2024-09-17,South,Debit Card
2601,454,2025-11-01,North,Credit Card
2602,822,2024-07-23,North,Debit Card
2603,471,2024-08-07,North,Debit Card
2604,233,2025-02-22,South,UPI
2605,773,2026-06-19,South,UPI
2606,237,2025-02-13,North,Debit Card
2607,237,2025-10-11,North,Credit Card
2608,905,2024-11-30,South,Credit Card
2609,461,2026-06-17,East,Credit Card
2610,835,2024-03-01,North,Credit Card
2611,35,2026-03-29,West,Net Banking
2612,431,2024-09-03,East,Credit Card
2613,570,2025-06-26,West,UPI
2614,748,2026-04-17,South,UPI
2615,890,2026-01-24,East,Credit Card
2616,991,2025-11-30,North,Credit Card
2617,622,2026-06-14,South,UPI
2618,133,2024-03-28,West,Credit Card
2619,152,2026-05-10,East,Debit Card
2620,273,2026-07-31,West,UPI
2621,253,2026-04-29,North,Credit Card
2622,396,2024-01-16,North,Credit Card
2623,964,2024-03-21,West,UPI
2624,997,2024-02-21,Central,Credit Card
2625,128,2024-07-15,North,Credit Card
2626,484,2026-04-06,East,Debit Card
2627,122,2024-09-27,South,Debit Card
2628,396,2024-08-13,North,Debit Card
2629,912,2024-07-20,South,Credit Card
2630,39,2024-05-23,West,Net Banking
2631,833,2025-10-13,South,Credit Card
2632,10,2025-03-06,North,Debit Card
2633,582,2024-10-26,North,UPI
2634,220,2026-08-02,South,Debit Card
2635,823,2025-01-18,North,Cash on Delivery
2636,591,2025-01-21,South,Debit Card
2637,899,2024-05-26,North,UPI
2638,574,2024-01-15,West,Debit Card
2639,95,2026-05-14,West,UPI
2640,251,2026-06-08,South,UPI
2641,980,2024-12-13,West,Cash on Delivery
2642,532,2024-01-04,North,Debit Card
2643,456,2024-10-06,South,Debit Card
2644,244,2024-06-28,South,Debit Card
2645,231,2025-03-09,East,UPI
2646,771,2024-01-05,North,UPI
2647,730,2024-08-28,North,UPI
2648,964,2026-03-22,West,UPI
2649,684,2024-07-30,West,Credit Card
2650,908,2026-04-21,North,UPI
2651,53,2026-04-16,North,Debit Card
2652,285,2026-06-01,West,Credit Card
2653,46,2026-07-22,Central,UPI
2654,705,2026-04-07,East,Debit Card
2655,177,2026-01-22,South,Credit Card
2656,95,2024-03-24,West,Credit Card
2657,360,2024-03-22,Central,Debit Card
2658,14,2025-12-05,South,Credit Card
2659,277,2025-03-02,South,Cash on Delivery
2660,845,2025-11-29,East,UPI
2661,248,2026-04-23,North,Credit Card
2662,746,2024-02-26,North,Debit Card
2663,696,2025-10-01,South,Wallet
2664,860,2024-11-25,South,Debit Card
2665,697,2024-06-15,North,Credit Card
2666,138,2024-07-21,East,Credit Card
2667,381,2026-08-06,South,UPI
2668,562,2026-05-12,South,UPI
2669,367,2025-10-13,Central,Credit Card
2670,499,2025-07-01,West,Credit Card
2671,989,2026-07-29,East,Credit Card
2672,94,2026-05-03,West,Credit Card
2673,545,2026-07-14,North,UPI
2674,711,2024-09-07,East,Credit Card
2675,833,2026-01-05,South,Credit Card
2676,678,2025-09-16,Central,Debit Card
2677,699,2026-01-25,West,Debit Card
2678,631,2025-04-14,West,UPI
2679,91,2024-11-01,Central,Credit Card
2680,951,2024-11-16,West,UPI
2681,214,2025-05-20,East,Cash on Delivery
2682,593,2025-12-22,North,Net Banking
2683,958,2025-08-25,South,Wallet
2684,488,2024-08-22,South,Credit Card
2685,838,2025-09-08,East,Net Banking
2686,474,2024-09-11,North,Credit Card
2687,66,2025-05-14,North,UPI
2688,645,2024-03-12,South,Debit Card
2689,622,2025-01-25,South,Debit Card
2690,481,2026-01-15,South,UPI
2691,849,2024-01-26,South,Credit Card
2692,433,2025-06-19,South,Net Banking
2693,847,2024-05-04,South,Debit Card
2694,301,2024-01-15,North,UPI
2695,356,2024-05-04,South,Credit Card
2696,208,2024-07-27,South,UPI
2697,905,2026-05-08,South,Credit Card
2698,676,2026-08-10,South,UPI
2699,599,2025-10-05,South,UPI
2700,753,2026-01-02,East,Credit Card
2701,41,2025-10-07,North,UPI
2702,50,2024-01-28,East,Net Banking
2703,35,2026-02-01,West,Net Banking
2704,494,2024-01-19,East,UPI
2705,785,2026-02-11,East,UPI
2706,233,2024-10-02,South,Debit Card
2707,120,2025-01-28,North,Wallet
2708,671,2026-08-15,North,Credit Card
2709,481,2025-09-29,South,Credit Card
2710,733,2026-02-13,North,Credit Card
2711,660,2024-09-20,South,UPI
2712,415,2026-04-19,South,Credit Card
2713,700,2025-06-15,West,UPI
2714,528,2024-09-14,Central,Debit Card
2715,806,2024-02-18,South,Debit Card
2716,524,2024-11-12,East,UPI
2717,885,2024-08-10,Central,UPI
2718,952,2024-10-21,West,Net Banking
2719,91,2025-08-05,Central,UPI
2720,148,2025-10-13,South,Wallet
2721,191,2025-03-22,West,Credit Card
2722,389,2026-07-10,Central,Credit Card
2723,498,2025-01-19,Central,Credit Card
2724,1000,2025-09-04,North,Cash on Delivery
2725,382,2024-08-30,North,Cash on Delivery
2726,21,2025-08-19,North,Wallet
2727,362,2026-02-18,South,Credit Card
2728,311,2024-04-01,Central,UPI
2729,99,2024-03-03,North,Cash on Delivery
2730,862,2025-09-29,South,Credit Card
2731,856,2025-03-29,East,UPI
2732,511,2025-09-17,North,UPI
2733,546,2026-05-28,West,UPI
2734,586,2025-08-05,North,UPI
2735,734,2024-11-30,South,UPI
2736,220,2025-04-11,South,Debit Card
2737,667,2026-02-22,West,UPI
2738,301,2025-11-13,North,Credit Card
2739,408,2024-04-09,West,Debit Card
2740,791,2024-10-27,Central,Net Banking
2741,395,2026-05-06,South,Credit Card
2742,779,2025-06-25,West,UPI
2743,360,2026-02-20,Central,UPI
2744,424,2024-09-28,South,Net Banking
2745,888,2024-09-22,South,Credit Card
2746,766,2024-01-29,North,UPI
2747,126,2025-01-23,North,UPI
2748,253,2026-07-29,North,Credit Card
2749,560,2024-03-01,South,Credit Card
2750,97,2024-07-23,South,Cash on Delivery
2751,714,2025-09-05,West,Wallet
2752,79,2024-08-09,Central,Net Banking
2753,73,2024-05-12,South,Net Banking
2754,322,2025-12-21,South,Credit Card
2755,390,2026-05-17,South,UPI
2756,298,2025-06-10,South,Debit Card
2757,676,2025-09-06,South,Cash on Delivery
2758,228,2026-04-20,West,Credit Card
2759,430,2025-11-12,South,Debit Card
2760,466,2024-05-19,South,Credit Card
2761,789,2024-04-21,South,UPI
2762,331,2025-12-14,West,Credit Card
2763,367,2025-12-01,Central,Cash on Delivery
2764,657,2025-08-01,West,Credit Card
2765,775,2026-07-27,South,UPI
2766,668,2024-12-03,North,UPI
2767,620,2026-05-05,North,UPI
2768,379,2025-09-02,West,UPI
2769,8,2025-06-03,North,Credit Card
2770,718,2024-04-20,East,UPI
2771,1,2024-09-16,East,UPI
2772,725,2024-03-27,West,Credit Card
2773,474,2024-06-13,North,Net Banking
2774,587,2025-08-25,South,Credit Card
2775,273,2024-05-03,West,Cash on Delivery
2776,144,2026-01-19,South,Wallet
2777,220,2026-03-04,South,UPI
2778,698,2026-06-17,North,Debit Card
2779,670,2024-09-09,North,UPI
2780,627,2026-07-07,North,Debit Card
2781,59,2024-03-02,East,Debit Card
2782,676,2025-09-27,South,Debit Card
2783,232,2024-02-16,South,UPI
2784,606,2024-07-03,West,Credit Card
2785,644,2024-12-26,South,UPI
2786,532,2025-08-06,North,UPI
2787,751,2024-08-18,East,Debit Card
2788,792,2025-03-16,North,Net Banking
2789,546,2025-07-08,West,Debit Card
2790,750,2025-08-20,North,Wallet
2791,88,2024-04-14,South,UPI
2792,115,2024-10-05,Central,UPI
2793,324,2024-09-26,West,Debit Card
2794,710,2025-01-06,South,Cash on Delivery
2795,507,2025-11-12,North,Net Banking
2796,455,2026-08-10,North,Net Banking
2797,822,2026-03-11,North,Net Banking
2798,339,2024-08-29,South,Cash on Delivery
2799,609,2025-10-27,South,UPI
2800,934,2024-06-11,North,Net Banking
2801,70,2024-06-23,South,UPI
2802,77,2024-06-24,West,Debit Card
2803,789,2024-11-04,South,UPI
2804,242,2025-12-08,West,Wallet
2805,752,2024-07-20,South,Net Banking
2806,750,2025-07-23,North,Credit Card
2807,915,2026-07-11,East,UPI
2808,246,2026-05-30,South,UPI
2809,506,2024-03-19,East,UPI
2810,363,2026-03-06,South,UPI
2811,694,2026-07-01,West,Net Banking
2812,688,2026-04-04,South,Net Banking
2813,338,2024-06-13,East,Credit Card
2814,327,2025-09-03,East,UPI
2815,511,2024-08-09,North,UPI
2816,278,2026-02-28,West,Credit Card
2817,198,2024-01-14,South,Wallet
2818,768,2024-11-10,West,Credit Card
2819,686,2026-03-29,West,Credit Card
2820,841,2024-03-30,North,UPI
2821,278,2026-04-29,West,Debit Card
2822,678,2025-09-16,Central,Credit Card
2823,372,2026-03-30,North,Credit Card
2824,349,2024-12-09,South,UPI
2825,634,2024-06-17,West,Debit Card
2826,478,2026-07-03,West,UPI
2827,834,2026-01-14,North,Debit Card
2828,102,2025-10-17,South,UPI
2829,784,2025-07-20,West,UPI
2830,904,2026-02-24,North,Debit Card
2831,27,2026-01-27,North,UPI
2832,23,2026-05-25,West,Debit Card
2833,986,2025-01-04,South,Credit Card
2834,732,2024-01-08,East,Credit Card
2835,164,2024-12-16,East,Debit Card
2836,374,2024-01-31,East,Net Banking
2837,499,2026-06-20,West,Credit Card
2838,740,2024-03-07,South,Debit Card
2839,268,2025-05-17,West,UPI
2840,892,2026-02-26,South,Credit Card
2841,79,2024-12-08,Central,Credit Card
2842,357,2024-02-27,South,Net Banking
2843,495,2026-08-06,Central,Net Banking
2844,576,2024-06-17,South,Debit Card
2845,218,2026-02-13,East,Credit Card
2846,2,2025-08-06,East,Debit Card
2847,651,2024-01-01,North,Wallet
2848,501,2024-07-11,South,Net Banking
2849,499,2025-04-23,West,Debit Card
2850,139,2024-07-23,North,Credit Card
2851,18,2025-08-18,East,UPI
2852,127,2025-01-22,West,UPI
2853,661,2025-04-12,South,Wallet
2854,492,2025-10-23,South,Debit Card
2855,17,2024-12-02,East,Cash on Delivery
2856,922,2025-04-19,West,Credit Card
2857,977,2026-08-13,South,Credit Card
2858,783,2024-09-11,North,Net Banking
2859,835,2026-06-27,North,Wallet
2860,249,2026-01-24,South,Net Banking
2861,905,2025-04-27,South,Debit Card
2862,938,2026-01-18,South,Credit Card
2863,455,2024-05-08,North,Debit Card
2864,229,2024-12-26,South,Cash on Delivery
2865,567,2025-03-19,Central,UPI
2866,906,2024-06-17,Central,UPI
2867,771,2024-09-15,North,Net Banking
2868,408,2024-09-24,West,Credit Card
2869,302,2026-02-13,South,Net Banking
2870,896,2024-10-10,North,UPI
2871,129,2026-04-26,South,UPI
2872,249,2026-03-22,South,Credit Card
2873,417,2024-12-25,South,UPI
2874,797,2024-06-06,East,Net Banking
2875,5,2024-04-25,West,Debit Card
2876,708,2025-12-21,South,Debit Card
2877,482,2024-01-30,Central,Debit Card
2878,93,2025-03-24,North,Credit Card
2879,169,2025-07-05,East,Debit Card
2880,603,2026-04-17,West,Debit Card
2881,264,2024-03-05,East,UPI
2882,500,2025-03-19,East,UPI
2883,510,2024-05-06,East,Credit Card
2884,343,2026-07-04,West,UPI
2885,945,2025-12-11,East,UPI
2886,514,2026-03-17,East,UPI
2887,261,2024-04-06,South,Debit Card
2888,891,2025-09-22,South,UPI
2889,847,2025-10-08,South,Credit Card
2890,218,2025-04-19,East,Credit Card
2891,672,2026-06-08,East,UPI
2892,566,2025-03-01,West,Debit Card
2893,783,2025-07-03,North,Credit Card
2894,345,2025-07-29,East,UPI
2895,731,2025-10-08,East,UPI
2896,822,2024-03-30,North,Credit Card
2897,233,2025-06-11,South,Debit Card
2898,11,2025-01-21,East,Credit Card
2899,659,2025-06-11,West,Cash on Delivery
2900,696,2024-10-20,South,UPI
2901,116,2026-03-21,West,Credit Card
2902,248,2025-07-12,North,UPI
2903,634,2026-05-20,West,Credit Card
2904,205,2024-08-16,North,UPI
2905,678,2025-02-06,Central,Debit Card
2906,745,2025-11-28,South,Credit Card
2907,312,2024-01-07,West,Credit Card
2908,243,2024-02-22,East,Credit Card
2909,995,2024-12-28,North,Credit Card
2910,303,2024-08-08,North,UPI
2911,764,2026-03-14,South,Debit Card
2912,603,2026-02-23,West,Net Banking
2913,138,2025-03-29,East,Credit Card
2914,563,2026-06-30,East,Cash on Delivery
2915,541,2026-03-07,Central,Debit Card
2916,356,2025-12-18,South,UPI
2917,598,2024-05-24,South,UPI
2918,392,2025-08-15,West,UPI
2919,590,2024-10-21,East,Credit Card
2920,392,2025-04-04,West,UPI
2921,780,2024-09-21,North,UPI
2922,24,2024-09-02,Central,UPI
2923,573,2025-05-05,East,UPI
2924,814,2025-08-17,Central,UPI
2925,881,2024-11-01,North,Wallet
2926,116,2024-03-16,West,Net Banking
2927,858,2024-07-17,West,UPI
2928,141,2026-02-27,North,Credit Card
2929,895,2025-03-20,West,UPI
2930,297,2025-09-17,South,UPI
2931,749,2025-11-23,North,Credit Card
2932,690,2026-04-30,West,Credit Card
2933,15,2026-06-08,North,Wallet
2934,115,2024-08-27,Central,Debit Card
2935,510,2024-03-25,East,Debit Card
2936,378,2024-12-20,West,UPI
2937,732,2024-03-28,East,Credit Card
2938,350,2024-08-27,South,Net Banking
2939,504,2025-07-06,West,UPI
2940,52,2024-02-09,South,Net Banking
2941,695,2025-03-18,South,Net Banking
2942,806,2026-01-29,South,Debit Card
2943,172,2026-02-27,South,Credit Card
2944,618,2024-12-09,North,Net Banking
2945,472,2026-02-14,South,Debit Card
2946,832,2026-06-15,West,Credit Card
2947,238,2025-11-09,West,UPI
2948,591,2024-12-09,South,Credit Card
2949,65,2024-12-02,South,Net Banking
2950,196,2026-07-11,Central,Debit Card
2951,188,2025-06-17,North,Debit Card
2952,792,2026-07-21,North,UPI
2953,346,2024-08-06,South,Debit Card
2954,661,2025-06-30,South,Net Banking
2955,852,2025-05-11,South,UPI
2956,88,2024-01-16,South,Credit Card
2957,97,2024-11-20,South,UPI
2958,767,2025-08-14,South,Credit Card
2959,537,2025-07-01,North,UPI
2960,919,2026-07-19,East,UPI
2961,859,2025-11-16,West,UPI
2962,899,2025-05-22,North,Credit Card
2963,105,2025-03-26,West,Debit Card
2964,965,2024-04-12,South,Net Banking
2965,532,2026-01-24,North,Credit Card
2966,895,2025-10-05,West,Wallet
2967,370,2026-03-14,West,Net Banking
2968,23,2024-06-11,West,UPI
2969,482,2024-12-12,Central,Net Banking
2970,936,2026-08-05,East,Cash on Delivery
2971,63,2026-01-20,South,Debit Card
2972,759,2026-06-23,North,Credit Card
2973,785,2026-01-20,East,Debit Card
2974,541,2024-06-27,Central,Net Banking
2975,643,2026-07-01,East,Credit Card
2976,541,2025-09-04,Central,Net Banking
2977,23,2024-02-21,West,Debit Card
2978,324,2025-02-03,West,Debit Card
2979,576,2026-05-29,South,Net Banking
2980,871,2025-06-20,South,UPI
2981,437,2026-07-16,East,Debit Card
2982,120,2025-08-11,North,Cash on Delivery
2983,436,2024-08-23,West,Debit Card
2984,535,2024-07-16,Central,UPI
2985,123,2024-03-13,East,Wallet
2986,681,2026-03-12,West,UPI
2987,226,2026-04-20,Central,Net Banking
2988,728,2024-10-31,West,Credit Card
2989,75,2024-01-01,North,UPI
2990,885,2026-01-12,Central,Debit Card
2991,264,2024-07-22,East,UPI
2992,368,2026-02-10,East,UPI
2993,867,2026-07-24,South,UPI
2994,461,2024-06-21,East,Debit Card
2995,3,2026-06-26,South,UPI
2996,189,2026-08-14,East,Wallet
2997,512,2025-04-09,South,Credit Card
2998,838,2025-12-26,East,Debit Card
2999,206,2024-04-08,North,Debit Card
3000,833,2024-06-19,South,UPI
3001,759,2025-08-20,North,UPI
3002,168,2024-09-12,North,UPI
3003,121,2026-01-29,West,Debit Card
3004,114,2024-10-27,South,UPI
3005,702,2026-06-26,North,UPI
3006,147,2025-06-17,North,Credit Card
3007,269,2025-09-16,South,Debit Card
3008,492,2025-06-03,South,UPI
3009,170,2026-05-23,North,UPI
3010,943,2024-04-08,East,UPI
3011,772,2025-09-24,East,Credit Card
3012,92,2024-02-14,South,Debit Card
3013,374,2025-03-31,East,UPI
3014,445,2024-11-17,East,UPI
3015,896,2024-12-13,North,UPI
3016,946,2025-08-05,North,UPI
3017,196,2026-03-09,Central,Debit Card
3018,77,2024-01-02,West,UPI
3019,20,2024-11-05,North,Net Banking
3020,429,2025-11-29,East,Credit Card
3021,97,2024-06-04,South,UPI
3022,19,2024-02-04,West,Wallet
3023,720,2025-06-28,North,Debit Card
3024,300,2024-12-21,East,UPI
3025,318,2024-10-20,East,Wallet
3026,595,2026-03-12,South,Credit Card
3027,78,2025-02-19,South,UPI
3028,118,2026-06-01,North,Cash on Delivery
3029,536,2026-02-12,East,Debit Card
3030,901,2025-05-12,South,Credit Card
3031,490,2025-01-03,North,UPI
3032,158,2025-05-11,South,Credit Card
3033,756,2024-09-16,West,Credit Card
3034,753,2024-07-05,East,Net Banking
3035,509,2024-10-09,North,UPI
3036,257,2025-02-19,South,UPI
3037,379,2025-01-28,West,Debit Card
3038,504,2025-11-09,West,Debit Card
3039,835,2025-06-08,North,Net Banking
3040,308,2024-09-03,East,UPI
3041,682,2025-03-18,West,Cash on Delivery
3042,556,2024-09-18,North,UPI
3043,976,2024-07-19,South,Credit Card
3044,427,2026-01-30,North,Net Banking
3045,442,2025-10-17,North,UPI
3046,857,2025-05-21,North,Credit Card
3047,415,2026-07-07,South,Credit Card
3048,552,2024-05-20,West,Credit Card
3049,476,2024-11-10,North,UPI
3050,325,2026-03-20,East,Credit Card
3051,749,2024-06-12,North,UPI
3052,185,2024-01-28,East,Net Banking
3053,16,2024-09-24,North,Credit Card
3054,203,2024-02-04,North,Net Banking
3055,159,2024-05-25,South,Debit Card
3056,606,2026-06-20,West,UPI
3057,380,2024-09-16,South,Net Banking
3058,214,2024-12-04,East,Debit Card
3059,470,2025-10-14,West,Debit Card
3060,572,2024-06-13,East,Debit Card
3061,954,2024-09-20,East,UPI
3062,101,2024-02-24,West,Net Banking
3063,778,2026-05-02,South,Debit Card
3064,497,2024-11-15,East,Net Banking
3065,655,2024-10-13,North,UPI
3066,403,2025-06-08,North,Debit Card
3067,418,2025-11-24,North,Wallet
3068,682,2025-09-25,West,Credit Card
3069,771,2025-12-05,North,Debit Card
3070,106,2025-12-14,East,Debit Card
3071,816,2024-04-23,East,Credit Card
3072,985,2025-01-24,West,UPI
3073,777,2024-02-18,North,Debit Card
3074,126,2025-06-04,North,Debit Card
3075,880,2025-06-24,Central,Debit Card
3076,791,2024-08-20,Central,Cash on Delivery
3077,790,2024-05-02,South,UPI
3078,893,2026-01-11,South,UPI
3079,566,2024-05-19,West,UPI
3080,323,2025-01-23,South,Net Banking
3081,533,2025-10-14,West,Cash on Delivery
3082,580,2024-10-24,North,Net Banking
3083,418,2024-04-12,North,UPI
3084,954,2024-02-23,East,Cash on Delivery
3085,437,2025-03-07,East,Credit Card
3086,983,2026-04-17,South,Credit Card
3087,805,2024-06-03,South,UPI
3088,847,2026-07-17,South,Credit Card
3089,445,2024-03-15,East,Net Banking
3090,121,2025-11-25,West,Credit Card
3091,164,2025-09-23,East,Credit Card
3092,974,2025-01-19,North,UPI
3093,681,2026-06-07,West,Debit Card
3094,10,2026-07-21,North,Credit Card
3095,125,2026-03-27,Central,UPI
3096,997,2026-07-28,Central,Wallet
3097,671,2025-09-24,North,UPI
3098,604,2026-06-26,Central,Debit Card
3099,645,2024-03-20,South,UPI
3100,715,2024-08-24,South,UPI
3101,467,2025-08-16,North,Debit Card
3102,469,2024-01-09,South,UPI
3103,923,2026-01-30,South,UPI
3104,301,2024-03-03,North,Credit Card
3105,844,2025-05-30,South,UPI
3106,398,2025-01-27,North,UPI
3107,859,2025-07-02,West,Credit Card
3108,517,2025-01-25,South,UPI
3109,533,2025-07-04,West,Debit Card
3110,901,2024-04-02,South,Credit Card
3111,942,2024-02-14,South,Credit Card
3112,576,2026-04-27,South,Credit Card
3113,425,2025-06-30,West,UPI
3114,925,2025-06-10,West,Credit Card
3115,296,2026-08-06,South,UPI
3116,800,2024-05-18,South,Cash on Delivery
3117,248,2025-07-11,North,Credit Card
3118,189,2025-03-21,East,Credit Card
3119,843,2024-08-29,North,Cash on Delivery
3120,557,2025-12-31,North,UPI
3121,285,2024-08-30,West,Wallet
3122,585,2026-07-14,East,Net Banking
3123,441,2026-04-28,South,Debit Card
3124,987,2026-06-19,West,Credit Card
3125,573,2024-12-31,East,UPI
3126,292,2026-01-03,South,UPI
3127,663,2024-02-03,South,UPI
3128,925,2025-01-20,West,UPI
3129,537,2024-05-26,North,Net Banking
3130,656,2024-10-10,West,Credit Card
3131,111,2025-10-13,East,UPI
3132,907,2025-05-06,West,UPI
3133,772,2024-06-03,East,UPI
3134,641,2026-03-08,South,Debit Card
3135,354,2025-03-09,East,Wallet
3136,628,2025-07-16,South,Credit Card
3137,191,2025-10-17,West,UPI
3138,492,2025-07-25,South,Credit Card
3139,862,2025-08-28,South,Credit Card
3140,464,2024-03-04,North,Cash on Delivery
3141,151,2026-08-11,East,Wallet
3142,467,2024-02-09,North,Credit Card
3143,629,2024-11-20,Central,Net Banking
3144,518,2025-04-04,North,Net Banking
3145,37,2026-07-27,South,Cash on Delivery
3146,27,2024-09-12,North,UPI
3147,399,2026-01-30,South,UPI
3148,641,2025-06-17,South,UPI
3149,221,2025-02-23,West,Credit Card
3150,352,2024-08-18,West,Debit Card
3151,754,2026-02-17,East,Credit Card
3152,27,2025-11-14,North,Credit Card
3153,853,2025-03-23,South,UPI
3154,299,2026-02-26,West,UPI
3155,228,2026-07-26,West,Net Banking
3156,862,2025-05-26,South,Cash on Delivery
3157,950,2024-03-30,South,Credit Card
3158,8,2024-03-20,North,Credit Card
3159,793,2024-05-03,Central,Credit Card
3160,330,2024-02-01,South,Credit Card
3161,565,2024-04-24,South,UPI
3162,52,2026-02-01,South,UPI
3163,382,2026-03-14,North,Credit Card
3164,223,2024-09-02,East,Credit Card
3165,77,2025-07-01,West,Cash on Delivery
3166,802,2025-05-16,West,Net Banking
3167,437,2025-03-07,East,Debit Card
3168,232,2024-08-05,South,UPI
3169,961,2026-07-11,North,Wallet
3170,946,2026-01-31,North,UPI
3171,432,2026-01-09,South,UPI
3172,831,2024-07-12,South,Credit Card
3173,991,2024-12-11,North,Credit Card
3174,341,2026-01-22,South,UPI
3175,383,2024-06-18,West,UPI
3176,273,2025-01-30,West,Cash on Delivery
3177,893,2025-04-23,South,Cash on Delivery
3178,610,2025-01-23,East,Net Banking
3179,192,2024-02-12,South,Credit Card
3180,290,2025-08-21,South,Wallet
3181,267,2025-01-05,North,Credit Card
3182,869,2024-10-17,South,UPI
3183,942,2024-01-02,South,Debit Card
3184,566,2025-06-03,West,Credit Card
3185,746,2024-08-15,North,Credit Card
3186,229,2025-10-27,South,UPI
3187,93,2024-03-06,North,UPI
3188,718,2026-06-17,East,Wallet
3189,73,2026-07-28,South,UPI
3190,255,2025-07-23,West,Debit Card
3191,911,2025-03-31,East,Debit Card
3192,681,2025-10-13,West,Credit Card
3193,699,2024-10-10,West,Credit Card
3194,827,2025-09-30,South,Debit Card
3195,522,2025-07-09,South,Debit Card
3196,466,2025-01-30,South,Debit Card
3197,145,2026-01-23,Central,Cash on Delivery
3198,140,2024-03-17,West,Credit Card
3199,293,2026-03-02,South,UPI
3200,648,2024-07-12,East,Debit Card
3201,485,2026-07-16,West,UPI
3202,148,2024-12-02,South,Net Banking
3203,427,2026-06-30,North,Net Banking
3204,438,2024-08-06,East,Cash on Delivery
3205,196,2024-02-10,Central,Credit Card
3206,402,2025-07-29,East,Credit Card
3207,294,2024-04-27,South,UPI
3208,733,2026-01-11,North,Net Banking
3209,44,2026-07-10,South,UPI
3210,385,2025-12-20,North,Wallet
3211,771,2024-04-06,North,Debit Card
3212,676,2025-02-12,South,UPI
3213,765,2024-12-31,North,UPI
3214,80,2024-01-27,South,UPI
3215,637,2024-08-28,West,Debit Card
3216,591,2024-09-20,South,Credit Card
3217,12,2024-04-16,West,Cash on Delivery
3218,191,2025-07-11,West,Credit Card
3219,108,2024-11-15,North,UPI
3220,906,2024-11-10,Central,Credit Card
3221,330,2024-01-24,South,Credit Card
3222,685,2024-05-22,East,Credit Card
3223,515,2026-05-29,Central,Debit Card
3224,308,2025-07-26,East,UPI
3225,483,2024-04-19,South,Net Banking
3226,472,2024-10-13,South,Credit Card
3227,965,2026-07-11,South,Cash on Delivery
3228,711,2024-06-03,East,UPI
3229,402,2024-01-01,East,Net Banking
3230,784,2025-11-16,West,Credit Card
3231,830,2024-04-07,South,UPI
3232,297,2025-12-15,South,UPI
3233,593,2026-04-30,North,Wallet
3234,474,2024-01-13,North,UPI
3235,846,2024-01-22,North,Credit Card
3236,310,2024-01-26,West,UPI
3237,308,2025-12-13,East,Debit Card
3238,632,2025-08-31,South,Credit Card
3239,592,2024-01-15,North,UPI
3240,592,2024-11-22,North,Net Banking
3241,50,2024-08-11,East,UPI
3242,940,2025-09-10,South,UPI
3243,209,2026-05-22,South,Net Banking
3244,937,2026-03-02,North,Debit Card
3245,739,2026-05-02,East,Net Banking
3246,592,2026-03-12,North,Net Banking
3247,848,2025-06-15,Central,Debit Card
3248,235,2025-03-30,South,UPI
3249,694,2025-11-29,West,UPI
3250,629,2026-07-19,Central,Cash on Delivery
3251,746,2025-02-25,North,Debit Card
3252,207,2024-02-03,North,Credit Card
3253,304,2026-07-03,West,Credit Card
3254,230,2025-01-17,East,Credit Card
3255,117,2025-11-27,Central,Credit Card
3256,234,2026-03-25,South,UPI
3257,613,2025-06-08,East,UPI
3258,518,2024-04-28,North,Credit Card
3259,334,2026-06-01,East,Credit Card
3260,681,2025-08-21,West,Credit Card
3261,72,2025-07-19,Central,UPI
3262,208,2024-09-17,South,Wallet
3263,994,2024-11-29,South,Debit Card
3264,696,2024-08-06,South,Net Banking
3265,68,2024-03-28,North,Credit Card
3266,763,2025-06-30,East,UPI
3267,125,2025-11-18,Central,Credit Card
3268,390,2026-02-23,South,Cash on Delivery
3269,495,2024-04-14,Central,UPI
3270,851,2025-03-26,South,UPI
3271,211,2026-07-17,South,UPI
3272,472,2025-04-30,South,UPI
3273,505,2024-12-14,South,Debit Card
3274,20,2026-01-31,North,Credit Card
3275,886,2025-12-15,Central,Debit Card
3276,427,2025-09-11,North,Debit Card
3277,761,2025-12-26,Central,UPI
3278,524,2026-02-26,East,Credit Card
3279,550,2025-08-05,West,UPI
3280,71,2025-01-12,North,Debit Card
3281,825,2025-07-08,North,Credit Card
3282,751,2025-06-10,East,Debit Card
3283,383,2025-01-25,West,Net Banking
3284,392,2025-06-13,West,UPI
3285,658,2025-05-10,South,Wallet
3286,649,2025-01-30,East,Credit Card
3287,429,2024-11-13,East,Net Banking
3288,680,2025-10-22,North,Debit Card
3289,456,2024-03-14,South,Debit Card
3290,211,2026-01-26,South,Debit Card
3291,194,2025-04-18,West,Debit Card
3292,169,2024-08-07,East,UPI
3293,519,2025-07-01,North,Debit Card
3294,351,2024-04-08,North,Credit Card
3295,430,2025-06-08,South,UPI
3296,507,2025-09-01,North,Credit Card
3297,328,2025-11-07,East,UPI
3298,945,2026-08-02,East,Debit Card
3299,836,2026-06-01,North,UPI
3300,835,2024-11-21,North,Net Banking
3301,811,2024-02-23,East,Cash on Delivery
3302,257,2026-02-08,South,Debit Card
3303,592,2026-04-30,North,Wallet
3304,169,2026-07-30,East,UPI
3305,519,2026-08-01,North,Credit Card
3306,350,2025-09-27,South,Wallet
3307,49,2025-03-06,North,Credit Card
3308,424,2026-02-18,South,Credit Card
3309,666,2025-02-09,East,Credit Card
3310,995,2024-07-28,North,UPI
3311,657,2025-03-22,West,UPI
3312,997,2025-11-14,Central,Credit Card
3313,428,2026-06-15,South,Credit Card
3314,173,2024-09-25,West,Debit Card
3315,749,2026-08-14,North,Credit Card
3316,281,2026-04-27,South,UPI
3317,400,2026-05-17,West,Credit Card
3318,244,2024-12-09,South,Credit Card
3319,284,2025-01-06,West,Net Banking
3320,496,2025-01-03,South,UPI
3321,940,2025-11-20,South,UPI
3322,363,2025-01-31,South,UPI
3323,664,2024-05-30,East,UPI
3324,419,2025-05-16,North,Credit Card
3325,622,2024-02-08,South,Credit Card
3326,378,2025-04-05,West,Credit Card
3327,382,2025-02-21,North,Wallet
3328,327,2024-07-13,East,Cash on Delivery
3329,224,2026-03-14,South,Credit Card
3330,124,2024-04-07,East,Net Banking
3331,619,2025-12-17,North,UPI
3332,99,2025-05-20,North,Debit Card
3333,744,2026-01-10,West,Wallet
3334,761,2024-02-03,Central,Debit Card
3335,321,2026-04-12,South,Net Banking
3336,206,2025-08-08,North,UPI
3337,706,2024-06-19,South,UPI
3338,61,2025-04-12,South,Net Banking
3339,105,2024-12-06,West,Debit Card
3340,678,2024-10-17,Central,UPI
3341,887,2024-10-01,East,Cash on Delivery
3342,428,2024-01-24,South,UPI
3343,696,2024-11-19,South,Wallet
3344,718,2025-05-26,East,UPI
3345,229,2024-06-27,South,Net Banking
3346,750,2024-03-15,North,Debit Card
3347,479,2024-05-23,South,UPI
3348,796,2024-02-06,West,UPI
3349,276,2026-01-16,West,UPI
3350,585,2025-09-24,East,UPI
3351,714,2025-03-15,West,Credit Card
3352,188,2025-07-21,North,UPI
3353,747,2026-07-23,South,Cash on Delivery
3354,285,2024-05-15,West,Debit Card
3355,747,2025-07-20,South,Net Banking
3356,642,2025-08-02,East,Credit Card
3357,479,2026-07-06,South,Debit Card
3358,909,2025-06-28,South,Debit Card
3359,598,2026-08-04,South,Credit Card
3360,879,2025-05-27,North,Credit Card
3361,173,2026-04-07,West,UPI
3362,847,2024-09-24,South,Debit Card
3363,936,2026-02-10,East,UPI
3364,544,2024-06-01,East,Net Banking
3365,689,2026-05-05,East,UPI
3366,559,2025-10-22,East,Credit Card
3367,848,2024-05-01,Central,UPI
3368,37,2025-12-30,South,Wallet
3369,697,2025-02-22,North,Net Banking
3370,286,2024-03-29,North,Debit Card
3371,363,2026-08-12,South,UPI
3372,499,2024-08-19,West,Credit Card
3373,282,2024-02-17,South,Credit Card
3374,699,2025-07-01,West,UPI
3375,801,2025-07-07,East,Cash on Delivery
3376,600,2025-07-27,North,UPI
3377,519,2026-03-15,North,Credit Card
3378,486,2026-01-04,North,Credit Card
3379,214,2024-10-18,East,Debit Card
3380,546,2025-06-12,West,UPI
3381,755,2025-12-21,South,Debit Card
3382,842,2026-05-29,West,Wallet
3383,18,2024-03-15,East,UPI
3384,127,2025-08-18,West,Credit Card
3385,114,2024-09-05,South,UPI
3386,247,2024-10-20,North,UPI
3387,480,2024-01-01,Central,Credit Card
3388,994,2025-06-21,South,Credit Card
3389,720,2024-05-23,North,Debit Card
3390,871,2025-11-16,South,Debit Card
3391,375,2024-05-05,Central,Credit Card
3392,427,2024-06-21,North,UPI
3393,724,2026-03-05,East,Net Banking
3394,528,2024-01-19,Central,UPI
3395,779,2026-04-26,West,UPI
3396,921,2024-12-27,East,Debit Card
3397,777,2024-07-14,North,Credit Card
3398,79,2026-03-22,Central,Credit Card
3399,75,2024-04-03,North,UPI
3400,60,2024-01-29,South,UPI
3401,726,2026-05-24,South,Credit Card
3402,964,2024-01-09,West,Credit Card
3403,194,2024-07-26,West,UPI
3404,729,2026-02-10,North,UPI
3405,297,2024-06-23,South,Net Banking
3406,490,2026-08-02,North,Debit Card
3407,494,2026-08-15,East,Debit Card
3408,938,2024-06-13,South,Net Banking
3409,614,2024-03-24,South,UPI
3410,595,2024-06-07,South,Wallet
3411,638,2025-02-20,North,Credit Card
3412,469,2025-01-14,South,Wallet
3413,570,2024-07-30,West,UPI
3414,353,2025-04-24,West,Credit Card
3415,455,2026-03-04,North,Debit Card
3416,385,2024-07-13,North,UPI
3417,231,2024-01-05,East,Credit Card
3418,495,2024-05-06,Central,Wallet
3419,380,2024-02-14,South,Net Banking
3420,701,2025-11-29,North,Debit Card
3421,764,2025-05-06,South,UPI
3422,54,2025-07-20,West,Credit Card
3423,782,2024-02-04,South,Cash on Delivery
3424,838,2025-10-29,East,Credit Card
3425,413,2025-01-10,South,Net Banking
3426,175,2024-06-10,East,UPI
3427,54,2024-05-02,West,Cash on Delivery
3428,171,2025-07-15,South,UPI
3429,974,2025-04-21,North,UPI
3430,103,2025-12-22,South,Credit Card
3431,879,2026-05-02,North,Credit Card
3432,623,2024-09-20,South,Net Banking
3433,508,2024-11-16,East,UPI
3434,464,2024-11-05,North,Net Banking
3435,182,2025-01-18,East,Debit Card
3436,158,2025-07-05,South,Wallet
3437,516,2025-02-28,South,Credit Card
3438,953,2024-07-16,West,Credit Card
3439,210,2026-03-14,North,UPI
3440,320,2025-11-09,West,Credit Card
3441,732,2026-07-31,East,UPI
3442,131,2025-11-14,South,UPI
3443,341,2026-04-16,South,Net Banking
3444,495,2024-07-26,Central,Wallet
3445,522,2026-05-10,South,Debit Card
3446,681,2025-12-14,West,UPI
3447,19,2024-07-31,West,UPI
3448,697,2026-04-04,North,Net Banking
3449,792,2025-05-02,North,Credit Card
3450,755,2025-06-29,South,Net Banking
3451,358,2024-11-18,West,Net Banking
3452,673,2025-09-30,South,Cash on Delivery
3453,601,2026-03-18,South,UPI
3454,170,2025-08-23,North,Net Banking
3455,428,2024-01-14,South,Credit Card
3456,489,2024-09-24,North,UPI
3457,115,2025-05-27,Central,UPI
3458,840,2025-10-21,East,UPI
3459,397,2024-10-22,South,Debit Card
3460,401,2024-05-19,North,Net Banking
3461,222,2025-10-14,North,Net Banking
3462,878,2024-06-14,South,Debit Card
3463,793,2024-04-18,Central,Credit Card
3464,895,2025-04-17,West,Net Banking
3465,435,2024-04-16,South,Debit Card
3466,353,2026-08-07,West,Credit Card
3467,183,2026-04-26,West,Cash on Delivery
3468,91,2024-01-15,Central,Net Banking
3469,249,2024-08-15,South,Credit Card
3470,194,2024-05-02,West,Debit Card
3471,312,2024-03-23,West,UPI
3472,408,2025-08-23,West,UPI
3473,534,2025-05-13,West,UPI
3474,301,2024-08-19,North,Credit Card
3475,103,2025-01-15,South,Credit Card
3476,612,2024-02-23,North,UPI
3477,512,2026-06-20,South,Net Banking
3478,99,2024-01-29,North,Cash on Delivery
3479,943,2024-11-29,East,UPI
3480,846,2024-05-03,North,Cash on Delivery
3481,305,2024-07-14,North,Cash on Delivery
3482,574,2025-11-16,West,UPI
3483,712,2025-04-16,Central,UPI
3484,236,2025-04-08,South,Credit Card
3485,712,2024-08-26,Central,Credit Card
3486,618,2024-06-23,North,Net Banking
3487,114,2026-04-04,South,UPI
3488,331,2024-01-29,West,Credit Card
3489,449,2026-01-18,South,Net Banking
3490,834,2024-08-08,North,Debit Card
3491,378,2024-01-22,West,UPI
3492,609,2026-06-15,South,Debit Card
3493,876,2024-06-24,West,Cash on Delivery
3494,810,2026-08-05,South,Net Banking
3495,2,2025-10-12,East,Credit Card
3496,667,2026-04-13,West,Wallet
3497,55,2025-12-07,South,Net Banking
3498,137,2024-02-29,South,Credit Card
3499,343,2026-03-11,West,Cash on Delivery
3500,229,2024-07-13,South,UPI
3501,115,2024-01-20,Central,Credit Card
3502,180,2024-04-14,East,Credit Card
3503,127,2025-07-21,West,UPI
3504,899,2025-03-01,North,Wallet
3505,223,2024-06-12,East,UPI
3506,485,2025-08-01,West,UPI
3507,591,2024-02-05,South,Credit Card
3508,392,2025-06-02,West,Net Banking
3509,280,2024-11-04,East,Debit Card
3510,878,2025-03-15,South,UPI
3511,988,2024-01-19,West,Credit Card
3512,371,2024-02-25,West,Net Banking
3513,882,2024-07-16,West,Cash on Delivery
3514,194,2025-08-26,West,Credit Card
3515,381,2024-07-11,South,Net Banking
3516,566,2026-04-10,West,Credit Card
3517,330,2024-12-13,South,UPI
3518,509,2024-11-12,North,Net Banking
3519,881,2024-09-13,North,Debit Card
3520,291,2026-05-09,South,Wallet
3521,368,2025-02-12,East,UPI
3522,73,2025-03-16,South,UPI
3523,465,2025-07-23,South,Credit Card
3524,240,2025-06-13,West,UPI
3525,323,2026-05-11,South,Credit Card
3526,382,2025-07-27,North,UPI
3527,152,2025-06-25,East,Cash on Delivery
3528,341,2024-04-07,South,Wallet
3529,764,2025-04-30,South,Credit Card
3530,282,2024-05-26,South,Net Banking
3531,214,2025-01-05,East,UPI
3532,774,2024-11-06,North,Debit Card
3533,642,2024-08-19,East,UPI
3534,425,2025-02-27,West,UPI
3535,328,2024-12-31,East,Credit Card
3536,51,2024-09-24,West,Cash on Delivery
3537,999,2024-04-30,West,Credit Card
3538,193,2024-02-26,East,Net Banking
3539,558,2025-03-21,North,UPI
3540,275,2024-04-16,South,UPI
3541,259,2026-03-25,East,UPI
3542,19,2025-02-23,West,Credit Card
3543,315,2024-07-03,South,UPI
3544,174,2026-06-07,South,Net Banking
3545,978,2024-02-18,South,UPI
3546,652,2026-02-15,South,Net Banking
3547,340,2026-05-18,North,Credit Card
3548,829,2026-05-19,East,Net Banking
3549,47,2025-06-22,North,Debit Card
3550,825,2026-01-28,North,Credit Card
3551,411,2024-09-25,South,Net Banking
3552,936,2025-03-24,East,Debit Card
3553,907,2024-09-15,West,UPI
3554,421,2024-08-03,South,Debit Card
3555,482,2025-06-12,Central,Net Banking
3556,572,2026-04-23,East,Debit Card
3557,550,2024-12-20,West,UPI
3558,523,2024-08-21,North,Credit Card
3559,617,2024-02-04,Central,Credit Card
3560,170,2024-07-25,North,UPI
3561,281,2024-05-18,South,UPI
3562,188,2026-01-19,North,Wallet
3563,353,2024-07-14,West,Debit Card
3564,60,2024-12-11,South,Credit Card
3565,491,2025-10-29,West,Debit Card
3566,620,2025-09-18,North,Net Banking
3567,909,2025-06-05,South,UPI
3568,429,2024-07-22,East,UPI
3569,412,2024-09-11,North,Cash on Delivery
3570,241,2024-11-10,North,Debit Card
3571,946,2025-12-23,North,UPI
3572,226,2025-03-02,Central,Cash on Delivery
3573,186,2026-03-17,North,UPI
3574,620,2024-10-16,North,Credit Card
3575,65,2025-12-28,South,Debit Card
3576,171,2025-09-25,South,Credit Card
3577,64,2024-05-01,North,Credit Card
3578,362,2024-03-10,South,Wallet
3579,210,2025-10-31,North,Credit Card
3580,68,2024-02-07,North,UPI
3581,652,2025-03-23,South,Debit Card
3582,338,2024-05-04,East,Net Banking
3583,706,2025-02-01,South,UPI
3584,874,2024-06-04,West,UPI
3585,808,2025-11-06,South,Credit Card
3586,788,2025-07-25,West,UPI
3587,727,2026-01-06,West,Credit Card
3588,698,2025-04-09,North,Credit Card
3589,630,2026-03-03,West,Debit Card
3590,996,2026-08-07,East,Debit Card
3591,417,2024-05-26,South,Net Banking
3592,304,2024-01-27,West,UPI
3593,876,2025-07-30,West,Credit Card
3594,545,2025-10-16,North,Cash on Delivery
3595,72,2025-11-02,Central,Net Banking
3596,421,2025-05-25,South,UPI
3597,35,2025-09-10,West,Debit Card
3598,323,2024-03-29,South,Cash on Delivery
3599,153,2026-01-29,South,Debit Card
3600,297,2026-04-28,South,Debit Card
3601,18,2025-09-27,East,Credit Card
3602,66,2024-04-03,North,UPI
3603,969,2024-05-18,East,Net Banking
3604,272,2025-10-21,East,Credit Card
3605,766,2026-03-04,North,Cash on Delivery
3606,412,2024-03-22,North,UPI
3607,254,2024-11-16,North,Net Banking
3608,83,2025-09-23,South,UPI
3609,223,2025-09-30,East,Credit Card
3610,790,2025-10-12,South,Debit Card
3611,25,2024-06-19,South,Debit Card
3612,705,2025-05-15,East,Cash on Delivery
3613,939,2024-06-16,South,UPI
3614,854,2024-08-25,North,UPI
3615,360,2026-06-12,Central,Debit Card
3616,136,2024-10-28,North,Debit Card
3617,992,2026-05-02,East,UPI
3618,859,2025-05-20,West,UPI
3619,108,2024-05-27,North,Net Banking
3620,705,2024-11-12,East,Cash on Delivery
3621,832,2025-07-12,West,UPI
3622,952,2025-06-28,West,Credit Card
3623,196,2024-10-13,Central,UPI
3624,257,2025-02-08,South,UPI
3625,806,2024-10-17,South,Debit Card
3626,872,2026-05-12,North,UPI
3627,665,2025-06-14,North,UPI
3628,262,2026-05-27,West,Debit Card
3629,363,2025-10-30,South,UPI
3630,66,2026-03-12,North,Credit Card
3631,626,2024-06-05,South,UPI
3632,455,2024-11-14,North,Net Banking
3633,467,2025-08-25,North,UPI
3634,593,2026-05-18,North,Debit Card
3635,409,2026-02-06,West,Debit Card
3636,389,2025-06-13,Central,Debit Card
3637,155,2025-01-07,East,Cash on Delivery
3638,91,2025-11-01,Central,Credit Card
3639,571,2024-01-26,North,Credit Card
3640,739,2024-12-25,East,UPI
3641,569,2026-07-17,East,Debit Card
3642,926,2026-03-14,North,Credit Card
3643,673,2024-04-30,South,Credit Card
3644,560,2024-06-21,South,UPI
3645,198,2025-06-13,South,Credit Card
3646,834,2026-03-04,North,Net Banking
3647,772,2026-07-23,East,UPI
3648,982,2025-02-23,West,Net Banking
3649,123,2024-01-23,East,Debit Card
3650,952,2026-05-28,West,Credit Card
3651,329,2026-06-10,South,UPI
3652,670,2024-03-14,North,Debit Card
3653,278,2024-10-22,West,Credit Card
3654,368,2025-10-23,East,UPI
3655,800,2024-06-03,South,UPI
3656,369,2024-12-26,West,Cash on Delivery
3657,404,2025-01-28,South,Debit Card
3658,16,2026-05-22,North,Debit Card
3659,457,2024-07-03,West,Debit Card
3660,451,2025-10-02,South,Credit Card
3661,325,2025-08-22,East,Credit Card
3662,49,2024-10-28,North,UPI
3663,879,2025-05-03,North,Debit Card
3664,598,2024-03-27,South,Credit Card
3665,610,2025-05-12,East,Net Banking
3666,890,2024-04-29,East,Wallet
3667,291,2024-03-01,South,UPI
3668,461,2025-08-14,East,UPI
3669,623,2025-05-17,South,Net Banking
3670,613,2026-05-11,East,UPI
3671,686,2025-01-24,West,UPI
3672,342,2025-11-05,North,Cash on Delivery
3673,264,2024-11-11,East,UPI
3674,880,2025-09-25,Central,Credit Card
3675,678,2025-06-14,Central,Debit Card
3676,726,2026-03-29,South,Debit Card
3677,483,2026-04-03,South,Credit Card
3678,966,2026-04-05,West,UPI
3679,449,2026-01-20,South,Cash on Delivery
3680,989,2025-12-09,East,Debit Card
3681,186,2024-07-22,North,Wallet
3682,533,2025-01-30,West,Cash on Delivery
3683,727,2024-05-13,West,Cash on Delivery
3684,67,2024-12-29,South,Credit Card
3685,27,2026-03-27,North,UPI
3686,882,2025-05-06,West,UPI
3687,448,2024-09-01,North,Net Banking
3688,315,2024-01-01,South,UPI
3689,380,2026-05-25,South,Credit Card
3690,791,2024-01-10,Central,Cash on Delivery
3691,528,2025-03-18,Central,Debit Card
3692,504,2024-10-14,West,Credit Card
3693,945,2025-05-09,East,Credit Card
3694,688,2026-03-20,South,UPI
3695,728,2026-06-11,West,Wallet
3696,728,2025-01-30,West,Debit Card
3697,42,2024-05-14,East,Cash on Delivery
3698,230,2025-07-31,East,UPI
3699,516,2026-03-18,South,Debit Card
3700,383,2025-04-05,West,Credit Card
3701,824,2026-06-08,North,Net Banking
3702,666,2026-04-13,East,Net Banking
3703,271,2025-07-20,East,Cash on Delivery
3704,355,2024-02-19,North,UPI
3705,303,2024-09-28,North,Net Banking
3706,242,2025-06-23,West,Net Banking
3707,222,2026-06-09,North,UPI
3708,703,2025-11-19,West,Credit Card
3709,663,2026-06-24,South,Net Banking
3710,446,2024-09-28,Central,Credit Card
3711,127,2024-02-24,West,Credit Card
3712,249,2024-08-12,South,Cash on Delivery
3713,615,2024-07-24,South,Credit Card
3714,142,2026-04-26,South,Debit Card
3715,712,2024-11-06,Central,UPI
3716,742,2024-05-09,South,Credit Card
3717,916,2026-01-08,South,Debit Card
3718,760,2026-01-14,West,Credit Card
3719,875,2025-11-09,South,UPI
3720,731,2024-12-03,East,Net Banking
3721,996,2024-01-18,East,Debit Card
3722,908,2024-08-23,North,UPI
3723,510,2024-06-22,East,UPI
3724,292,2024-01-25,South,UPI
3725,354,2024-07-26,East,Credit Card
3726,62,2024-02-15,South,UPI
3727,279,2025-01-13,West,UPI
3728,95,2024-07-16,West,Debit Card
3729,435,2024-03-14,South,Net Banking
3730,693,2025-04-30,Central,UPI
3731,309,2025-07-10,East,UPI
3732,336,2026-07-23,South,UPI
3733,645,2026-07-24,South,UPI
3734,85,2024-10-02,East,Net Banking
3735,351,2026-08-01,North,Debit Card
3736,125,2026-01-16,Central,Debit Card
3737,297,2025-08-29,South,Debit Card
3738,372,2025-08-07,North,UPI
3739,917,2025-02-01,East,UPI
3740,191,2024-02-15,West,Debit Card
3741,462,2025-05-23,East,Debit Card
3742,177,2025-11-14,South,Debit Card
3743,935,2024-01-31,North,UPI
3744,865,2024-11-15,Central,Debit Card
3745,584,2026-07-08,South,Credit Card
3746,71,2025-05-13,North,Credit Card
3747,434,2026-07-27,North,Debit Card
3748,563,2024-05-18,East,UPI
3749,250,2025-07-09,West,UPI
3750,658,2026-06-18,South,Debit Card
3751,910,2024-06-18,North,Wallet
3752,724,2024-05-06,East,Debit Card
3753,518,2025-07-22,North,UPI
3754,496,2024-12-30,South,Cash on Delivery
3755,364,2024-01-23,West,UPI
3756,719,2024-10-26,South,UPI
3757,773,2025-07-10,South,Debit Card
3758,952,2026-01-15,West,Debit Card
3759,375,2024-11-05,Central,Credit Card
3760,332,2025-09-05,East,Cash on Delivery
3761,1,2024-12-26,East,Cash on Delivery
3762,918,2026-05-04,South,UPI
3763,299,2025-11-21,West,Debit Card
3764,562,2025-11-25,South,UPI
3765,617,2024-11-16,Central,Net Banking
3766,882,2024-12-24,West,UPI
3767,425,2025-02-13,West,UPI
3768,380,2024-10-31,South,Debit Card
3769,252,2024-04-21,East,Debit Card
3770,846,2026-03-20,North,Credit Card
3771,543,2025-09-06,South,UPI
3772,496,2024-07-02,South,UPI
3773,999,2024-03-24,West,UPI
3774,240,2024-04-19,West,Credit Card
3775,192,2025-07-27,South,UPI
3776,921,2026-03-13,East,Net Banking
3777,232,2024-09-25,South,UPI
3778,749,2024-09-08,North,UPI
3779,101,2024-09-06,West,UPI
3780,328,2026-04-16,East,Credit Card
3781,43,2024-01-11,South,Credit Card
3782,838,2026-07-29,East,Cash on Delivery
3783,712,2024-11-07,Central,UPI
3784,290,2024-08-09,South,Credit Card
3785,619,2024-07-08,North,Net Banking
3786,746,2024-10-19,North,UPI
3787,993,2026-03-09,South,UPI
3788,670,2026-03-28,North,Credit Card
3789,638,2024-06-12,North,Cash on Delivery
3790,768,2026-02-21,West,Wallet
3791,748,2024-08-21,South,Debit Card
3792,963,2026-02-06,West,Cash on Delivery
3793,569,2024-11-15,East,Credit Card
3794,404,2026-02-12,South,Debit Card
3795,641,2025-10-27,South,Debit Card
3796,634,2025-06-11,West,UPI
3797,923,2026-07-01,South,Credit Card
3798,55,2024-02-04,South,UPI
3799,45,2026-03-10,East,Credit Card
3800,260,2025-02-10,North,Net Banking
3801,532,2025-01-08,North,Debit Card
3802,621,2026-07-10,South,Credit Card
3803,894,2025-09-18,East,UPI
3804,76,2024-05-23,East,UPI
3805,751,2024-07-22,East,Net Banking
3806,374,2025-02-12,East,UPI
3807,693,2026-02-10,Central,Debit Card
3808,404,2025-01-02,South,Debit Card
3809,797,2025-10-25,East,UPI
3810,2,2025-03-14,East,Credit Card
3811,27,2025-07-04,North,Net Banking
3812,664,2025-04-11,East,UPI
3813,868,2024-10-19,West,Net Banking
3814,736,2025-03-29,South,UPI
3815,839,2025-11-16,West,UPI
3816,836,2024-03-14,North,Net Banking
3817,504,2025-08-17,West,Debit Card
3818,39,2025-01-01,West,UPI
3819,716,2024-09-25,North,UPI
3820,465,2024-02-25,South,UPI
3821,287,2026-06-14,North,Credit Card
3822,773,2026-07-15,South,Debit Card
3823,791,2024-05-15,Central,UPI
3824,66,2025-12-21,North,Debit Card
3825,56,2024-04-26,North,Debit Card
3826,29,2024-06-21,West,Net Banking
3827,816,2025-02-21,East,Credit Card
3828,213,2024-03-24,South,UPI
3829,660,2025-02-07,South,Debit Card
3830,656,2024-04-10,West,Net Banking
3831,757,2024-03-08,North,Credit Card
3832,611,2024-05-26,North,UPI
3833,100,2024-02-07,West,UPI
3834,438,2025-03-28,East,Credit Card
3835,232,2026-02-11,South,UPI
3836,389,2025-08-26,Central,UPI
3837,80,2024-06-11,South,UPI
3838,184,2025-03-10,South,UPI
3839,993,2024-06-04,South,Cash on Delivery
3840,318,2025-09-26,East,UPI
3841,214,2024-12-22,East,Net Banking
3842,610,2024-11-15,East,Credit Card
3843,214,2024-09-21,East,Debit Card
3844,845,2024-03-12,East,Debit Card
3845,585,2024-03-22,East,Net Banking
3846,649,2024-05-07,East,Net Banking
3847,280,2024-07-08,East,Wallet
3848,757,2025-10-08,North,Cash on Delivery
3849,86,2024-04-07,North,UPI
3850,269,2024-07-23,South,Credit Card
3851,663,2026-04-13,South,UPI
3852,965,2026-07-03,South,Credit Card
3853,502,2025-10-02,Central,Wallet
3854,700,2024-08-30,West,UPI
3855,256,2025-09-14,Central,UPI
3856,567,2024-11-19,Central,Cash on Delivery
3857,374,2024-10-23,East,Credit Card
3858,869,2025-10-03,South,Debit Card
3859,632,2024-06-21,South,UPI
3860,497,2025-11-23,East,Wallet
3861,980,2024-02-12,West,Credit Card
3862,965,2025-12-07,South,Cash on Delivery
3863,546,2024-03-30,West,UPI
3864,70,2024-08-09,South,Net Banking
3865,543,2025-02-14,South,Credit Card
3866,121,2026-03-27,West,Debit Card
3867,543,2026-02-01,South,Cash on Delivery
3868,865,2024-10-12,Central,Credit Card
3869,235,2025-05-17,South,Net Banking
3870,128,2026-01-29,North,Debit Card
3871,931,2026-07-16,South,Credit Card
3872,360,2025-06-23,Central,UPI
3873,697,2024-03-12,North,Credit Card
3874,181,2025-06-22,South,UPI
3875,464,2024-07-23,North,Credit Card
3876,807,2025-06-12,East,UPI
3877,449,2024-04-18,South,Credit Card
3878,406,2024-12-06,North,UPI
3879,169,2024-06-22,East,Cash on Delivery
3880,992,2024-05-17,East,UPI
3881,176,2026-03-23,West,UPI
3882,583,2026-07-19,West,Debit Card
3883,673,2025-02-08,South,Wallet
3884,957,2026-02-20,South,UPI
3885,632,2025-02-22,South,UPI
3886,311,2024-07-01,Central,UPI
3887,429,2026-03-02,East,UPI
3888,790,2025-06-22,South,Credit Card
3889,131,2024-02-16,South,Cash on Delivery
3890,244,2025-09-12,South,Credit Card
3891,955,2024-06-16,North,Credit Card
3892,652,2025-06-01,South,Net Banking
3893,269,2026-02-28,South,Wallet
3894,862,2025-12-15,South,Debit Card
3895,470,2024-11-12,West,Credit Card
3896,483,2025-05-02,South,UPI
3897,431,2026-04-15,East,UPI
3898,496,2024-08-12,South,UPI
3899,763,2026-04-28,East,Wallet
3900,365,2025-02-13,West,UPI
3901,856,2025-04-02,East,Credit Card
3902,332,2024-06-09,East,Net Banking
3903,927,2024-10-22,South,Wallet
3904,812,2025-05-07,West,Net Banking
3905,382,2025-06-14,North,Cash on Delivery
3906,259,2025-05-05,East,Credit Card
3907,479,2025-05-05,South,UPI
3908,911,2025-09-02,East,Cash on Delivery
3909,634,2024-04-13,West,Debit Card
3910,270,2024-08-08,South,Cash on Delivery
3911,189,2025-01-27,East,Debit Card
3912,697,2025-12-10,North,Credit Card
3913,545,2026-06-03,North,Credit Card
3914,789,2025-03-22,South,Wallet
3915,765,2026-05-05,North,Credit Card
3916,818,2025-06-21,North,Debit Card
3917,46,2026-04-16,Central,Credit Card
3918,244,2024-06-24,South,Credit Card
3919,850,2024-08-07,West,UPI
3920,936,2026-03-16,East,Cash on Delivery
3921,485,2025-12-19,West,Credit Card
3922,555,2026-05-06,North,UPI
3923,553,2025-12-14,East,Debit Card
3924,91,2025-09-14,Central,Debit Card
3925,346,2026-01-21,South,UPI
3926,170,2025-10-29,North,UPI
3927,602,2025-12-27,West,Debit Card
3928,900,2024-08-07,North,Debit Card
3929,759,2025-01-10,North,Credit Card
3930,72,2026-06-11,Central,Debit Card
3931,913,2025-03-25,East,Credit Card
3932,142,2026-07-13,South,UPI
3933,831,2026-04-20,South,Net Banking
3934,330,2024-05-29,South,Cash on Delivery
3935,268,2025-12-06,West,Debit Card
3936,251,2024-08-15,South,Debit Card
3937,51,2024-07-15,West,Debit Card
3938,921,2026-03-03,East,Debit Card
3939,750,2025-11-25,North,UPI
3940,517,2026-03-12,South,UPI
3941,124,2024-09-20,East,UPI
3942,594,2024-10-29,East,Wallet
3943,774,2026-07-02,North,Credit Card
3944,464,2026-05-25,North,Credit Card
3945,704,2026-05-02,East,UPI
3946,666,2025-09-07,East,UPI
3947,94,2026-06-01,West,Net Banking
3948,630,2025-05-15,West,Wallet
3949,691,2024-05-12,West,Wallet
3950,192,2026-04-13,South,Debit Card
3951,259,2026-05-27,East,Credit Card
3952,503,2026-02-03,North,Credit Card
3953,995,2025-02-28,North,Cash on Delivery
3954,675,2024-02-21,North,Debit Card
3955,694,2026-08-11,West,UPI
3956,595,2024-06-27,South,UPI
3957,462,2025-12-17,East,Credit Card
3958,501,2025-10-23,South,Net Banking
3959,989,2026-03-21,East,UPI
3960,823,2024-04-10,North,UPI
3961,469,2025-01-12,South,Debit Card
3962,640,2024-09-05,South,Debit Card
3963,179,2024-07-09,East,Debit Card
3964,906,2024-03-07,Central,Net Banking
3965,688,2025-10-16,South,Net Banking
3966,150,2026-04-16,West,Credit Card
3967,786,2025-03-09,West,UPI
3968,405,2024-12-06,North,UPI
3969,223,2024-12-07,East,Debit Card
3970,736,2024-02-09,South,UPI
3971,581,2024-10-05,South,UPI
3972,972,2024-12-09,East,Debit Card
3973,658,2026-03-03,South,Debit Card
3974,213,2026-02-02,South,Credit Card
3975,167,2024-05-22,East,UPI
3976,417,2025-01-07,South,Credit Card
3977,243,2024-11-29,East,UPI
3978,536,2025-10-01,East,Cash on Delivery
3979,282,2024-11-19,South,UPI
3980,384,2024-02-12,South,Credit Card
3981,65,2025-05-20,South,UPI
3982,717,2025-06-12,East,Net Banking
3983,192,2025-02-14,South,Credit Card
3984,475,2025-03-29,North,Debit Card
3985,482,2024-03-11,Central,Net Banking
3986,844,2025-08-06,South,Credit Card
3987,378,2024-08-28,West,Debit Card
3988,917,2025-08-20,East,Credit Card
3989,168,2025-06-29,North,UPI
3990,118,2024-01-08,North,UPI
3991,518,2024-03-18,North,Cash on Delivery
3992,350,2024-04-13,South,Cash on Delivery
3993,243,2024-06-22,East,Wallet
3994,510,2024-07-15,East,Credit Card
3995,726,2024-08-04,South,Debit Card
3996,265,2025-05-20,North,Debit Card
3997,649,2025-08-21,East,Credit Card
3998,722,2025-10-10,South,Debit Card
3999,557,2026-02-11,North,UPI
4000,633,2025-09-11,South,Debit Card
4001,632,2024-05-10,South,UPI
4002,350,2025-03-06,South,UPI
4003,196,2026-02-13,Central,UPI
4004,85,2025-12-29,East,Credit Card
4005,958,2024-02-22,South,UPI
4006,391,2026-05-18,West,UPI
4007,363,2026-06-14,South,Debit Card
4008,268,2024-05-05,West,Debit Card
4009,983,2024-04-20,South,Credit Card
4010,759,2025-10-14,North,Credit Card
4011,590,2024-02-02,East,Debit Card
4012,401,2025-02-08,North,Cash on Delivery
4013,988,2024-01-24,West,UPI
4014,639,2024-07-07,West,UPI
4015,66,2026-01-14,North,Wallet
4016,328,2024-09-17,East,UPI
4017,312,2025-04-08,West,UPI
4018,755,2024-11-18,South,Net Banking
4019,256,2025-12-27,Central,Credit Card
4020,370,2026-05-23,West,Net Banking
4021,445,2024-10-29,East,UPI
4022,977,2025-01-30,South,Debit Card
4023,375,2025-10-20,Central,Credit Card
4024,223,2025-06-01,East,Net Banking
4025,554,2025-05-13,South,UPI
4026,372,2025-09-04,North,UPI
4027,593,2025-02-20,North,Net Banking
4028,480,2026-03-03,Central,UPI
4029,424,2024-07-13,South,UPI
4030,616,2024-05-26,East,UPI
4031,832,2026-07-24,West,Credit Card
4032,384,2025-03-06,South,Net Banking
4033,818,2024-06-13,North,Wallet
4034,233,2026-07-22,South,UPI
4035,761,2026-06-14,Central,Credit Card
4036,409,2025-04-13,West,Net Banking
4037,932,2024-07-29,East,UPI
4038,460,2025-11-09,South,UPI
4039,894,2024-02-05,East,Credit Card
4040,445,2026-07-22,East,UPI
4041,944,2024-03-30,North,Debit Card
4042,467,2024-01-07,North,UPI
4043,274,2025-12-07,North,Net Banking
4044,469,2024-10-14,South,Net Banking
4045,241,2026-07-27,North,UPI
4046,618,2025-01-06,North,UPI
4047,371,2025-09-12,West,Credit Card
4048,865,2024-08-26,Central,Credit Card
4049,807,2024-07-23,East,Credit Card
4050,885,2026-03-17,Central,Debit Card
4051,553,2025-04-08,East,Credit Card
4052,177,2024-10-05,South,Credit Card
4053,503,2025-12-16,North,Debit Card
4054,921,2024-10-23,East,Credit Card
4055,505,2024-08-07,South,UPI
4056,409,2025-01-22,West,Debit Card
4057,750,2026-05-20,North,UPI
4058,293,2025-04-17,South,UPI
4059,919,2024-11-05,East,Cash on Delivery
4060,904,2026-07-10,North,Cash on Delivery
4061,191,2025-08-26,West,UPI
4062,714,2025-09-29,West,Debit Card
4063,22,2024-06-25,South,UPI
4064,137,2025-11-28,South,UPI
4065,914,2025-08-01,West,Debit Card
4066,36,2025-06-06,North,Credit Card
4067,759,2024-02-26,North,Credit Card
4068,960,2025-02-26,East,Credit Card
4069,225,2026-07-21,East,Credit Card
4070,828,2025-06-22,East,UPI
4071,443,2024-08-05,South,UPI
4072,390,2024-02-26,South,Credit Card
4073,408,2025-01-13,West,UPI
4074,569,2024-08-20,East,Credit Card
4075,475,2024-03-07,North,Credit Card
4076,573,2025-02-24,East,Debit Card
4077,794,2024-05-23,North,Debit Card
4078,388,2025-09-19,West,UPI
4079,837,2024-10-28,East,Net Banking
4080,59,2024-10-23,East,UPI
4081,285,2024-12-29,West,UPI
4082,10,2025-07-24,North,Net Banking
4083,628,2025-07-10,South,UPI
4084,956,2026-06-02,North,Credit Card
4085,18,2026-01-28,East,Credit Card
4086,594,2025-02-13,East,UPI
4087,424,2025-11-19,South,Debit Card
4088,982,2025-02-23,West,Net Banking
4089,599,2025-08-25,South,Debit Card
4090,870,2026-01-04,North,Credit Card
4091,826,2026-08-04,South,UPI
4092,654,2026-02-13,West,Net Banking
4093,104,2024-10-20,Central,Wallet
4094,332,2024-12-28,East,Credit Card
4095,378,2024-11-03,West,UPI
4096,320,2026-08-12,West,UPI
4097,738,2026-03-22,South,Credit Card
4098,915,2024-12-12,East,Credit Card
4099,752,2025-08-26,South,UPI
4100,936,2024-02-10,East,Debit Card
4101,177,2024-06-26,South,Net Banking
4102,84,2026-03-01,South,UPI
4103,243,2026-07-24,East,UPI
4104,955,2025-04-17,North,Credit Card
4105,890,2025-01-23,East,Credit Card
4106,268,2026-03-13,West,Debit Card
4107,597,2025-11-10,North,UPI
4108,520,2025-07-13,North,Debit Card
4109,799,2025-03-25,Central,Credit Card
4110,999,2025-12-15,West,Debit Card
4111,191,2024-06-07,West,UPI
4112,162,2026-04-01,South,Net Banking
4113,887,2025-07-01,East,Net Banking
4114,735,2024-06-11,West,UPI
4115,623,2025-11-17,South,UPI
4116,577,2026-03-04,North,UPI
4117,538,2024-11-12,West,Debit Card
4118,619,2025-08-01,North,Cash on Delivery
4119,270,2024-12-10,South,UPI
4120,149,2024-02-21,South,Debit Card
4121,678,2024-05-17,Central,Credit Card
4122,658,2025-01-01,South,Credit Card
4123,946,2025-12-29,North,Credit Card
4124,819,2025-10-24,South,Credit Card
4125,853,2025-10-02,South,UPI
4126,858,2025-12-29,West,Debit Card
4127,516,2026-02-12,South,Wallet
4128,928,2025-12-31,East,UPI
4129,164,2025-05-26,East,Credit Card
4130,849,2025-06-02,South,Cash on Delivery
4131,571,2024-08-15,North,UPI
4132,523,2026-08-08,North,Net Banking
4133,688,2025-10-03,South,UPI
4134,10,2025-10-13,North,UPI
4135,67,2024-05-05,South,Credit Card
4136,28,2026-01-31,West,Net Banking
4137,584,2024-05-09,South,UPI
4138,187,2024-03-07,North,Debit Card
4139,949,2026-02-13,West,UPI
4140,69,2024-02-16,North,UPI
4141,327,2024-12-03,East,UPI
4142,528,2025-05-24,Central,UPI
4143,606,2024-04-09,West,UPI
4144,206,2024-03-16,North,Credit Card
4145,873,2025-12-23,South,UPI
4146,786,2026-05-09,West,UPI
4147,899,2026-01-20,North,UPI
4148,482,2025-11-18,Central,Net Banking
4149,563,2025-10-27,East,Debit Card
4150,231,2025-05-17,East,UPI
4151,917,2025-01-06,East,UPI
4152,970,2024-01-17,North,Debit Card
4153,212,2025-06-04,South,UPI
4154,748,2025-02-09,South,UPI
4155,307,2024-07-11,South,Credit Card
4156,486,2026-04-27,North,UPI
4157,487,2024-03-30,East,Debit Card
4158,760,2025-06-23,West,Debit Card
4159,740,2026-03-01,South,Net Banking
4160,631,2026-08-05,West,UPI
4161,827,2025-09-13,South,UPI
4162,212,2026-04-29,South,Debit Card
4163,61,2025-08-23,South,Credit Card
4164,280,2026-06-05,East,Credit Card
4165,215,2025-12-08,South,Credit Card
4166,1000,2024-05-08,North,UPI
4167,688,2025-04-01,South,UPI
4168,583,2024-02-15,West,UPI
4169,176,2025-01-05,West,Cash on Delivery
4170,368,2024-08-29,East,Credit Card
4171,166,2026-02-15,South,Debit Card
4172,831,2026-01-06,South,Cash on Delivery
4173,628,2025-01-18,South,UPI
4174,285,2024-01-25,West,Wallet
4175,357,2026-03-28,South,Credit Card
4176,635,2024-01-30,South,Credit Card
4177,125,2024-08-02,Central,Debit Card
4178,554,2025-10-22,South,Wallet
4179,466,2025-12-10,South,Credit Card
4180,290,2026-04-05,South,Debit Card
4181,795,2025-12-03,North,Net Banking
4182,528,2024-10-28,Central,UPI
4183,725,2026-04-04,West,UPI
4184,412,2024-06-21,North,Debit Card
4185,867,2025-05-22,South,Credit Card
4186,255,2024-01-01,West,Credit Card
4187,478,2025-08-14,West,UPI
4188,203,2024-02-02,North,Debit Card
4189,382,2025-07-12,North,UPI
4190,364,2024-01-18,West,UPI
4191,281,2026-08-15,South,UPI
4192,1,2025-11-30,East,Wallet
4193,208,2025-03-02,South,UPI
4194,185,2026-02-17,East,Net Banking
4195,136,2025-06-10,North,Net Banking
4196,434,2025-07-28,North,UPI
4197,495,2024-01-16,Central,UPI
4198,290,2026-03-23,South,Credit Card
4199,215,2024-05-19,South,Wallet
4200,924,2024-10-09,North,Credit Card
4201,655,2026-06-01,North,Net Banking
4202,537,2024-04-12,North,UPI
4203,440,2025-11-24,North,Debit Card
4204,471,2024-06-20,North,Cash on Delivery
4205,564,2025-10-30,West,Net Banking
4206,477,2024-06-05,North,Debit Card
4207,710,2024-08-02,South,Credit Card
4208,43,2025-02-13,South,Debit Card
4209,412,2025-09-26,North,Net Banking
4210,686,2024-12-07,West,Net Banking
4211,481,2025-08-21,South,UPI
4212,625,2026-05-31,South,Wallet
4213,305,2024-10-28,North,UPI
4214,316,2025-08-10,West,UPI
4215,835,2024-08-17,North,Debit Card
4216,623,2024-02-26,South,UPI
4217,542,2024-11-20,North,Net Banking
4218,951,2025-12-31,West,Net Banking
4219,718,2025-06-13,East,Credit Card
4220,334,2026-03-20,East,Net Banking
4221,316,2024-09-07,West,Net Banking
4222,602,2025-09-02,West,Debit Card
4223,126,2024-05-09,North,Credit Card
4224,706,2025-08-17,South,Debit Card
4225,831,2025-10-28,South,Credit Card
4226,510,2025-05-23,East,Debit Card
4227,369,2024-02-11,West,Debit Card
4228,50,2025-04-05,East,UPI
4229,693,2025-10-28,Central,UPI
4230,54,2025-04-16,West,UPI
4231,786,2024-11-30,West,UPI
4232,152,2024-10-29,East,UPI
4233,898,2024-09-20,South,Cash on Delivery
4234,276,2026-05-10,West,UPI
4235,555,2025-05-28,North,Debit Card
4236,908,2025-01-09,North,UPI
4237,794,2024-11-10,North,Credit Card
4238,61,2025-01-24,South,UPI
4239,662,2026-08-13,South,Debit Card
4240,172,2026-06-23,South,UPI
4241,872,2024-08-17,North,Debit Card
4242,451,2025-04-14,South,Credit Card
4243,94,2025-03-29,West,Net Banking
4244,249,2024-03-31,South,UPI
4245,357,2026-02-22,South,Cash on Delivery
4246,797,2026-07-05,East,Debit Card
4247,385,2024-01-17,North,Credit Card
4248,229,2025-08-31,South,Credit Card
4249,520,2025-12-21,North,Cash on Delivery
4250,698,2026-03-26,North,Credit Card
4251,108,2024-07-21,North,Net Banking
4252,352,2026-07-20,West,Net Banking
4253,352,2024-08-10,West,Credit Card
4254,298,2024-08-17,South,Debit Card
4255,445,2024-07-07,East,UPI
4256,165,2025-06-09,South,Net Banking
4257,644,2024-10-15,South,Credit Card
4258,291,2026-08-10,South,Credit Card
4259,699,2024-12-27,West,Cash on Delivery
4260,689,2026-07-19,East,UPI
4261,459,2025-05-01,North,Credit Card
4262,808,2024-08-12,South,UPI
4263,416,2024-07-09,North,Credit Card
4264,750,2026-05-10,North,Net Banking
4265,480,2024-11-14,Central,Debit Card
4266,378,2025-04-12,West,Credit Card
4267,134,2025-09-22,East,UPI
4268,650,2026-06-12,West,Debit Card
4269,380,2024-12-03,South,Credit Card
4270,36,2024-08-12,North,Net Banking
4271,605,2025-07-16,Central,Net Banking
4272,884,2025-08-18,West,Net Banking
4273,680,2024-08-29,North,Net Banking
4274,197,2025-12-24,Central,UPI
4275,920,2025-08-22,South,Debit Card
4276,632,2026-01-24,South,Credit Card
4277,361,2025-03-16,East,UPI
4278,465,2024-03-27,South,Cash on Delivery
4279,830,2024-03-27,South,Wallet
4280,884,2026-06-02,West,UPI
4281,149,2024-06-23,South,Credit Card
4282,469,2025-04-15,South,Cash on Delivery
4283,487,2026-03-29,East,UPI
4284,162,2025-06-24,South,Net Banking
4285,224,2024-02-22,South,Wallet
4286,975,2025-12-06,East,UPI
4287,401,2026-07-11,North,Debit Card
4288,343,2026-03-01,West,UPI
4289,884,2025-06-13,West,Debit Card
4290,14,2024-05-06,South,Net Banking
4291,376,2026-01-11,East,UPI
4292,257,2025-01-10,South,UPI
4293,323,2024-10-14,South,UPI
4294,6,2025-07-29,North,UPI
4295,640,2026-06-23,South,Debit Card
4296,897,2026-07-29,East,UPI
4297,837,2026-03-04,East,Credit Card
4298,102,2025-11-18,South,Credit Card
4299,42,2026-01-02,East,UPI
4300,46,2024-06-22,Central,Credit Card
4301,399,2025-05-28,South,Net Banking
4302,963,2024-03-27,West,Debit Card
4303,843,2025-11-29,North,Credit Card
4304,166,2025-09-18,South,Credit Card
4305,466,2024-01-03,South,Credit Card
4306,269,2025-09-29,South,Credit Card
4307,217,2024-04-14,South,Credit Card
4308,423,2025-06-10,South,UPI
4309,848,2025-02-12,Central,Credit Card
4310,184,2025-11-03,South,Credit Card
4311,603,2026-02-02,West,UPI
4312,178,2025-09-16,North,Cash on Delivery
4313,584,2024-05-26,South,Debit Card
4314,870,2026-06-30,North,Debit Card
4315,57,2025-06-02,West,Credit Card
4316,530,2024-01-31,South,Debit Card
4317,477,2024-11-15,North,UPI
4318,871,2026-07-11,South,Net Banking
4319,904,2024-01-12,North,UPI
4320,887,2025-02-21,East,Debit Card
4321,263,2026-01-11,East,UPI
4322,345,2024-06-22,East,Credit Card
4323,959,2024-05-29,West,UPI
4324,786,2025-02-10,West,Credit Card
4325,817,2024-11-23,North,UPI
4326,664,2025-06-21,East,Debit Card
4327,117,2025-06-13,Central,Credit Card
4328,39,2025-06-25,West,UPI
4329,469,2024-10-11,South,Debit Card
4330,736,2024-06-15,South,UPI
4331,945,2024-11-04,East,Debit Card
4332,268,2024-01-12,West,Net Banking
4333,683,2026-08-06,West,Debit Card
4334,305,2025-03-09,North,Net Banking
4335,408,2025-11-13,West,UPI
4336,705,2024-07-05,East,UPI
4337,679,2026-05-25,West,Credit Card
4338,768,2025-01-31,West,UPI
4339,838,2024-03-16,East,Net Banking
4340,951,2026-06-22,West,UPI
4341,638,2025-05-23,North,UPI
4342,244,2025-10-01,South,UPI
4343,997,2025-04-15,Central,Debit Card
4344,584,2024-07-13,South,Wallet
4345,283,2025-07-05,South,Debit Card
4346,29,2024-10-08,West,UPI
4347,85,2024-10-27,East,Credit Card
4348,582,2026-05-13,North,Cash on Delivery
4349,762,2025-12-30,West,Credit Card
4350,196,2026-04-02,Central,UPI
4351,802,2026-04-07,West,UPI
4352,82,2024-08-09,South,UPI
4353,483,2025-04-07,South,Debit Card
4354,1000,2026-05-13,North,UPI
4355,851,2024-12-03,South,UPI
4356,835,2026-02-07,North,Debit Card
4357,953,2024-09-13,West,Debit Card
4358,574,2025-05-27,West,Credit Card
4359,492,2025-09-11,South,Cash on Delivery
4360,380,2026-01-09,South,UPI
4361,94,2026-01-25,West,UPI
4362,725,2026-04-26,West,UPI
4363,182,2025-01-11,East,UPI
4364,668,2024-11-13,North,Net Banking
4365,37,2025-06-04,South,UPI
4366,702,2026-07-03,North,UPI
4367,792,2024-02-03,North,Credit Card
4368,861,2025-06-30,West,Credit Card
4369,652,2025-10-25,South,UPI
4370,371,2026-04-26,West,Debit Card
4371,954,2025-12-01,East,Cash on Delivery
4372,391,2024-03-27,West,Credit Card
4373,156,2024-03-26,West,UPI
4374,211,2026-03-12,South,Credit Card
4375,809,2026-02-14,West,Credit Card
4376,562,2025-01-06,South,Credit Card
4377,526,2026-04-17,South,Debit Card
4378,794,2024-07-25,North,Cash on Delivery
4379,11,2026-02-02,East,Credit Card
4380,641,2024-07-27,South,Cash on Delivery
4381,52,2026-08-11,South,Net Banking
4382,764,2025-01-04,South,Debit Card
4383,449,2026-06-20,South,UPI
4384,137,2026-03-27,South,Debit Card
4385,297,2024-02-17,South,Debit Card
4386,916,2024-07-07,South,UPI
4387,793,2025-06-25,Central,Net Banking
4388,124,2025-09-06,East,UPI
4389,885,2026-05-13,Central,UPI
4390,162,2024-05-01,South,Credit Card
4391,649,2025-01-14,East,Cash on Delivery
4392,111,2024-04-05,East,Wallet
4393,255,2025-07-31,West,Cash on Delivery
4394,545,2024-04-25,North,UPI
4395,855,2025-01-06,West,Cash on Delivery
4396,140,2025-07-10,West,Debit Card
4397,580,2025-05-08,North,UPI
4398,557,2026-08-02,North,Wallet
4399,370,2025-11-21,West,Cash on Delivery
4400,412,2025-03-28,North,Wallet
4401,335,2024-05-26,West,Net Banking
4402,531,2026-02-24,South,Credit Card
4403,731,2026-02-06,East,Debit Card
4404,688,2025-09-18,South,Debit Card
4405,25,2025-11-02,South,Credit Card
4406,898,2026-07-16,South,UPI
4407,465,2026-05-27,South,UPI
4408,695,2026-06-24,South,UPI
4409,366,2024-07-25,West,UPI
4410,200,2025-03-22,North,Credit Card
4411,998,2024-09-30,North,Net Banking
4412,486,2026-03-27,North,Credit Card
4413,944,2026-06-06,North,Credit Card
4414,189,2024-07-08,East,Debit Card
4415,230,2024-11-27,East,Credit Card
4416,969,2025-08-26,East,UPI
4417,186,2024-02-27,North,Credit Card
4418,181,2025-03-09,South,UPI
4419,423,2026-03-10,South,Credit Card
4420,258,2025-11-12,South,Debit Card
4421,728,2025-05-12,West,Cash on Delivery
4422,163,2024-09-24,North,UPI
4423,969,2026-07-28,East,UPI
4424,722,2026-07-04,South,Debit Card
4425,453,2026-04-22,North,Wallet
4426,151,2025-06-30,East,Credit Card
4427,998,2025-07-24,North,Debit Card
4428,875,2025-04-18,South,Credit Card
4429,541,2025-08-30,Central,UPI
4430,983,2026-03-01,South,UPI
4431,136,2025-08-03,North,UPI
4432,191,2025-08-27,West,UPI
4433,809,2025-12-17,West,Credit Card
4434,164,2024-03-31,East,Net Banking
4435,66,2024-12-25,North,UPI
4436,925,2024-10-05,West,Cash on Delivery
4437,777,2024-03-01,North,Net Banking
4438,853,2024-10-11,South,Debit Card
4439,65,2026-01-12,South,Cash on Delivery
4440,158,2024-08-17,South,Debit Card
4441,887,2026-07-15,East,Credit Card
4442,531,2026-04-16,South,Debit Card
4443,383,2025-01-03,West,Credit Card
4444,765,2024-06-05,North,Debit Card
4445,115,2026-06-21,Central,UPI
4446,265,2024-07-01,North,UPI
4447,665,2024-03-09,North,UPI
4448,944,2024-11-14,North,UPI
4449,215,2024-09-12,South,Credit Card
4450,624,2025-03-02,West,UPI
4451,385,2024-04-09,North,UPI
4452,578,2024-10-05,West,Wallet
4453,161,2026-03-18,Central,Debit Card
4454,222,2025-02-23,North,UPI
4455,888,2024-01-29,South,UPI
4456,3,2024-08-02,South,UPI
4457,719,2024-02-16,South,Credit Card
4458,884,2024-11-19,West,Credit Card
4459,595,2026-03-25,South,UPI
4460,140,2024-08-13,West,Cash on Delivery
4461,74,2024-06-11,West,Net Banking
4462,806,2026-08-10,South,UPI
4463,862,2025-04-01,South,Credit Card
4464,123,2026-06-17,East,Debit Card
4465,519,2026-04-05,North,Cash on Delivery
4466,209,2024-08-21,South,UPI
4467,619,2024-12-11,North,UPI
4468,494,2024-06-28,East,Wallet
4469,458,2025-09-11,North,Debit Card
4470,570,2025-05-02,West,UPI
4471,50,2024-11-11,East,UPI
4472,334,2024-05-06,East,Credit Card
4473,713,2025-08-29,South,Debit Card
4474,660,2026-02-20,South,Cash on Delivery
4475,548,2026-08-11,West,Credit Card
4476,575,2026-07-22,East,Debit Card
4477,56,2026-06-28,North,Debit Card
4478,845,2025-09-08,East,Debit Card
4479,125,2024-01-06,Central,UPI
4480,705,2025-05-03,East,Credit Card
4481,430,2025-05-15,South,Debit Card
4482,451,2024-03-20,South,UPI
4483,205,2025-04-11,North,UPI
4484,906,2025-10-12,Central,Debit Card
4485,9,2026-04-25,South,Credit Card
4486,515,2026-04-08,Central,Net Banking
4487,967,2025-01-03,East,Credit Card
4488,514,2026-08-02,East,Debit Card
4489,105,2024-04-24,West,Debit Card
4490,465,2024-07-13,South,Cash on Delivery
4491,210,2024-03-24,North,Debit Card
4492,729,2024-11-16,North,UPI
4493,684,2024-11-03,West,UPI
4494,24,2024-09-29,Central,Credit Card
4495,419,2025-02-01,North,Credit Card
4496,668,2025-04-19,North,UPI
4497,117,2024-04-12,Central,Net Banking
4498,355,2025-12-06,North,UPI
4499,474,2026-04-06,North,UPI
4500,279,2025-03-28,West,UPI
4501,700,2024-10-05,West,UPI
4502,160,2025-01-01,South,Cash on Delivery
4503,569,2024-03-28,East,UPI
4504,224,2025-09-19,South,Cash on Delivery
4505,330,2026-06-03,South,Debit Card
4506,67,2025-11-15,South,Credit Card
4507,101,2024-12-20,West,UPI
4508,602,2026-07-11,West,UPI
4509,874,2026-07-21,West,Net Banking
4510,276,2025-01-29,West,UPI
4511,806,2025-05-19,South,UPI
4512,999,2026-06-01,West,Credit Card
4513,263,2024-01-30,East,UPI
4514,734,2025-03-12,South,Net Banking
4515,64,2024-02-10,North,UPI
4516,303,2025-06-04,North,Credit Card
4517,381,2026-05-12,South,Debit Card
4518,676,2024-07-29,South,Debit Card
4519,310,2026-01-13,West,UPI
4520,869,2025-05-07,South,Debit Card
4521,595,2025-06-23,South,Net Banking
4522,572,2025-04-20,East,Debit Card
4523,251,2025-05-19,South,UPI
4524,599,2026-01-06,South,UPI
4525,465,2026-07-20,South,UPI
4526,115,2025-12-25,Central,UPI
4527,230,2026-05-14,East,Credit Card
4528,406,2025-07-06,North,UPI
4529,964,2024-08-24,West,UPI
4530,922,2026-02-20,West,UPI
4531,628,2024-08-24,South,Credit Card
4532,541,2026-04-26,Central,UPI
4533,438,2024-06-17,East,Credit Card
4534,898,2025-11-22,South,Debit Card
4535,389,2026-07-25,Central,UPI
4536,100,2024-03-12,West,Cash on Delivery
4537,565,2025-01-22,South,Cash on Delivery
4538,918,2025-07-23,South,Credit Card
4539,987,2025-04-23,West,Credit Card
4540,758,2025-11-13,West,UPI
4541,758,2025-01-12,West,UPI
4542,617,2025-01-23,Central,UPI
4543,551,2024-03-04,Central,UPI
4544,7,2024-06-13,Central,Cash on Delivery
4545,161,2024-02-23,Central,UPI
4546,888,2024-11-22,South,Credit Card
4547,40,2026-05-13,North,UPI
4548,602,2025-12-04,West,Debit Card
4549,212,2026-02-15,South,Debit Card
4550,286,2026-01-27,North,Net Banking
4551,556,2024-03-18,North,Net Banking
4552,481,2024-05-01,South,Wallet
4553,634,2026-04-10,West,Credit Card
4554,491,2025-07-14,West,Credit Card
4555,293,2024-09-22,South,UPI
4556,153,2026-07-20,South,Net Banking
4557,342,2026-05-02,North,UPI
4558,309,2026-02-26,East,Debit Card
4559,159,2024-02-03,South,Credit Card
4560,371,2024-11-15,West,Cash on Delivery
4561,518,2025-12-08,North,Debit Card
4562,513,2025-08-07,South,Debit Card
4563,276,2025-01-04,West,UPI
4564,138,2024-08-05,East,UPI
4565,22,2025-04-16,South,Debit Card
4566,879,2025-06-19,North,Credit Card
4567,48,2026-03-02,East,UPI
4568,693,2024-12-25,Central,Wallet
4569,318,2024-03-03,East,Wallet
4570,224,2026-06-10,South,UPI
4571,337,2025-11-06,East,Debit Card
4572,89,2025-01-26,North,UPI
4573,819,2024-03-19,South,UPI
4574,998,2025-09-01,North,Debit Card
4575,477,2026-01-05,North,Debit Card
4576,470,2025-03-30,West,Credit Card
4577,83,2024-07-30,South,Cash on Delivery
4578,655,2025-05-13,North,Credit Card
4579,303,2024-03-29,North,Credit Card
4580,943,2024-04-28,East,Net Banking
4581,861,2024-05-27,West,Net Banking
4582,601,2026-05-16,South,Credit Card
4583,588,2024-10-18,North,Debit Card
4584,459,2024-03-18,North,Debit Card
4585,218,2024-11-10,East,UPI
4586,923,2025-06-17,South,Debit Card
4587,346,2025-02-21,South,Cash on Delivery
4588,852,2026-03-06,South,UPI
4589,170,2026-04-27,North,UPI
4590,222,2026-07-15,North,Credit Card
4591,932,2024-03-10,East,Net Banking
4592,153,2026-05-12,South,UPI
4593,317,2025-07-31,South,Credit Card
4594,579,2024-11-11,West,UPI
4595,101,2025-01-12,West,UPI
4596,95,2024-08-26,West,Credit Card
4597,848,2025-02-23,Central,Net Banking
4598,591,2026-07-14,South,Debit Card
4599,288,2024-08-20,North,Credit Card
4600,234,2024-09-19,South,Credit Card
4601,298,2025-08-19,South,Debit Card
4602,969,2026-05-29,East,UPI
4603,686,2024-03-31,West,Debit Card
4604,792,2024-01-23,North,Credit Card
4605,516,2025-01-06,South,Debit Card
4606,470,2026-07-11,West,Credit Card
4607,599,2025-01-19,South,UPI
4608,441,2024-03-10,South,UPI
4609,567,2024-03-05,Central,Credit Card
4610,554,2025-04-20,South,Credit Card
4611,876,2026-07-23,West,Credit Card
4612,344,2026-05-18,West,Credit Card
4613,590,2024-06-05,East,Net Banking
4614,119,2025-07-20,North,Credit Card
4615,344,2026-06-25,West,Credit Card
4616,481,2026-03-22,South,Net Banking
4617,442,2026-07-22,North,Credit Card
4618,525,2025-06-17,West,UPI
4619,319,2025-03-14,East,Net Banking
4620,988,2024-06-02,West,Credit Card
4621,101,2024-11-29,West,UPI
4622,256,2025-11-28,Central,UPI
4623,503,2026-06-04,North,Debit Card
4624,895,2024-04-16,West,Wallet
4625,37,2025-06-05,South,UPI
4626,364,2025-11-25,West,UPI
4627,199,2024-09-28,North,UPI
4628,765,2026-04-04,North,Debit Card
4629,198,2025-11-08,South,Cash on Delivery
4630,708,2025-09-15,South,UPI
4631,857,2024-04-15,North,Credit Card
4632,192,2024-11-04,South,Credit Card
4633,43,2026-04-01,South,UPI
4634,455,2025-10-05,North,UPI
4635,351,2025-11-04,North,UPI
4636,126,2024-10-25,North,Debit Card
4637,432,2024-06-29,South,UPI
4638,759,2024-10-09,North,Debit Card
4639,379,2024-04-27,West,Debit Card
4640,63,2026-01-22,South,Credit Card
4641,235,2025-10-30,South,UPI
4642,241,2025-12-29,North,UPI
4643,456,2025-11-12,South,Debit Card
4644,476,2024-04-14,North,Net Banking
4645,642,2026-01-14,East,Net Banking
4646,126,2025-04-17,North,UPI
4647,408,2025-05-25,West,Wallet
4648,861,2024-11-22,West,Wallet
4649,261,2025-05-03,South,Cash on Delivery
4650,945,2025-11-13,East,Net Banking
4651,580,2026-04-23,North,Wallet
4652,122,2024-12-09,South,Net Banking
4653,80,2025-01-22,South,Wallet
4654,676,2025-01-24,South,Debit Card
4655,606,2026-04-26,West,Credit Card
4656,901,2026-05-23,South,Debit Card
4657,337,2025-11-17,East,Net Banking
4658,719,2025-10-06,South,Debit Card
4659,929,2025-08-11,East,UPI
4660,448,2024-10-07,North,Debit Card
4661,208,2025-12-19,South,UPI
4662,199,2026-04-07,North,Net Banking
4663,362,2024-12-05,South,UPI
4664,12,2026-06-16,West,Credit Card
4665,936,2026-03-28,East,UPI
4666,919,2025-05-02,East,Cash on Delivery
4667,132,2025-05-30,West,Debit Card
4668,911,2025-12-12,East,Wallet
4669,673,2024-03-22,South,Credit Card
4670,632,2024-10-05,South,Credit Card
4671,680,2026-05-19,North,UPI
4672,35,2025-04-01,West,Credit Card
4673,143,2025-09-13,South,Debit Card
4674,1,2024-11-14,East,Debit Card
4675,434,2026-08-08,North,Net Banking
4676,697,2026-05-23,North,Debit Card
4677,115,2026-08-15,Central,Credit Card
4678,753,2025-03-29,East,UPI
4679,169,2026-04-18,East,UPI
4680,31,2024-03-30,South,UPI
4681,709,2026-03-20,South,Debit Card
4682,872,2024-10-01,North,Cash on Delivery
4683,990,2026-03-28,South,Cash on Delivery
4684,203,2024-08-05,North,Wallet
4685,480,2025-07-31,Central,Net Banking
4686,245,2024-08-27,North,Wallet
4687,333,2024-02-17,North,Credit Card
4688,347,2026-05-26,North,Debit Card
4689,758,2026-02-16,West,Credit Card
4690,274,2024-03-08,North,Debit Card
4691,260,2025-07-11,North,Debit Card
4692,739,2024-09-23,East,Credit Card
4693,507,2024-11-08,North,Cash on Delivery
4694,249,2024-12-17,South,UPI
4695,440,2026-08-14,North,UPI
4696,17,2026-06-30,East,UPI
4697,760,2025-05-09,West,Cash on Delivery
4698,20,2026-05-04,North,UPI
4699,555,2025-02-23,North,Debit Card
4700,384,2025-07-10,South,UPI
4701,145,2024-02-21,Central,Credit Card
4702,328,2024-02-13,East,UPI
4703,692,2025-05-18,West,UPI
4704,458,2025-02-10,North,Debit Card
4705,926,2026-01-30,North,UPI
4706,579,2026-01-12,West,Wallet
4707,955,2024-02-09,North,Debit Card
4708,863,2025-11-29,North,UPI
4709,344,2024-03-24,West,Credit Card
4710,13,2024-12-12,South,Debit Card
4711,390,2025-06-18,South,Debit Card
4712,223,2026-05-03,East,UPI
4713,263,2025-04-30,East,Debit Card
4714,292,2025-08-04,South,UPI
4715,923,2024-01-22,South,Debit Card
4716,824,2024-06-09,North,UPI
4717,363,2024-03-22,South,UPI
4718,215,2024-11-17,South,UPI
4719,881,2024-09-27,North,UPI
4720,405,2024-10-22,North,Credit Card
4721,576,2026-07-22,South,Credit Card
4722,161,2024-11-01,Central,Credit Card
4723,408,2024-02-22,West,Credit Card
4724,317,2026-01-31,South,UPI
4725,462,2025-02-12,East,Debit Card
4726,918,2024-09-10,South,Credit Card
4727,158,2025-04-04,South,UPI
4728,90,2026-06-13,South,Debit Card
4729,576,2025-01-10,South,Wallet
4730,956,2026-01-14,North,Credit Card
4731,969,2024-07-18,East,Net Banking
4732,351,2025-04-06,North,Net Banking
4733,971,2026-07-22,West,Credit Card
4734,387,2025-12-26,West,UPI
4735,680,2025-12-09,North,UPI
4736,997,2024-04-15,Central,Net Banking
4737,1,2024-02-09,East,Cash on Delivery
4738,950,2025-04-26,South,Net Banking
4739,304,2026-06-26,West,Net Banking
4740,16,2025-09-02,North,UPI
4741,787,2026-05-07,East,Net Banking
4742,827,2026-05-18,South,Credit Card
4743,687,2024-11-29,South,UPI
4744,818,2026-05-10,North,Net Banking
4745,332,2024-12-02,East,Net Banking
4746,45,2024-01-22,East,Debit Card
4747,144,2026-05-29,South,Credit Card
4748,469,2024-10-17,South,UPI
4749,279,2025-05-14,West,Debit Card
4750,332,2025-01-30,East,Debit Card
4751,315,2024-04-09,South,Cash on Delivery
4752,520,2025-11-28,North,Wallet
4753,647,2024-09-15,South,UPI
4754,1000,2025-03-29,North,Debit Card
4755,623,2025-02-02,South,UPI
4756,726,2024-07-26,South,UPI
4757,496,2024-08-26,South,Credit Card
4758,714,2024-03-26,West,Net Banking
4759,474,2024-11-19,North,Credit Card
4760,501,2026-07-19,South,Net Banking
4761,702,2024-02-12,North,Credit Card
4762,853,2025-06-30,South,Wallet
4763,120,2026-08-15,North,Debit Card
4764,447,2024-08-23,North,UPI
4765,318,2025-12-30,East,UPI
4766,75,2024-05-22,North,UPI
4767,175,2025-02-04,East,UPI
4768,210,2025-12-14,North,Cash on Delivery
4769,143,2026-02-07,South,UPI
4770,487,2024-02-09,East,UPI
4771,200,2025-03-25,North,Credit Card
4772,371,2024-12-04,West,Credit Card
4773,566,2025-01-13,West,UPI
4774,203,2026-01-08,North,UPI
4775,211,2024-03-12,South,Credit Card
4776,745,2025-11-05,South,Debit Card
4777,940,2024-12-01,South,Wallet
4778,304,2025-02-10,West,UPI
4779,543,2024-02-27,South,Credit Card
4780,459,2025-12-20,North,Wallet
4781,403,2025-11-03,North,Wallet
4782,32,2024-05-13,West,Wallet
4783,207,2024-09-12,North,Credit Card
4784,819,2025-04-05,South,UPI
4785,336,2025-04-26,South,Credit Card
4786,931,2025-07-15,South,Credit Card
4787,310,2025-08-30,West,UPI
4788,278,2025-09-11,West,Debit Card
4789,949,2026-01-29,West,Debit Card
4790,153,2026-04-17,South,UPI
4791,876,2024-03-14,West,UPI
4792,63,2024-11-10,South,UPI
4793,476,2026-04-17,North,UPI
4794,966,2024-03-28,West,UPI
4795,25,2025-04-11,South,Debit Card
4796,946,2026-02-11,North,UPI
4797,242,2025-08-05,West,Net Banking
4798,538,2025-09-06,West,Net Banking
4799,950,2024-01-04,South,Credit Card
4800,471,2025-07-05,North,Wallet
4801,928,2024-12-30,East,Debit Card
4802,129,2026-07-06,South,Net Banking
4803,939,2024-08-16,South,Net Banking
4804,771,2025-06-24,North,UPI
4805,717,2025-06-20,East,Wallet
4806,876,2024-05-12,West,Wallet
4807,722,2025-03-06,South,Credit Card
4808,698,2025-02-28,North,Cash on Delivery
4809,949,2024-08-31,West,Debit Card
4810,887,2025-04-06,East,UPI
4811,305,2025-07-30,North,Debit Card
4812,925,2025-10-08,West,Wallet
4813,46,2024-03-09,Central,Credit Card
4814,116,2024-02-11,West,UPI
4815,962,2025-09-23,South,UPI
4816,490,2025-11-05,North,Credit Card
4817,395,2024-12-02,South,UPI
4818,902,2024-08-02,East,Cash on Delivery
4819,316,2025-07-14,West,UPI
4820,684,2025-11-30,West,Debit Card
4821,814,2024-06-15,Central,Cash on Delivery
4822,172,2024-12-30,South,Credit Card
4823,452,2026-04-24,Central,Wallet
4824,596,2025-05-09,South,Cash on Delivery
4825,411,2026-02-18,South,UPI
4826,280,2025-10-23,East,UPI
4827,537,2024-09-10,North,Net Banking
4828,66,2025-04-05,North,Credit Card
4829,233,2024-06-13,South,Debit Card
4830,323,2024-09-27,South,UPI
4831,638,2026-02-20,North,Cash on Delivery
4832,828,2025-08-20,East,Debit Card
4833,246,2026-05-05,South,UPI
4834,543,2026-07-22,South,Credit Card
4835,980,2024-12-02,West,Debit Card
4836,409,2025-03-14,West,Debit Card
4837,640,2025-03-10,South,UPI
4838,667,2025-05-25,West,Credit Card
4839,986,2025-04-03,South,UPI
4840,620,2024-06-26,North,Credit Card
4841,282,2025-01-07,South,Credit Card
4842,157,2026-07-08,North,Wallet
4843,99,2026-07-07,North,UPI
4844,862,2024-10-25,South,UPI
4845,281,2024-11-25,South,Debit Card
4846,900,2025-10-30,North,UPI
4847,109,2024-01-07,South,UPI
4848,91,2025-05-28,Central,Debit Card
4849,727,2026-07-18,West,Net Banking
4850,575,2024-12-16,East,Credit Card
4851,616,2024-07-01,East,Debit Card
4852,563,2025-12-01,East,UPI
4853,977,2024-08-03,South,Debit Card
4854,996,2025-12-22,East,Net Banking
4855,717,2026-08-01,East,Net Banking
4856,941,2025-02-12,North,UPI
4857,883,2025-04-21,North,UPI
4858,84,2026-05-14,South,UPI
4859,297,2025-06-13,South,Credit Card
4860,149,2026-04-05,South,UPI
4861,173,2026-07-24,West,Debit Card
4862,629,2024-05-23,Central,Net Banking
4863,522,2025-07-13,South,UPI
4864,257,2025-12-26,South,Debit Card
4865,235,2025-10-10,South,Debit Card
4866,814,2024-01-15,Central,UPI
4867,458,2024-01-11,North,UPI
4868,368,2025-04-10,East,Cash on Delivery
4869,613,2024-05-11,East,Credit Card
4870,982,2025-05-24,West,Debit Card
4871,764,2025-09-07,South,Credit Card
4872,445,2025-05-17,East,Net Banking
4873,299,2025-08-27,West,UPI
4874,298,2026-08-06,South,UPI
4875,692,2025-07-29,West,Cash on Delivery
4876,470,2024-02-07,West,Credit Card
4877,504,2025-10-16,West,Debit Card
4878,147,2024-10-06,North,Wallet
4879,839,2024-09-11,West,Cash on Delivery
4880,912,2024-09-26,South,Debit Card
4881,629,2024-11-11,Central,UPI
4882,15,2026-08-07,North,Credit Card
4883,99,2025-10-18,North,UPI
4884,281,2025-02-24,South,Credit Card
4885,440,2025-03-18,North,Debit Card
4886,767,2026-07-05,South,Debit Card
4887,248,2025-06-25,North,Net Banking
4888,950,2024-07-01,South,Debit Card
4889,134,2025-06-03,East,Credit Card
4890,649,2024-09-17,East,UPI
4891,154,2026-07-09,West,Credit Card
4892,410,2026-07-29,South,Credit Card
4893,435,2026-03-17,South,UPI
4894,347,2026-06-02,North,Net Banking
4895,548,2025-01-18,West,UPI
4896,843,2026-02-08,North,Cash on Delivery
4897,622,2026-06-12,South,UPI
4898,505,2026-01-23,South,Net Banking
4899,768,2024-02-26,West,UPI
4900,482,2024-07-15,Central,UPI
4901,777,2024-07-06,North,Cash on Delivery
4902,766,2024-04-04,North,Cash on Delivery
4903,416,2025-08-31,North,UPI
4904,211,2024-05-17,South,Credit Card
4905,570,2024-08-03,West,Net Banking
4906,18,2025-05-12,East,Debit Card
4907,476,2025-08-05,North,Net Banking
4908,840,2025-02-21,East,UPI
4909,534,2026-05-02,West,Credit Card
4910,931,2026-05-22,South,Credit Card
4911,949,2025-07-25,West,Credit Card
4912,361,2025-10-19,East,UPI
4913,823,2025-05-05,North,Credit Card
4914,35,2024-03-15,West,Debit Card
4915,671,2025-08-19,North,Wallet
4916,110,2026-01-04,North,UPI
4917,734,2024-03-24,South,Debit Card
4918,487,2025-01-26,East,Debit Card
4919,968,2026-06-01,South,UPI
4920,971,2025-07-27,West,Credit Card
4921,624,2026-07-06,West,Debit Card
4922,308,2024-02-06,East,Credit Card
4923,630,2026-04-14,West,Debit Card
4924,255,2026-02-01,West,Credit Card
4925,318,2026-02-21,East,UPI
4926,983,2025-03-12,South,Debit Card
4927,520,2025-05-08,North,Net Banking
4928,121,2025-10-22,West,Net Banking
4929,413,2025-03-16,South,Debit Card
4930,391,2025-08-26,West,Debit Card
4931,67,2024-12-31,South,Debit Card
4932,870,2026-01-14,North,Wallet
4933,509,2025-02-12,North,Credit Card
4934,290,2025-03-28,South,UPI
4935,995,2025-09-14,North,UPI
4936,568,2025-11-14,South,UPI
4937,264,2024-02-18,East,UPI
4938,656,2024-08-06,West,Wallet
4939,889,2026-01-18,East,Net Banking
4940,561,2025-02-07,West,Debit Card
4941,95,2024-03-25,West,Credit Card
4942,739,2025-03-01,East,Credit Card
4943,37,2026-07-02,South,Credit Card
4944,763,2024-10-22,East,Credit Card
4945,386,2026-03-15,North,UPI
4946,560,2025-09-14,South,Wallet
4947,854,2025-04-13,North,UPI
4948,316,2026-03-27,West,Debit Card
4949,583,2025-12-01,West,Credit Card
4950,255,2026-03-11,West,Cash on Delivery
4951,711,2025-08-23,East,UPI
4952,976,2026-03-27,South,Credit Card
4953,411,2026-03-17,South,Credit Card
4954,99,2024-04-19,North,Credit Card
4955,984,2024-06-19,North,Debit Card
4956,315,2026-02-26,South,Debit Card
4957,127,2025-11-14,West,Net Banking
4958,483,2025-11-18,South,UPI
4959,482,2025-09-05,Central,Debit Card
4960,795,2024-05-12,North,Net Banking
4961,955,2024-07-24,North,Credit Card
4962,487,2024-04-22,East,Credit Card
4963,660,2024-10-08,South,UPI
4964,469,2025-01-29,South,Credit Card
4965,738,2025-07-31,South,Debit Card
4966,673,2026-08-05,South,UPI
4967,664,2026-05-17,East,UPI
4968,678,2026-07-28,Central,UPI
4969,127,2025-11-19,West,Credit Card
4970,92,2024-11-05,South,Net Banking
4971,960,2026-01-25,East,Debit Card
4972,36,2026-03-28,North,Debit Card
4973,357,2024-10-02,South,Credit Card
4974,585,2025-01-22,East,Credit Card
4975,262,2024-06-04,West,Debit Card
4976,20,2025-06-27,North,UPI
4977,434,2025-10-07,North,Credit Card
4978,152,2024-04-21,East,UPI
4979,733,2025-12-26,North,Cash on Delivery
4980,149,2024-07-03,South,UPI
4981,171,2025-03-10,South,Cash on Delivery
4982,807,2025-12-16,East,Credit Card
4983,571,2024-03-07,North,Wallet
4984,866,2024-07-13,South,Debit Card
4985,592,2025-04-08,North,UPI
4986,406,2024-08-31,North,UPI
4987,28,2024-12-14,West,UPI
4988,652,2024-08-11,South,Net Banking
4989,984,2024-08-09,North,Debit Card
4990,815,2024-02-20,West,UPI
4991,769,2026-01-22,South,Wallet
4992,581,2024-06-22,South,Net Banking
4993,955,2025-11-29,North,Credit Card
4994,135,2024-05-09,North,UPI
4995,150,2026-02-23,West,UPI
4996,681,2024-10-11,West,Debit Card
4997,313,2025-05-12,North,UPI
4998,519,2025-10-23,North,UPI
4999,60,2025-06-17,South,UPI
5000,557,2026-01-05,North,Credit Card
5001,823,2026-05-09,North,Wallet
5002,699,2025-06-10,West,Wallet
5003,742,2024-12-25,South,Net Banking
5004,325,2024-01-10,East,UPI
5005,269,2024-07-19,South,Credit Card
5006,557,2025-02-01,North,Net Banking
5007,135,2025-08-22,North,Credit Card
5008,875,2024-05-14,South,UPI
5009,449,2024-09-21,South,Net Banking
5010,966,2026-07-03,West,Debit Card
5011,209,2024-01-03,South,Debit Card
5012,124,2025-09-27,East,Credit Card
5013,433,2026-04-18,South,Debit Card
5014,144,2025-06-29,South,Cash on Delivery
5015,724,2026-03-14,East,Net Banking
5016,71,2025-05-06,North,Credit Card
5017,225,2026-02-14,East,Net Banking
5018,487,2026-03-21,East,UPI
5019,783,2026-07-29,North,Wallet
5020,622,2024-12-03,South,UPI
5021,859,2024-02-13,West,UPI
5022,540,2024-11-20,North,Cash on Delivery
5023,435,2024-06-28,South,Wallet
5024,402,2026-02-14,East,UPI
5025,954,2024-01-24,East,Wallet
5026,942,2025-01-28,South,Wallet
5027,620,2025-05-09,North,UPI
5028,584,2026-07-25,South,Debit Card
5029,856,2024-12-25,East,UPI
5030,825,2024-01-23,North,Credit Card
5031,823,2025-07-08,North,Credit Card
5032,149,2024-01-18,South,UPI
5033,235,2026-06-16,South,UPI
5034,519,2024-10-16,North,Credit Card
5035,1,2024-12-07,East,Cash on Delivery
5036,226,2024-10-30,Central,UPI
5037,954,2025-04-12,East,Cash on Delivery
5038,851,2024-05-09,South,Cash on Delivery
5039,864,2025-02-20,West,UPI
5040,199,2025-12-25,North,Cash on Delivery
5041,314,2026-02-10,East,Credit Card
5042,922,2025-06-02,West,UPI
5043,972,2026-03-28,East,Credit Card
5044,818,2025-11-06,North,Debit Card
5045,420,2024-07-30,North,UPI
5046,627,2024-10-11,North,Debit Card
5047,951,2026-05-10,West,UPI
5048,519,2026-05-19,North,Debit Card
5049,138,2025-09-23,East,Credit Card
5050,637,2025-09-14,West,Credit Card
5051,671,2024-02-14,North,UPI
5052,614,2024-01-13,South,UPI
5053,852,2026-07-03,South,Debit Card
5054,536,2025-12-30,East,Credit Card
5055,297,2026-02-25,South,Credit Card
5056,437,2025-08-12,East,UPI
5057,902,2026-07-10,East,Credit Card
5058,240,2025-09-06,West,UPI
5059,490,2025-12-18,North,Net Banking
5060,443,2025-11-19,South,UPI
5061,79,2025-12-21,Central,Debit Card
5062,725,2026-08-14,West,Net Banking
5063,933,2025-08-15,North,Credit Card
5064,874,2024-02-25,West,Debit Card
5065,882,2024-12-01,West,Credit Card
5066,986,2024-12-11,South,UPI
5067,41,2025-09-13,North,Credit Card
5068,805,2025-10-27,South,Credit Card
5069,580,2025-08-11,North,Credit Card
5070,397,2026-02-10,South,Credit Card
5071,604,2024-09-24,Central,UPI
5072,173,2026-08-14,West,UPI
5073,400,2025-10-15,West,Wallet
5074,339,2024-10-28,South,Debit Card
5075,461,2024-05-02,East,Net Banking
5076,816,2024-11-16,East,Wallet
5077,598,2025-07-17,South,UPI
5078,641,2026-01-25,South,Credit Card
5079,840,2024-10-30,East,Credit Card
5080,912,2025-10-14,South,UPI
5081,97,2024-06-27,South,Debit Card
5082,240,2026-01-11,West,Credit Card
5083,699,2026-05-15,West,UPI
5084,706,2026-07-14,South,UPI
5085,836,2025-08-09,North,Debit Card
5086,915,2025-05-19,East,Net Banking
5087,423,2025-05-31,South,Credit Card
5088,705,2025-06-19,East,UPI
5089,792,2024-08-03,North,UPI
5090,458,2025-08-22,North,UPI
5091,682,2025-10-13,West,UPI
5092,984,2024-12-07,North,Credit Card
5093,797,2024-04-09,East,UPI
5094,231,2024-12-20,East,UPI
5095,675,2026-04-07,North,Credit Card
5096,461,2025-10-09,East,Net Banking
5097,385,2025-07-12,North,Debit Card
5098,847,2026-01-31,South,UPI
5099,137,2026-05-01,South,Credit Card
5100,999,2025-09-27,West,UPI
5101,466,2024-05-19,South,Debit Card
5102,71,2025-01-12,North,UPI
5103,460,2025-12-05,South,Credit Card
5104,60,2024-05-25,South,Cash on Delivery
5105,219,2026-04-25,West,UPI
5106,57,2025-08-15,West,Debit Card
5107,177,2025-07-01,South,Cash on Delivery
5108,643,2025-03-30,East,Net Banking
5109,264,2026-01-10,East,Net Banking
5110,2,2024-06-08,East,UPI
5111,228,2024-03-12,West,UPI
5112,474,2025-10-30,North,Net Banking
5113,322,2025-04-18,South,Credit Card
5114,859,2024-10-23,West,UPI
5115,321,2025-03-22,South,UPI
5116,545,2025-05-07,North,UPI
5117,646,2025-09-12,South,UPI
5118,432,2024-10-20,South,Net Banking
5119,30,2025-05-28,South,UPI
5120,594,2025-11-18,East,Net Banking
5121,720,2025-11-18,North,Debit Card
5122,96,2026-03-17,East,Debit Card
5123,182,2024-02-06,East,Credit Card
5124,896,2026-03-15,North,UPI
5125,832,2025-07-18,West,Credit Card
5126,389,2025-05-13,Central,UPI
5127,938,2024-11-28,South,Debit Card
5128,751,2024-06-22,East,Net Banking
5129,59,2026-08-01,East,Debit Card
5130,519,2025-03-25,North,Cash on Delivery
5131,517,2024-12-13,South,Debit Card
5132,937,2024-08-16,North,Credit Card
5133,882,2026-03-30,West,Net Banking
5134,487,2024-12-16,East,Credit Card
5135,941,2024-07-18,North,UPI
5136,459,2024-04-09,North,Cash on Delivery
5137,933,2024-01-11,North,Net Banking
5138,811,2025-12-27,East,Debit Card
5139,488,2025-04-09,South,UPI
5140,788,2025-01-09,West,UPI
5141,368,2025-04-03,East,Credit Card
5142,784,2025-11-18,West,Debit Card
5143,35,2024-11-06,West,Net Banking
5144,389,2025-01-02,Central,UPI
5145,391,2026-07-20,West,UPI
5146,226,2024-11-29,Central,Credit Card
5147,45,2025-05-07,East,UPI
5148,510,2025-06-29,East,Credit Card
5149,72,2026-02-12,Central,UPI
5150,913,2025-08-05,East,Debit Card
5151,493,2024-08-29,South,UPI
5152,369,2026-01-07,West,Cash on Delivery
5153,927,2024-07-05,South,Debit Card
5154,613,2025-07-24,East,Net Banking
5155,675,2026-03-19,North,Credit Card
5156,461,2024-01-22,East,UPI
5157,741,2026-02-26,South,Credit Card
5158,173,2025-07-05,West,UPI
5159,305,2025-05-11,North,UPI
5160,117,2025-03-02,Central,Cash on Delivery
5161,451,2024-12-12,South,Debit Card
5162,459,2025-03-02,North,Credit Card
5163,346,2024-11-28,South,UPI
5164,229,2025-09-26,South,Debit Card
5165,469,2026-04-12,South,Credit Card
5166,96,2025-08-09,East,UPI
5167,659,2026-08-10,West,Debit Card
5168,360,2024-11-06,Central,Debit Card
5169,532,2024-03-14,North,UPI
5170,890,2024-09-27,East,Debit Card
5171,735,2025-10-13,West,Wallet
5172,137,2026-03-07,South,UPI
5173,779,2025-01-01,West,Wallet
5174,709,2024-02-13,South,UPI
5175,524,2024-12-19,East,UPI
5176,317,2024-10-16,South,Credit Card
5177,929,2026-02-23,East,UPI
5178,784,2026-03-15,West,Debit Card
5179,218,2024-04-20,East,UPI
5180,808,2024-06-19,South,UPI
5181,871,2025-02-15,South,UPI
5182,120,2025-08-27,North,UPI
5183,58,2026-04-13,East,Debit Card
5184,68,2024-05-06,North,Debit Card
5185,427,2025-06-09,North,Net Banking
5186,594,2025-04-03,East,Credit Card
5187,955,2024-08-21,North,Credit Card
5188,857,2025-07-25,North,Wallet
5189,842,2024-03-10,West,UPI
5190,10,2024-03-23,North,UPI
5191,43,2024-05-11,South,Wallet
5192,287,2026-07-28,North,UPI
5193,720,2024-12-14,North,UPI
5194,670,2025-09-01,North,Net Banking
5195,491,2024-06-23,West,Credit Card
5196,959,2024-08-19,West,Credit Card
5197,448,2025-06-18,North,UPI
5198,38,2025-06-13,South,Credit Card
5199,836,2025-02-23,North,Credit Card
5200,900,2026-06-11,North,Cash on Delivery
5201,846,2026-06-27,North,Credit Card
5202,943,2026-07-08,East,Credit Card
5203,757,2024-07-04,North,Credit Card
5204,295,2025-01-26,North,Net Banking
5205,28,2026-02-11,West,UPI
5206,846,2024-05-22,North,UPI
5207,404,2026-01-10,South,Debit Card
5208,654,2025-07-05,West,Credit Card
5209,239,2025-02-16,South,Cash on Delivery
5210,350,2026-05-14,South,Credit Card
5211,157,2025-11-11,North,Credit Card
5212,292,2026-05-30,South,Net Banking
5213,315,2026-04-03,South,UPI
5214,650,2024-01-23,West,UPI
5215,222,2025-07-09,North,Net Banking
5216,64,2024-07-30,North,Cash on Delivery
5217,350,2024-05-06,South,Cash on Delivery
5218,875,2024-06-27,South,Cash on Delivery
5219,407,2025-04-14,North,Credit Card
5220,530,2024-07-19,South,Debit Card
5221,757,2024-02-29,North,Credit Card
5222,847,2026-08-15,South,Credit Card
5223,874,2026-06-14,West,Wallet
5224,740,2025-10-17,South,Debit Card
5225,923,2025-10-11,South,UPI
5226,62,2025-10-07,South,UPI
5227,292,2025-04-28,South,Cash on Delivery
5228,8,2026-02-27,North,Wallet
5229,373,2024-10-04,South,UPI
5230,73,2025-07-08,South,Debit Card
5231,515,2025-07-09,Central,Credit Card
5232,747,2026-06-16,South,Credit Card
5233,60,2024-05-09,South,Credit Card
5234,894,2026-01-27,East,UPI
5235,407,2025-03-16,North,Credit Card
5236,89,2024-12-24,North,Net Banking
5237,621,2025-10-01,South,Debit Card
5238,681,2025-09-26,West,Debit Card
5239,968,2025-11-20,South,Debit Card
5240,759,2026-05-04,North,UPI
5241,395,2025-02-17,South,UPI
5242,22,2025-03-17,South,UPI
5243,501,2025-10-12,South,Credit Card
5244,865,2026-07-02,Central,Cash on Delivery
5245,84,2025-12-02,South,Credit Card
5246,952,2024-05-13,West,Net Banking
5247,745,2026-01-14,South,UPI
5248,745,2024-02-07,South,Cash on Delivery
5249,472,2025-05-07,South,UPI
5250,108,2026-01-29,North,Credit Card
5251,506,2024-08-13,East,Debit Card
5252,127,2024-05-26,West,UPI
5253,267,2024-11-20,North,Net Banking
5254,700,2024-08-27,West,Credit Card
5255,731,2025-10-15,East,UPI
5256,243,2026-05-16,East,Net Banking
5257,743,2026-02-22,North,UPI
5258,560,2026-02-19,South,Net Banking
5259,648,2026-04-01,East,Wallet
5260,6,2026-06-18,North,Credit Card
5261,539,2024-12-03,West,Wallet
5262,844,2025-07-25,South,Credit Card
5263,251,2025-11-16,South,Credit Card
5264,660,2025-05-06,South,Credit Card
5265,646,2026-04-06,South,Credit Card
5266,244,2024-01-06,South,UPI
5267,589,2025-08-16,North,Debit Card
5268,420,2024-02-25,North,Credit Card
5269,863,2025-08-19,North,UPI
5270,774,2025-09-29,North,Credit Card
5271,466,2024-08-07,South,UPI
5272,598,2026-02-03,South,UPI
5273,830,2024-03-16,South,Net Banking
5274,116,2024-07-20,West,Net Banking
5275,402,2024-01-12,East,UPI
5276,648,2024-09-28,East,UPI
5277,668,2025-02-17,North,Credit Card
5278,835,2025-09-13,North,Wallet
5279,96,2025-08-14,East,UPI
5280,801,2025-10-16,East,Debit Card
5281,753,2025-08-17,East,UPI
5282,807,2024-10-13,East,Net Banking
5283,290,2025-08-13,South,Credit Card
5284,653,2025-08-14,East,UPI
5285,951,2026-01-31,West,Debit Card
5286,713,2026-06-10,South,Cash on Delivery
5287,727,2026-02-12,West,UPI
5288,324,2026-08-11,West,Debit Card
5289,255,2026-02-25,West,Cash on Delivery
5290,385,2024-10-21,North,UPI
5291,44,2024-06-25,South,Net Banking
5292,226,2025-03-05,Central,UPI
5293,232,2024-01-10,South,Net Banking
5294,234,2026-08-14,South,Cash on Delivery
5295,682,2024-01-30,West,UPI
5296,258,2024-12-09,South,UPI
5297,138,2024-06-17,East,Credit Card
5298,394,2024-05-24,West,Debit Card
5299,755,2026-06-30,South,UPI
5300,318,2025-05-21,East,Debit Card
5301,595,2025-03-28,South,UPI
5302,215,2024-03-25,South,UPI
5303,498,2026-08-08,Central,Net Banking
5304,438,2026-04-10,East,UPI
5305,942,2025-10-30,South,UPI
5306,287,2025-04-07,North,UPI
5307,601,2024-06-30,South,Credit Card
5308,286,2024-07-19,North,Debit Card
5309,633,2025-04-09,South,UPI
5310,107,2025-07-19,West,Credit Card
5311,105,2025-05-17,West,Debit Card
5312,188,2026-04-02,North,Credit Card
5313,241,2026-08-03,North,Credit Card
5314,262,2024-09-30,West,Net Banking
5315,677,2026-03-08,South,UPI
5316,167,2025-02-22,East,Net Banking
5317,648,2025-06-12,East,Cash on Delivery
5318,133,2025-12-11,West,Debit Card
5319,349,2024-07-08,South,Credit Card
5320,161,2026-01-17,Central,UPI
5321,273,2024-01-08,West,UPI
5322,812,2024-09-01,West,UPI
5323,755,2024-10-28,South,Credit Card
5324,682,2025-12-20,West,UPI
5325,589,2024-02-07,North,UPI
5326,120,2025-11-16,North,Debit Card
5327,869,2025-04-21,South,Debit Card
5328,497,2025-03-14,East,Credit Card
5329,97,2025-09-18,South,Debit Card
5330,462,2025-09-28,East,Debit Card
5331,145,2024-02-29,Central,Credit Card
5332,231,2026-07-15,East,Cash on Delivery
5333,520,2024-11-08,North,UPI
5334,482,2026-04-21,Central,UPI
5335,814,2026-04-09,Central,Credit Card
5336,794,2025-07-29,North,Credit Card
5337,242,2026-06-20,West,Credit Card
5338,865,2024-07-31,Central,Debit Card
5339,880,2024-02-15,Central,Net Banking
5340,233,2024-02-19,South,Debit Card
5341,46,2025-02-07,Central,Debit Card
5342,183,2024-08-28,West,UPI
5343,473,2024-10-04,West,UPI
5344,722,2024-03-18,South,UPI
5345,781,2024-11-18,West,Credit Card
5346,602,2024-06-22,West,Net Banking
5347,852,2024-08-26,South,Credit Card
5348,478,2025-11-13,West,Credit Card
5349,253,2024-09-12,North,Cash on Delivery
5350,427,2025-03-11,North,UPI
5351,243,2025-03-17,East,Credit Card
5352,54,2024-06-21,West,UPI
5353,848,2024-01-19,Central,Credit Card
5354,262,2026-03-26,West,UPI
5355,950,2026-07-14,South,Credit Card
5356,221,2025-12-14,West,UPI
5357,53,2024-10-28,North,UPI
5358,229,2024-10-15,South,Credit Card
5359,680,2026-02-09,North,Debit Card
5360,497,2024-02-10,East,Debit Card
5361,50,2025-11-07,East,UPI
5362,707,2025-10-04,South,Credit Card
5363,148,2026-06-23,South,UPI
5364,851,2024-03-23,South,Credit Card
5365,262,2024-12-20,West,Credit Card
5366,490,2025-01-01,North,UPI
5367,615,2026-02-18,South,Credit Card
5368,346,2024-12-26,South,Credit Card
5369,843,2025-03-13,North,Credit Card
5370,278,2024-09-26,West,UPI
5371,906,2026-07-25,Central,UPI
5372,564,2024-06-09,West,UPI
5373,168,2025-09-01,North,Credit Card
5374,978,2025-11-17,South,UPI
5375,297,2024-08-17,South,Cash on Delivery
5376,231,2025-10-04,East,UPI
5377,992,2026-03-04,East,UPI
5378,578,2026-01-28,West,Credit Card
5379,691,2024-03-01,West,UPI
5380,88,2024-08-20,South,UPI
5381,952,2026-04-30,West,Debit Card
5382,913,2025-08-21,East,Debit Card
5383,883,2025-11-17,North,UPI
5384,380,2025-03-25,South,Debit Card
5385,635,2026-04-02,South,Debit Card
5386,862,2024-01-25,South,Credit Card
5387,792,2024-03-26,North,Credit Card
5388,112,2024-02-09,North,Debit Card
5389,418,2024-02-29,North,Debit Card
5390,161,2024-05-17,Central,Credit Card
5391,813,2025-07-07,North,Debit Card
5392,906,2026-06-16,Central,Cash on Delivery
5393,623,2025-11-18,South,Wallet
5394,677,2025-09-17,South,Debit Card
5395,433,2024-02-15,South,Credit Card
5396,5,2025-08-16,West,Wallet
5397,413,2026-03-02,South,Credit Card
5398,387,2024-02-04,West,UPI
5399,283,2025-03-04,South,UPI
5400,360,2025-02-22,Central,Cash on Delivery
5401,548,2025-12-19,West,Credit Card
5402,556,2024-06-04,North,Debit Card
5403,888,2026-01-25,South,Net Banking
5404,336,2026-05-28,South,Net Banking
5405,13,2026-04-22,South,Wallet
5406,185,2024-03-16,East,UPI
5407,700,2025-12-10,West,Credit Card
5408,79,2026-04-02,Central,UPI
5409,207,2026-08-12,North,Debit Card
5410,402,2024-11-24,East,Wallet
5411,346,2024-03-03,South,Debit Card
5412,241,2026-02-02,North,Credit Card
5413,938,2025-02-01,South,UPI
5414,232,2025-06-18,South,Cash on Delivery
5415,607,2025-05-05,West,Net Banking
5416,64,2026-07-13,North,Net Banking
5417,532,2026-04-26,North,Debit Card
5418,638,2024-12-07,North,Debit Card
5419,853,2024-12-24,South,Net Banking
5420,875,2024-07-16,South,Credit Card
5421,57,2024-12-23,West,UPI
5422,251,2024-03-29,South,UPI
5423,886,2024-09-13,Central,UPI
5424,51,2026-08-04,West,Debit Card
5425,460,2025-06-19,South,Net Banking
5426,592,2025-03-28,North,UPI
5427,543,2025-04-03,South,Debit Card
5428,395,2025-03-10,South,UPI
5429,854,2024-05-30,North,UPI
5430,639,2025-12-07,West,Credit Card
5431,234,2026-06-26,South,Wallet
5432,336,2026-08-03,South,UPI
5433,798,2025-12-16,North,Credit Card
5434,264,2026-04-05,East,Credit Card
5435,495,2026-04-21,Central,UPI
5436,245,2024-03-19,North,Debit Card
5437,398,2026-06-16,North,UPI
5438,639,2024-11-06,West,Net Banking
5439,730,2024-02-29,North,UPI
5440,68,2025-10-04,North,UPI
5441,875,2025-06-22,South,Debit Card
5442,480,2024-12-10,Central,Wallet
5443,433,2026-04-08,South,Cash on Delivery
5444,452,2024-05-06,Central,UPI
5445,185,2026-06-10,East,Debit Card
5446,757,2026-08-10,North,UPI
5447,218,2024-06-11,East,Debit Card
5448,59,2026-05-21,East,UPI
5449,578,2025-02-05,West,UPI
5450,764,2026-06-28,South,UPI
5451,302,2025-07-05,South,Wallet
5452,370,2025-08-04,West,Net Banking
5453,999,2024-03-11,West,Debit Card
5454,332,2024-01-15,East,Debit Card
5455,813,2024-06-27,North,Cash on Delivery
5456,846,2026-02-14,North,Credit Card
5457,519,2025-11-15,North,UPI
5458,284,2026-05-20,West,UPI
5459,517,2026-02-13,South,UPI
5460,149,2025-08-03,South,Credit Card
5461,60,2025-12-19,South,Net Banking
5462,303,2024-11-13,North,Credit Card
5463,784,2024-12-20,West,Debit Card
5464,890,2024-05-20,East,Credit Card
5465,54,2025-04-12,West,UPI
5466,171,2024-10-10,South,Net Banking
5467,81,2024-11-15,South,Credit Card
5468,345,2024-02-29,East,Net Banking
5469,458,2026-05-25,North,UPI
5470,15,2026-07-24,North,Debit Card
5471,259,2024-02-01,East,Credit Card
5472,198,2024-08-22,South,UPI
5473,825,2025-10-17,North,UPI
5474,67,2026-04-19,South,Credit Card
5475,496,2025-12-06,South,Wallet
5476,505,2026-04-07,South,UPI
5477,596,2024-06-20,South,UPI
5478,389,2025-04-02,Central,Credit Card
5479,493,2025-09-22,South,Cash on Delivery
5480,150,2025-04-19,West,Debit Card
5481,53,2025-06-28,North,Credit Card
5482,540,2025-09-23,North,Cash on Delivery
5483,587,2024-09-23,South,Debit Card
5484,910,2025-11-06,North,Credit Card
5485,489,2024-02-12,North,UPI
5486,740,2024-02-01,South,UPI
5487,163,2024-10-02,North,Net Banking
5488,740,2025-12-23,South,Cash on Delivery
5489,342,2025-04-20,North,Net Banking
5490,553,2025-02-03,East,Wallet
5491,895,2025-08-24,West,Credit Card
5492,981,2024-08-14,North,Debit Card
5493,282,2025-04-15,South,Credit Card
5494,770,2026-05-06,South,Credit Card
5495,905,2026-07-26,South,Net Banking
5496,438,2026-02-12,East,Cash on Delivery
5497,135,2025-09-05,North,Credit Card
5498,494,2025-08-10,East,UPI
5499,206,2025-04-25,North,Debit Card
5500,75,2026-06-18,North,Credit Card
5501,366,2026-07-22,West,Debit Card
5502,209,2024-05-17,South,Credit Card
5503,330,2024-01-27,South,UPI
5504,377,2026-04-02,South,Net Banking
5505,196,2025-05-27,Central,Cash on Delivery
5506,189,2024-01-10,East,Cash on Delivery
5507,500,2024-03-17,East,UPI
5508,718,2025-10-18,East,Credit Card
5509,510,2024-08-13,East,Debit Card
5510,149,2025-08-30,South,Debit Card
5511,517,2025-10-04,South,Net Banking
5512,737,2025-05-06,South,UPI
5513,437,2026-07-10,East,UPI
5514,506,2025-10-23,East,Credit Card
5515,347,2024-08-23,North,Credit Card
5516,362,2026-01-31,South,Credit Card
5517,711,2026-05-23,East,Net Banking
5518,930,2025-11-06,South,UPI
5519,370,2024-10-06,West,UPI
5520,912,2024-10-11,South,UPI
5521,372,2026-02-22,North,Debit Card
5522,383,2026-02-27,West,Credit Card
5523,230,2026-07-12,East,UPI
5524,785,2026-04-22,East,Credit Card
5525,828,2025-02-06,East,Debit Card
5526,245,2025-03-22,North,Debit Card
5527,273,2025-12-15,West,Debit Card
5528,182,2024-05-10,East,Net Banking
5529,171,2026-01-03,South,Wallet
5530,333,2025-12-07,North,Debit Card
5531,352,2024-11-17,West,Debit Card
5532,54,2024-06-19,West,UPI
5533,868,2026-02-22,West,UPI
5534,44,2025-06-05,South,UPI
5535,927,2026-04-10,South,UPI
5536,509,2024-04-27,North,Credit Card
5537,974,2024-09-26,North,Cash on Delivery
5538,479,2025-09-10,South,Credit Card
5539,768,2025-11-23,West,Cash on Delivery
5540,922,2024-06-30,West,UPI
5541,162,2025-08-06,South,Credit Card
5542,579,2026-02-12,West,Credit Card
5543,643,2026-01-23,East,UPI
5544,220,2026-04-30,South,Credit Card
5545,526,2025-04-18,South,Credit Card
5546,977,2025-05-25,South,Credit Card
5547,671,2025-10-18,North,Debit Card
5548,803,2025-03-11,South,Wallet
5549,416,2025-10-19,North,Credit Card
5550,396,2024-01-01,North,Net Banking
5551,252,2024-01-02,East,Credit Card
5552,348,2025-04-09,East,UPI
5553,761,2025-09-13,Central,Credit Card
5554,545,2026-07-06,North,Credit Card
5555,244,2025-04-25,South,Cash on Delivery
5556,275,2026-04-23,South,Credit Card
5557,874,2025-04-04,West,Cash on Delivery
5558,818,2025-01-24,North,UPI
5559,231,2024-01-05,East,Credit Card
5560,788,2024-07-26,West,UPI
5561,170,2024-09-21,North,UPI
5562,494,2024-04-24,East,Wallet
5563,964,2025-02-08,West,UPI
5564,387,2025-02-16,West,Credit Card
5565,61,2024-11-04,South,Debit Card
5566,921,2024-11-15,East,Credit Card
5567,230,2024-03-26,East,Cash on Delivery
5568,945,2024-10-15,East,Net Banking
5569,496,2025-03-07,South,UPI
5570,138,2025-11-23,East,Debit Card
5571,103,2024-09-14,South,Net Banking
5572,241,2025-02-17,North,Credit Card
5573,893,2025-07-26,South,Net Banking
5574,716,2024-08-04,North,Credit Card
5575,796,2025-02-02,West,Debit Card
5576,251,2024-09-26,South,UPI
5577,335,2024-06-04,West,UPI
5578,282,2025-07-02,South,UPI
5579,233,2024-06-03,South,UPI
5580,660,2025-02-24,South,UPI
5581,94,2026-06-28,West,Debit Card
5582,106,2024-09-15,East,Credit Card
5583,897,2024-05-13,East,Credit Card
5584,830,2024-03-18,South,Credit Card
5585,707,2024-07-22,South,UPI
5586,151,2025-08-30,East,Debit Card
5587,758,2025-04-06,West,Net Banking
5588,24,2024-04-04,Central,UPI
5589,824,2026-06-09,North,UPI
5590,437,2025-03-27,East,Cash on Delivery
5591,421,2024-04-19,South,Wallet
5592,612,2024-11-10,North,UPI
5593,130,2024-06-03,South,Credit Card
5594,394,2024-01-18,West,Credit Card
5595,690,2024-06-11,West,Debit Card
5596,57,2025-08-24,West,UPI
5597,289,2024-11-08,West,Credit Card
5598,7,2024-01-11,Central,Debit Card
5599,688,2026-06-29,South,UPI
5600,249,2025-04-08,South,Cash on Delivery
5601,539,2025-06-22,West,UPI
5602,109,2024-09-29,South,Credit Card
5603,778,2024-09-20,South,Credit Card
5604,666,2024-02-04,East,Wallet
5605,423,2024-02-13,South,Credit Card
5606,361,2025-10-11,East,Debit Card
5607,548,2024-10-30,West,Net Banking
5608,528,2025-02-04,Central,Credit Card
5609,553,2026-04-15,East,UPI
5610,9,2024-01-17,South,Credit Card
5611,419,2024-01-08,North,Wallet
5612,557,2025-12-08,North,Credit Card
5613,33,2025-12-14,West,UPI
5614,226,2025-05-01,Central,Credit Card
5615,747,2024-01-09,South,UPI
5616,678,2024-10-20,Central,Net Banking
5617,944,2026-05-19,North,Credit Card
5618,402,2024-04-21,East,UPI
5619,796,2025-01-07,West,UPI
5620,346,2026-07-22,South,Debit Card
5621,276,2025-03-15,West,Credit Card
5622,185,2025-11-01,East,UPI
5623,257,2024-04-11,South,UPI
5624,7,2024-07-09,Central,Debit Card
5625,387,2024-10-12,West,Net Banking
5626,387,2024-05-01,West,Net Banking
5627,625,2024-09-01,South,Credit Card
5628,692,2025-02-16,West,UPI
5629,268,2024-10-08,West,Credit Card
5630,39,2025-06-19,West,UPI
5631,412,2024-02-01,North,Debit Card
5632,736,2024-06-23,South,Cash on Delivery
5633,889,2026-01-09,East,Cash on Delivery
5634,119,2026-02-16,North,Wallet
5635,22,2024-02-04,South,UPI
5636,580,2024-04-17,North,Credit Card
5637,204,2025-08-25,North,Credit Card
5638,223,2024-11-28,East,UPI
5639,677,2024-01-03,South,Credit Card
5640,504,2026-07-15,West,UPI
5641,277,2024-02-02,South,Debit Card
5642,347,2026-05-31,North,UPI
5643,572,2025-06-30,East,Credit Card
5644,416,2025-04-11,North,Credit Card
5645,803,2024-05-19,South,Net Banking
5646,804,2026-01-25,South,UPI
5647,906,2026-06-05,Central,UPI
5648,815,2024-02-26,West,Credit Card
5649,772,2026-05-13,East,Debit Card
5650,120,2024-04-14,North,Debit Card
5651,256,2025-06-08,Central,Credit Card
5652,967,2024-07-27,East,Credit Card
5653,542,2024-02-24,North,Credit Card
5654,971,2025-05-01,West,Cash on Delivery
5655,737,2025-03-20,South,Net Banking
5656,106,2026-03-30,East,Credit Card
5657,58,2025-05-02,East,Net Banking
5658,266,2024-02-09,East,Cash on Delivery
5659,26,2024-11-30,East,Credit Card
5660,611,2024-01-09,North,Debit Card
5661,778,2024-05-31,South,Credit Card
5662,383,2026-04-07,West,UPI
5663,653,2024-05-24,East,UPI
5664,6,2025-07-16,North,UPI
5665,644,2026-02-01,South,UPI
5666,51,2026-04-19,West,UPI
5667,238,2026-03-15,West,Debit Card
5668,147,2024-05-22,North,UPI
5669,189,2025-02-04,East,Wallet
5670,902,2026-08-05,East,Credit Card
5671,811,2025-07-30,East,UPI
5672,887,2026-07-19,East,Credit Card
5673,57,2025-07-31,West,UPI
5674,185,2025-04-02,East,Credit Card
5675,95,2025-03-11,West,Credit Card
5676,169,2025-02-09,East,Credit Card
5677,180,2026-01-03,East,UPI
5678,914,2026-04-28,West,Net Banking
5679,498,2025-05-12,Central,Cash on Delivery
5680,345,2025-05-11,East,Credit Card
5681,129,2026-03-17,South,Debit Card
5682,988,2025-10-03,West,Cash on Delivery
5683,885,2025-04-12,Central,Debit Card
5684,605,2024-09-24,Central,UPI
5685,841,2026-02-21,North,Credit Card
5686,404,2024-01-08,South,Credit Card
5687,599,2026-08-11,South,Credit Card
5688,336,2026-05-05,South,Credit Card
5689,565,2026-06-30,South,Credit Card
5690,6,2025-04-10,North,UPI
5691,983,2025-01-21,South,Net Banking
5692,252,2025-11-27,East,UPI
5693,493,2025-03-10,South,Wallet
5694,406,2024-06-29,North,Credit Card
5695,858,2025-06-30,West,UPI
5696,486,2025-04-29,North,Credit Card
5697,567,2025-05-31,Central,Credit Card
5698,831,2026-02-19,South,UPI
5699,418,2025-11-01,North,Credit Card
5700,935,2026-05-06,North,Debit Card
5701,987,2024-04-25,West,UPI
5702,507,2024-12-06,North,UPI
5703,12,2025-12-30,West,Debit Card
5704,490,2025-04-09,North,UPI
5705,558,2026-03-29,North,Debit Card
5706,541,2025-12-20,Central,Credit Card
5707,275,2025-08-11,South,Credit Card
5708,107,2026-04-04,West,Debit Card
5709,991,2025-01-18,North,Cash on Delivery
5710,624,2026-01-15,West,UPI
5711,49,2025-07-01,North,Net Banking
5712,732,2025-03-26,East,Debit Card
5713,963,2025-01-30,West,Credit Card
5714,240,2024-05-22,West,UPI
5715,911,2025-06-23,East,Credit Card
5716,402,2024-10-29,East,Credit Card
5717,961,2024-04-27,North,Debit Card
5718,775,2024-08-30,South,Net Banking
5719,80,2024-12-28,South,UPI
5720,855,2024-06-11,West,UPI
5721,104,2026-07-28,Central,UPI
5722,633,2024-08-12,South,Credit Card
5723,466,2024-06-28,South,Credit Card
5724,406,2026-01-28,North,Credit Card
5725,332,2024-04-02,East,Cash on Delivery
5726,185,2025-03-08,East,UPI
5727,484,2025-01-14,East,Debit Card
5728,232,2024-09-30,South,Wallet
5729,182,2026-07-08,East,Credit Card
5730,178,2024-06-01,North,Credit Card
5731,864,2025-09-05,West,UPI
5732,791,2024-01-22,Central,UPI
5733,115,2026-01-04,Central,Credit Card
5734,689,2025-06-12,East,UPI
5735,48,2024-11-07,East,Debit Card
5736,633,2025-06-05,South,Debit Card
5737,679,2025-05-27,West,UPI
5738,90,2024-02-01,South,Cash on Delivery
5739,182,2026-03-20,East,UPI
5740,469,2024-09-13,South,Debit Card
5741,299,2024-04-12,West,UPI
5742,968,2024-01-26,South,UPI
5743,577,2025-05-11,North,UPI
5744,571,2026-06-11,North,Debit Card
5745,150,2024-06-30,West,Debit Card
5746,496,2026-04-04,South,Debit Card
5747,789,2025-08-21,South,UPI
5748,784,2026-06-23,West,Cash on Delivery
5749,536,2025-03-28,East,UPI
5750,419,2024-10-07,North,Debit Card
5751,453,2026-05-20,North,Cash on Delivery
5752,81,2025-12-11,South,UPI
5753,897,2024-12-23,East,Debit Card
5754,674,2025-10-09,North,Debit Card
5755,516,2025-10-26,South,UPI
5756,525,2024-03-01,West,Credit Card
5757,756,2026-07-30,West,UPI
5758,492,2024-08-19,South,Credit Card
5759,19,2025-01-14,West,UPI
5760,395,2026-07-02,South,Wallet
5761,187,2024-10-30,North,Debit Card
5762,789,2026-08-11,South,Credit Card
5763,848,2024-04-30,Central,UPI
5764,882,2026-05-04,West,Credit Card
5765,971,2025-02-01,West,Credit Card
5766,452,2025-03-20,Central,Debit Card
5767,508,2024-02-10,East,UPI
5768,230,2025-11-10,East,Debit Card
5769,767,2024-12-02,South,UPI
5770,932,2026-01-17,East,UPI
5771,743,2025-06-05,North,UPI
5772,634,2026-02-13,West,UPI
5773,972,2026-07-10,East,UPI
5774,692,2024-11-23,West,UPI
5775,96,2025-05-06,East,UPI
5776,754,2024-05-03,East,Debit Card
5777,725,2024-09-03,West,Net Banking
5778,740,2024-10-21,South,Debit Card
5779,644,2025-05-03,South,Net Banking
5780,543,2025-04-22,South,Debit Card
5781,980,2025-08-11,West,Net Banking
5782,611,2025-09-04,North,UPI
5783,940,2025-11-18,South,Credit Card
5784,798,2025-07-21,North,Debit Card
5785,508,2025-06-12,East,Debit Card
5786,486,2024-11-11,North,Credit Card
5787,601,2026-03-14,South,Wallet
5788,128,2025-05-29,North,Debit Card
5789,896,2025-07-26,North,UPI
5790,259,2025-01-26,East,Wallet
5791,528,2024-12-22,Central,UPI
5792,228,2025-11-02,West,Net Banking
5793,7,2025-06-24,Central,Credit Card
5794,704,2024-10-09,East,Credit Card
5795,926,2025-09-30,North,Debit Card
5796,579,2026-07-11,West,Cash on Delivery
5797,195,2026-08-08,West,UPI
5798,292,2025-05-21,South,Credit Card
5799,603,2024-12-26,West,UPI
5800,666,2025-03-14,East,Credit Card
5801,520,2025-05-14,North,Debit Card
5802,188,2026-06-04,North,Net Banking
5803,188,2026-01-28,North,Debit Card
5804,518,2025-04-08,North,UPI
5805,46,2024-08-07,Central,UPI
5806,457,2026-04-12,West,Credit Card
5807,887,2024-01-17,East,Debit Card
5808,836,2025-05-17,North,Credit Card
5809,845,2024-12-16,East,UPI
5810,348,2024-03-12,East,Debit Card
5811,866,2024-07-11,South,Cash on Delivery
5812,379,2024-12-16,West,UPI
5813,245,2025-06-17,North,UPI
5814,934,2025-05-01,North,Debit Card
5815,171,2026-03-26,South,Credit Card
5816,527,2025-03-30,South,UPI
5817,420,2025-09-25,North,Debit Card
5818,525,2026-04-22,West,Credit Card
5819,572,2024-07-23,East,Debit Card
5820,148,2024-04-28,South,Credit Card
5821,188,2024-12-13,North,UPI
5822,729,2025-01-03,North,Net Banking
5823,177,2025-04-17,South,UPI
5824,239,2025-08-06,South,UPI
5825,750,2026-03-10,North,Credit Card
5826,214,2024-12-23,East,UPI
5827,661,2024-08-19,South,Credit Card
5828,522,2025-10-05,South,UPI
5829,269,2025-03-13,South,Credit Card
5830,162,2026-03-28,South,Wallet
5831,21,2026-07-14,North,Debit Card
5832,18,2024-10-25,East,Wallet
5833,251,2024-09-30,South,Credit Card
5834,630,2025-11-03,West,Net Banking
5835,454,2024-10-13,North,Credit Card
5836,708,2026-01-30,South,UPI
5837,98,2025-07-20,South,UPI
5838,757,2024-05-22,North,Credit Card
5839,512,2024-06-11,South,UPI
5840,506,2026-04-30,East,UPI
5841,128,2026-07-07,North,Cash on Delivery
5842,64,2024-08-17,North,UPI
5843,300,2024-12-10,East,Credit Card
5844,611,2025-03-28,North,UPI
5845,441,2025-01-29,South,Net Banking
5846,873,2025-06-21,South,Credit Card
5847,205,2024-11-20,North,Credit Card
5848,195,2025-07-31,West,Cash on Delivery
5849,478,2026-02-14,West,Debit Card
5850,332,2025-08-01,East,Cash on Delivery
5851,470,2024-06-11,West,Cash on Delivery
5852,421,2024-03-18,South,UPI
5853,617,2024-03-25,Central,UPI
5854,945,2025-01-14,East,Debit Card
5855,538,2024-11-13,West,Debit Card
5856,899,2024-09-07,North,Credit Card
5857,538,2024-12-22,West,UPI
5858,650,2025-07-17,West,UPI
5859,339,2025-07-31,South,UPI
5860,78,2025-02-13,South,Wallet
5861,21,2025-01-27,North,Credit Card
5862,114,2025-03-15,South,Wallet
5863,968,2025-05-31,South,Credit Card
5864,800,2025-09-16,South,Wallet
5865,373,2025-09-11,South,Debit Card
5866,510,2024-03-16,East,UPI
5867,617,2024-02-02,Central,UPI
5868,27,2024-07-18,North,UPI
5869,836,2025-03-24,North,Credit Card
5870,967,2024-06-26,East,Wallet
5871,707,2024-09-29,South,UPI
5872,728,2026-04-20,West,UPI
5873,828,2025-11-16,East,Credit Card
5874,77,2025-04-15,West,Net Banking
5875,528,2024-10-09,Central,UPI
5876,938,2025-08-15,South,UPI
5877,884,2024-09-02,West,UPI
5878,45,2024-10-12,East,Wallet
5879,343,2024-01-24,West,Credit Card
5880,348,2025-07-12,East,Debit Card
5881,360,2025-02-06,Central,Net Banking
5882,966,2025-06-06,West,Cash on Delivery
5883,792,2026-06-29,North,Wallet
5884,361,2024-01-12,East,UPI
5885,160,2025-09-20,South,UPI
5886,838,2024-08-22,East,Wallet
5887,699,2026-03-03,West,Debit Card
5888,441,2026-01-06,South,UPI
5889,331,2024-05-20,West,Credit Card
5890,623,2024-03-23,South,Wallet
5891,35,2025-01-03,West,Credit Card
5892,621,2025-08-14,South,UPI
5893,921,2024-06-11,East,Net Banking
5894,184,2024-04-19,South,Debit Card
5895,400,2026-01-25,West,Credit Card
5896,699,2025-09-12,West,UPI
5897,857,2024-09-04,North,Credit Card
5898,178,2024-06-20,North,UPI
5899,782,2024-02-07,South,Debit Card
5900,562,2026-03-17,South,Net Banking
5901,265,2026-04-12,North,UPI
5902,522,2025-07-06,South,Credit Card
5903,831,2026-04-03,South,Debit Card
5904,389,2025-04-17,Central,Wallet
5905,846,2025-05-08,North,UPI
5906,494,2024-09-19,East,Credit Card
5907,790,2024-12-06,South,Credit Card
5908,222,2024-03-16,North,UPI
5909,411,2025-07-11,South,Debit Card
5910,788,2025-01-10,West,Debit Card
5911,653,2025-12-06,East,Cash on Delivery
5912,394,2024-11-29,West,UPI
5913,298,2024-03-14,South,Debit Card
5914,159,2025-02-10,South,Credit Card
5915,797,2026-08-14,East,Credit Card
5916,715,2026-08-11,South,Cash on Delivery
5917,854,2025-01-04,North,Debit Card
5918,49,2025-01-15,North,Wallet
5919,720,2026-02-05,North,Credit Card
5920,978,2024-06-19,South,Wallet
5921,674,2024-04-18,North,UPI
5922,792,2026-07-16,North,Cash on Delivery
5923,308,2025-01-03,East,Cash on Delivery
5924,492,2024-05-16,South,Credit Card
5925,959,2026-05-29,West,UPI
5926,175,2025-09-02,East,Credit Card
5927,478,2026-08-07,West,UPI
5928,878,2025-08-12,South,UPI
5929,365,2024-12-28,West,Debit Card
5930,662,2025-10-26,South,Credit Card
5931,429,2025-12-22,East,Debit Card
5932,997,2025-05-08,Central,Credit Card
5933,318,2025-11-02,East,UPI
5934,156,2026-03-29,West,Debit Card
5935,545,2025-07-15,North,UPI
5936,801,2025-12-27,East,Net Banking
5937,896,2026-05-26,North,Debit Card
5938,153,2024-02-20,South,Debit Card
5939,716,2024-04-27,North,Debit Card
5940,130,2025-10-17,South,Credit Card
5941,83,2025-10-17,South,Credit Card
5942,142,2024-12-03,South,Cash on Delivery
5943,264,2026-04-20,East,Debit Card
5944,617,2024-07-12,Central,Credit Card
5945,809,2024-06-09,West,Credit Card
5946,292,2024-03-23,South,Cash on Delivery
5947,234,2026-05-16,South,UPI
5948,310,2024-08-25,West,UPI
5949,642,2025-12-20,East,Net Banking
5950,628,2024-04-01,South,Debit Card
5951,340,2025-04-25,North,UPI
5952,806,2024-03-18,South,Net Banking
5953,546,2026-03-19,West,UPI
5954,119,2024-10-11,North,Credit Card
5955,110,2026-01-23,North,Wallet
5956,148,2025-11-20,South,UPI
5957,237,2024-04-12,North,UPI
5958,822,2024-11-07,North,Credit Card
5959,199,2025-12-17,North,UPI
5960,7,2025-04-20,Central,Wallet
5961,237,2024-01-14,North,UPI
5962,791,2026-03-26,Central,Debit Card
5963,645,2025-10-24,South,Credit Card
5964,545,2025-10-28,North,Net Banking
5965,988,2025-01-29,West,Debit Card
5966,675,2025-09-11,North,UPI
5967,732,2024-11-15,East,Credit Card
5968,396,2026-07-07,North,Debit Card
5969,46,2025-01-13,Central,Wallet
5970,55,2025-05-17,South,Debit Card
5971,678,2024-05-11,Central,Credit Card
5972,918,2024-11-30,South,UPI
5973,417,2024-10-20,South,Debit Card
5974,835,2024-09-26,North,Wallet
5975,884,2025-01-23,West,Debit Card
5976,189,2024-12-01,East,Credit Card
5977,353,2026-05-28,West,Credit Card
5978,50,2026-08-11,East,UPI
5979,674,2025-09-20,North,Cash on Delivery
5980,520,2024-01-28,North,Cash on Delivery
5981,1,2024-11-01,East,Net Banking
5982,653,2025-05-14,East,Wallet
5983,15,2026-05-31,North,Debit Card
5984,269,2025-03-27,South,Cash on Delivery
5985,736,2026-04-28,South,Credit Card
5986,649,2025-07-03,East,Credit Card
5987,159,2024-10-20,South,UPI
5988,223,2026-07-18,East,UPI
5989,568,2025-05-11,South,UPI
5990,298,2025-08-08,South,UPI
5991,68,2026-04-24,North,Credit Card
5992,918,2025-03-22,South,Credit Card
5993,61,2024-11-08,South,Net Banking
5994,354,2025-05-23,East,Credit Card
5995,536,2026-05-02,East,Debit Card
5996,822,2024-02-21,North,Debit Card
5997,596,2024-08-12,South,Wallet
5998,538,2024-03-18,West,Credit Card
5999,512,2025-12-18,South,Credit Card
6000,730,2024-01-25,North,UPI
6001,846,2024-10-25,North,UPI
6002,604,2024-04-05,Central,Debit Card
6003,155,2024-08-31,East,UPI
6004,337,2025-10-21,East,UPI
6005,207,2026-07-01,North,UPI
6006,309,2024-07-06,East,Net Banking
6007,542,2026-03-05,North,Net Banking
6008,739,2025-05-21,East,Debit Card
6009,894,2025-11-03,East,Debit Card
6010,415,2025-07-16,South,Cash on Delivery
6011,918,2024-11-07,South,Credit Card
6012,92,2024-01-13,South,UPI
6013,253,2026-06-16,North,Credit Card
6014,206,2025-01-05,North,UPI
6015,874,2026-05-05,West,UPI
6016,653,2025-12-07,East,Credit Card
6017,746,2025-08-30,North,UPI
6018,496,2025-05-16,South,Cash on Delivery
6019,142,2025-04-12,South,Credit Card
6020,526,2024-07-05,South,UPI
6021,903,2025-10-17,West,UPI
6022,673,2025-06-13,South,Debit Card
6023,720,2025-02-08,North,UPI
6024,888,2024-06-22,South,Credit Card
6025,102,2025-01-16,South,Debit Card
6026,429,2024-12-14,East,Credit Card
6027,939,2025-01-13,South,UPI
6028,160,2025-08-05,South,Credit Card
6029,463,2025-05-01,North,Debit Card
6030,177,2024-07-20,South,UPI
6031,758,2024-03-16,West,UPI
6032,650,2026-07-31,West,Credit Card
6033,572,2024-02-21,East,Debit Card
6034,138,2024-09-13,East,UPI
6035,642,2026-06-22,East,Net Banking
6036,704,2024-07-26,East,Debit Card
6037,327,2024-06-02,East,Net Banking
6038,653,2026-06-28,East,UPI
6039,988,2024-10-19,West,UPI
6040,295,2025-01-04,North,Credit Card
6041,988,2025-04-01,West,UPI
6042,643,2024-11-20,East,UPI
6043,126,2026-01-26,North,Net Banking
6044,971,2024-12-24,West,UPI
6045,831,2024-05-27,South,Debit Card
6046,615,2025-03-11,South,Credit Card
6047,924,2024-07-04,North,Net Banking
6048,348,2024-12-21,East,Credit Card
6049,691,2025-08-17,West,Debit Card
6050,227,2026-06-13,North,Wallet
6051,24,2024-12-29,Central,UPI
6052,644,2025-04-27,South,Net Banking
6053,476,2024-08-07,North,UPI
6054,20,2026-06-17,North,Credit Card
6055,627,2024-10-27,North,Cash on Delivery
6056,678,2026-02-24,Central,UPI
6057,266,2024-08-30,East,UPI
6058,151,2025-11-01,East,Credit Card
6059,172,2024-07-24,South,Credit Card
6060,714,2025-11-12,West,Debit Card
6061,881,2024-06-16,North,Net Banking
6062,32,2024-04-15,West,Debit Card
6063,577,2024-03-19,North,UPI
6064,275,2026-07-08,South,Credit Card
6065,720,2025-05-28,North,UPI
6066,274,2025-11-18,North,Credit Card
6067,907,2025-08-29,West,Credit Card
6068,424,2024-06-09,South,Debit Card
6069,326,2024-06-02,South,Debit Card
6070,69,2024-07-16,North,Debit Card
6071,652,2025-05-02,South,UPI
6072,783,2025-03-12,North,UPI
6073,126,2025-07-02,North,Credit Card
6074,5,2025-03-26,West,Debit Card
6075,193,2026-08-09,East,Credit Card
6076,74,2024-02-11,West,Credit Card
6077,56,2026-01-30,North,Cash on Delivery
6078,786,2025-09-09,West,Debit Card
6079,761,2024-05-07,Central,Credit Card
6080,146,2025-11-06,North,UPI
6081,714,2024-07-29,West,Cash on Delivery
6082,742,2025-12-17,South,UPI
6083,17,2026-01-25,East,UPI
6084,162,2024-01-21,South,Net Banking
6085,501,2024-05-30,South,Cash on Delivery
6086,215,2024-10-13,South,Credit Card
6087,629,2024-09-28,Central,UPI
6088,996,2025-05-07,East,Credit Card
6089,512,2024-01-23,South,UPI
6090,222,2025-06-09,North,Debit Card
6091,78,2026-03-18,South,UPI
6092,872,2024-07-27,North,UPI
6093,9,2026-01-05,South,Credit Card
6094,647,2024-06-08,South,Net Banking
6095,623,2024-09-15,South,UPI
6096,23,2024-01-07,West,Credit Card
6097,392,2024-01-28,West,Credit Card
6098,496,2024-10-28,South,Debit Card
6099,825,2024-12-21,North,UPI
6100,234,2026-04-13,South,Net Banking
6101,369,2025-03-07,West,Credit Card
6102,141,2024-04-19,North,Credit Card
6103,398,2024-01-11,North,UPI
6104,390,2024-04-30,South,UPI
6105,547,2026-02-12,South,Credit Card
6106,303,2025-12-26,North,Debit Card
6107,773,2025-04-20,South,Debit Card
6108,40,2025-12-15,North,UPI
6109,842,2025-08-13,West,UPI
6110,993,2025-03-04,South,UPI
6111,455,2026-02-19,North,Credit Card
6112,135,2025-05-08,North,Debit Card
6113,30,2024-10-05,South,Debit Card
6114,244,2024-05-08,South,UPI
6115,284,2025-09-19,West,UPI
6116,191,2024-01-05,West,UPI
6117,959,2025-12-26,West,Net Banking
6118,885,2025-02-06,Central,Cash on Delivery
6119,336,2025-02-16,South,Debit Card
6120,410,2026-03-21,South,Debit Card
6121,718,2025-03-03,East,Credit Card
6122,919,2024-06-01,East,Debit Card
6123,332,2025-07-26,East,Credit Card
6124,384,2025-10-06,South,UPI
6125,904,2025-11-29,North,Debit Card
6126,598,2026-05-15,South,Credit Card
6127,858,2024-06-07,West,Credit Card
6128,562,2025-08-30,South,Credit Card
6129,106,2026-07-21,East,Wallet
6130,185,2024-09-07,East,Wallet
6131,141,2026-02-04,North,Cash on Delivery
6132,61,2024-10-04,South,UPI
6133,65,2024-04-13,South,Credit Card
6134,727,2025-08-15,West,UPI
6135,929,2024-09-05,East,Credit Card
6136,579,2026-01-31,West,UPI
6137,386,2026-01-31,North,Cash on Delivery
6138,311,2026-07-17,Central,Debit Card
6139,422,2026-07-22,North,UPI
6140,361,2025-05-02,East,UPI
6141,66,2026-06-05,North,Net Banking
6142,81,2024-07-04,South,Net Banking
6143,172,2024-08-23,South,UPI
6144,166,2025-02-03,South,Credit Card
6145,635,2025-02-12,South,Credit Card
6146,29,2024-11-13,West,Credit Card
6147,264,2026-04-30,East,Credit Card
6148,963,2024-02-17,West,Net Banking
6149,499,2025-11-14,West,UPI
6150,344,2024-09-22,West,Credit Card
6151,896,2024-01-23,North,Credit Card
6152,292,2024-07-24,South,Net Banking
6153,110,2024-05-24,North,Credit Card
6154,3,2026-07-15,South,Debit Card
6155,936,2026-02-07,East,Debit Card
6156,896,2025-03-19,North,UPI
6157,95,2026-05-09,West,Net Banking
6158,369,2024-07-28,West,UPI
6159,379,2026-03-06,West,Credit Card
6160,810,2024-03-02,South,Credit Card
6161,1000,2024-12-11,North,UPI
6162,121,2024-06-24,West,Cash on Delivery
6163,318,2026-08-14,East,Credit Card
6164,61,2025-03-08,South,Credit Card
6165,881,2026-04-21,North,Debit Card
6166,646,2025-06-06,South,UPI
6167,746,2025-09-10,North,UPI
6168,157,2026-07-04,North,UPI
6169,9,2025-06-25,South,Credit Card
6170,721,2025-10-04,West,UPI
6171,612,2024-05-03,North,UPI
6172,738,2025-01-12,South,Wallet
6173,724,2025-11-27,East,Wallet
6174,922,2025-06-06,West,Wallet
6175,787,2025-02-10,East,Cash on Delivery
6176,521,2025-02-22,North,UPI
6177,751,2024-03-13,East,Cash on Delivery
6178,694,2026-05-11,West,UPI
6179,461,2026-08-13,East,UPI
6180,841,2024-06-17,North,Debit Card
6181,344,2026-04-15,West,Debit Card
6182,822,2025-05-03,North,Credit Card
6183,649,2025-07-01,East,Debit Card
6184,252,2026-01-01,East,Net Banking
6185,235,2024-02-23,South,UPI
6186,523,2026-08-05,North,Credit Card
6187,460,2026-07-04,South,UPI
6188,179,2025-07-21,East,UPI
6189,584,2025-05-09,South,UPI
6190,169,2025-02-26,East,Net Banking
6191,495,2024-12-02,Central,UPI
6192,471,2025-02-23,North,Wallet
6193,142,2024-07-12,South,Credit Card
6194,63,2025-10-20,South,Debit Card
6195,7,2026-02-17,Central,Credit Card
6196,570,2025-07-16,West,UPI
6197,429,2024-07-10,East,Debit Card
6198,423,2025-04-09,South,Cash on Delivery
6199,203,2024-07-17,North,UPI
6200,875,2026-06-26,South,Credit Card
6201,938,2026-05-02,South,UPI
6202,378,2025-06-23,West,UPI
6203,293,2025-11-13,South,UPI
6204,898,2024-11-08,South,Debit Card
6205,789,2024-08-29,South,Credit Card
6206,581,2024-05-23,South,Credit Card
6207,611,2026-08-09,North,Debit Card
6208,309,2025-03-19,East,Debit Card
6209,945,2025-10-22,East,Credit Card
6210,150,2024-01-08,West,Credit Card
6211,946,2024-09-12,North,Debit Card
6212,535,2024-07-20,Central,UPI
6213,160,2024-09-22,South,Credit Card
6214,510,2024-04-14,East,UPI
6215,95,2024-04-07,West,UPI
6216,937,2024-06-08,North,Credit Card
6217,426,2024-07-22,North,UPI
6218,891,2024-12-23,South,Wallet
6219,189,2025-06-19,East,Cash on Delivery
6220,59,2026-07-15,East,Debit Card
6221,736,2025-05-08,South,UPI
6222,64,2024-01-22,North,UPI
6223,629,2024-11-18,Central,Debit Card
6224,222,2026-06-26,North,Cash on Delivery
6225,133,2025-02-19,West,Credit Card
6226,908,2026-01-29,North,UPI
6227,936,2026-01-30,East,UPI
6228,365,2025-12-03,West,Credit Card
6229,516,2025-10-17,South,Credit Card
6230,562,2024-07-15,South,Debit Card
6231,911,2024-04-09,East,UPI
6232,972,2026-07-10,East,UPI
6233,887,2026-05-07,East,UPI
6234,240,2024-09-23,West,Net Banking
6235,214,2026-05-19,East,UPI
6236,936,2024-08-28,East,Debit Card
6237,319,2024-10-02,East,Debit Card
6238,1,2025-12-24,East,Debit Card
6239,908,2025-06-02,North,UPI
6240,56,2025-10-03,North,Credit Card
6241,322,2024-03-28,South,Debit Card
6242,485,2024-02-15,West,Debit Card
6243,307,2025-07-03,South,Net Banking
6244,19,2024-08-21,West,UPI
6245,625,2025-03-05,South,Debit Card
6246,462,2024-12-13,East,UPI
6247,661,2025-08-15,South,Cash on Delivery
6248,715,2024-11-02,South,Credit Card
6249,476,2025-05-01,North,UPI
6250,855,2025-09-20,West,Cash on Delivery
6251,559,2024-02-13,East,Credit Card
6252,394,2024-10-24,West,Debit Card
6253,163,2026-04-30,North,UPI
6254,600,2025-02-19,North,Credit Card
6255,981,2024-10-10,North,UPI
6256,673,2024-08-18,South,UPI
6257,621,2024-09-26,South,Credit Card
6258,785,2024-04-10,East,Credit Card
6259,760,2026-05-10,West,Wallet
6260,173,2025-04-30,West,Credit Card
6261,647,2026-07-13,South,Credit Card
6262,668,2026-01-03,North,Credit Card
6263,889,2026-02-01,East,UPI
6264,491,2026-04-03,West,UPI
6265,663,2026-01-08,South,Credit Card
6266,818,2024-08-23,North,Credit Card
6267,435,2025-11-04,South,Credit Card
6268,62,2026-05-07,South,Wallet
6269,348,2025-09-22,East,Net Banking
6270,931,2025-03-24,South,UPI
6271,996,2025-02-02,East,Credit Card
6272,286,2026-07-23,North,UPI
6273,650,2024-07-16,West,Credit Card
6274,327,2024-02-15,East,Debit Card
6275,353,2026-06-15,West,UPI
6276,721,2025-01-30,West,Debit Card
6277,54,2024-02-26,West,Debit Card
6278,334,2026-07-30,East,UPI
6279,383,2026-07-20,West,Cash on Delivery
6280,64,2025-10-11,North,Debit Card
6281,729,2024-11-07,North,UPI
6282,138,2025-06-08,East,Debit Card
6283,572,2024-10-10,East,UPI
6284,350,2026-06-09,South,Credit Card
6285,814,2025-06-02,Central,Net Banking
6286,841,2025-05-05,North,Debit Card
6287,274,2024-10-17,North,Credit Card
6288,811,2024-02-08,East,Net Banking
6289,132,2025-08-24,West,Cash on Delivery
6290,924,2025-10-26,North,UPI
6291,233,2025-07-08,South,Credit Card
6292,782,2026-01-30,South,Net Banking
6293,390,2025-03-03,South,UPI
6294,382,2024-05-31,North,Debit Card
6295,557,2025-04-16,North,Wallet
6296,981,2026-05-25,North,Wallet
6297,615,2026-05-18,South,Credit Card
6298,568,2025-09-08,South,Net Banking
6299,607,2026-08-06,West,Debit Card
6300,718,2024-07-18,East,Credit Card
6301,508,2024-05-14,East,Credit Card
6302,385,2024-11-17,North,Debit Card
6303,953,2026-02-26,West,Net Banking
6304,873,2024-10-27,South,Net Banking
6305,4,2025-04-26,West,UPI
6306,280,2025-05-16,East,UPI
6307,9,2024-02-14,South,UPI
6308,441,2025-06-30,South,Credit Card
6309,703,2025-02-09,West,Credit Card
6310,929,2024-04-27,East,UPI
6311,615,2025-12-21,South,UPI
6312,699,2025-08-20,West,UPI
6313,982,2024-09-16,West,Debit Card
6314,485,2024-12-16,West,UPI
6315,494,2026-06-01,East,Wallet
6316,747,2025-09-23,South,Credit Card
6317,171,2026-07-23,South,UPI
6318,211,2025-05-21,South,Credit Card
6319,721,2024-09-12,West,Debit Card
6320,331,2025-10-23,West,UPI
6321,462,2026-05-02,East,Credit Card
6322,548,2024-01-23,West,Credit Card
6323,319,2025-06-06,East,Net Banking
6324,227,2025-03-07,North,Cash on Delivery
6325,65,2026-05-22,South,Debit Card
6326,751,2024-09-12,East,Credit Card
6327,397,2024-07-22,South,Cash on Delivery
6328,125,2024-05-05,Central,UPI
6329,514,2026-03-14,East,Credit Card
6330,520,2024-01-21,North,Debit Card
6331,355,2024-09-30,North,UPI
6332,684,2026-03-16,West,Credit Card
6333,84,2024-09-25,South,Credit Card
6334,933,2024-01-05,North,Cash on Delivery
6335,107,2026-02-08,West,Debit Card
6336,311,2025-09-06,Central,UPI
6337,694,2025-04-07,West,UPI
6338,16,2026-04-06,North,Credit Card
6339,525,2025-01-07,West,UPI
6340,19,2025-03-04,West,Net Banking
6341,375,2024-02-25,Central,Net Banking
6342,516,2024-11-10,South,Cash on Delivery
6343,60,2026-05-28,South,Credit Card
6344,320,2024-09-15,West,UPI
6345,185,2025-07-27,East,Debit Card
6346,870,2026-06-22,North,UPI
6347,871,2026-05-08,South,UPI
6348,411,2024-04-25,South,Debit Card
6349,241,2025-06-05,North,Credit Card
6350,173,2024-04-28,West,UPI
6351,786,2025-09-23,West,Debit Card
6352,846,2025-11-13,North,Cash on Delivery
6353,565,2025-11-12,South,Credit Card
6354,773,2024-02-02,South,Credit Card
6355,425,2025-06-16,West,UPI
6356,67,2024-12-05,South,Credit Card
6357,785,2026-07-04,East,UPI
6358,88,2025-06-06,South,UPI
6359,433,2024-12-31,South,Credit Card
6360,674,2024-04-26,North,UPI
6361,192,2024-03-30,South,Debit Card
6362,737,2024-02-08,South,Debit Card
6363,718,2024-05-20,East,Credit Card
6364,1000,2026-04-02,North,Debit Card
6365,876,2025-02-15,West,Credit Card
6366,715,2025-04-10,South,Debit Card
6367,867,2024-11-11,South,Net Banking
6368,976,2026-07-09,South,Cash on Delivery
6369,986,2024-03-27,South,Cash on Delivery
6370,1,2024-05-01,East,Cash on Delivery
6371,80,2026-03-25,South,Credit Card
6372,579,2025-11-03,West,Net Banking
6373,65,2024-08-22,South,UPI
6374,407,2026-04-26,North,Credit Card
6375,37,2025-02-11,South,Credit Card
6376,502,2026-03-07,Central,Wallet
6377,418,2025-09-27,North,UPI
6378,57,2026-04-19,West,UPI
6379,696,2025-08-28,South,Cash on Delivery
6380,911,2024-02-20,East,Cash on Delivery
6381,67,2024-09-06,South,Debit Card
6382,675,2025-02-05,North,Debit Card
6383,271,2024-02-27,East,Net Banking
6384,489,2025-08-27,North,UPI
6385,44,2026-07-16,South,Cash on Delivery
6386,538,2025-11-17,West,UPI
6387,940,2025-04-16,South,Credit Card
6388,132,2024-04-20,West,Net Banking
6389,764,2024-11-29,South,Credit Card
6390,804,2025-10-18,South,Debit Card
6391,334,2026-01-10,East,Debit Card
6392,5,2024-06-10,West,UPI
6393,591,2025-05-23,South,Wallet
6394,547,2025-03-23,South,UPI
6395,458,2026-05-08,North,Debit Card
6396,229,2024-08-01,South,UPI
6397,780,2024-04-12,North,Credit Card
6398,975,2025-01-11,East,Credit Card
6399,396,2025-06-22,North,UPI
6400,309,2025-02-10,East,Credit Card
6401,714,2025-04-29,West,Net Banking
6402,396,2025-09-03,North,UPI
6403,60,2026-03-24,South,Credit Card
6404,439,2025-01-25,South,UPI
6405,99,2024-09-11,North,UPI
6406,847,2024-01-29,South,Credit Card
6407,824,2025-01-02,North,Credit Card
6408,135,2026-06-16,North,Debit Card
6409,693,2025-06-25,Central,Cash on Delivery
6410,810,2026-07-15,South,UPI
6411,55,2026-06-18,South,Credit Card
6412,386,2024-01-27,North,Credit Card
6413,221,2026-08-10,West,Credit Card
6414,501,2026-04-28,South,Credit Card
6415,84,2025-12-19,South,UPI
6416,547,2025-03-23,South,Credit Card
6417,105,2024-06-12,West,Cash on Delivery
6418,302,2025-07-02,South,UPI
6419,555,2026-07-22,North,Credit Card
6420,350,2025-06-15,South,Credit Card
6421,263,2024-02-10,East,Credit Card
6422,219,2024-09-02,West,Cash on Delivery
6423,127,2026-06-13,West,Debit Card
6424,616,2025-10-31,East,UPI
6425,788,2024-06-05,West,UPI
6426,566,2024-09-11,West,Credit Card
6427,786,2024-10-01,West,UPI
6428,796,2024-01-26,West,Credit Card
6429,494,2025-10-22,East,UPI
6430,175,2024-10-08,East,Credit Card
6431,588,2026-01-25,North,UPI
6432,190,2024-01-05,South,Cash on Delivery
6433,289,2024-03-23,West,Credit Card
6434,537,2025-03-03,North,UPI
6435,655,2025-12-16,North,Debit Card
6436,680,2025-08-20,North,Net Banking
6437,524,2026-07-09,East,Credit Card
6438,747,2025-10-29,South,UPI
6439,36,2026-06-29,North,Net Banking
6440,30,2026-02-12,South,UPI
6441,627,2025-04-25,North,Net Banking
6442,193,2025-07-17,East,Credit Card
6443,105,2024-08-07,West,UPI
6444,687,2024-07-22,South,UPI
6445,454,2024-09-14,North,Cash on Delivery
6446,372,2025-09-22,North,UPI
6447,550,2024-10-31,West,Net Banking
6448,553,2024-02-20,East,UPI
6449,991,2025-05-06,North,Credit Card
6450,107,2026-01-19,West,UPI
6451,508,2026-04-07,East,Wallet
6452,722,2024-08-13,South,UPI
6453,248,2024-07-25,North,Net Banking
6454,1,2025-08-14,East,UPI
6455,53,2026-06-24,North,Wallet
6456,846,2025-03-17,North,UPI
6457,618,2025-11-20,North,Credit Card
6458,754,2025-11-26,East,UPI
6459,748,2025-06-04,South,Credit Card
6460,180,2024-11-17,East,UPI
6461,897,2024-12-10,East,UPI
6462,128,2025-07-21,North,Credit Card
6463,428,2025-02-14,South,UPI
6464,760,2024-02-09,West,UPI
6465,815,2024-09-03,West,Debit Card
6466,866,2025-08-04,South,UPI
6467,440,2024-03-07,North,UPI
6468,143,2025-06-26,South,UPI
6469,819,2026-04-01,South,UPI
6470,220,2024-05-07,South,Credit Card
6471,689,2024-03-08,East,Debit Card
6472,696,2026-05-15,South,Net Banking
6473,982,2024-09-11,West,Cash on Delivery
6474,644,2024-06-18,South,UPI
6475,673,2024-01-01,South,Debit Card
6476,509,2025-11-17,North,UPI
6477,810,2024-07-12,South,UPI
6478,368,2025-06-15,East,UPI
6479,271,2025-04-22,East,Credit Card
6480,773,2024-01-11,South,Credit Card
6481,706,2024-10-07,South,Debit Card
6482,771,2026-03-06,North,Credit Card
6483,903,2024-01-19,West,UPI
6484,67,2026-06-12,South,UPI
6485,486,2026-08-08,North,Credit Card
6486,430,2024-01-19,South,UPI
6487,17,2025-05-29,East,Wallet
6488,284,2024-02-14,West,Credit Card
6489,589,2025-09-29,North,Debit Card
6490,952,2025-02-15,West,Debit Card
6491,949,2026-06-28,West,UPI
6492,103,2025-10-10,South,Credit Card
6493,927,2025-01-21,South,Credit Card
6494,224,2024-02-05,South,Credit Card
6495,465,2026-05-07,South,Cash on Delivery
6496,912,2026-07-04,South,UPI
6497,750,2025-12-21,North,Credit Card
6498,139,2024-05-30,North,Debit Card
6499,178,2026-03-27,North,Debit Card
6500,442,2025-11-30,North,UPI
6501,7,2025-01-28,Central,UPI
6502,33,2024-12-22,West,Cash on Delivery
6503,397,2024-08-22,South,Credit Card
6504,75,2025-04-13,North,Cash on Delivery
6505,736,2024-01-22,South,Credit Card
6506,372,2026-03-14,North,Debit Card
6507,915,2025-02-01,East,UPI
6508,8,2025-12-23,North,UPI
6509,83,2024-03-22,South,Cash on Delivery
6510,294,2025-05-17,South,UPI
6511,663,2024-11-05,South,Cash on Delivery
6512,48,2025-11-08,East,Net Banking
6513,364,2025-03-31,West,UPI
6514,152,2024-02-25,East,UPI
6515,737,2024-08-05,South,Debit Card
6516,437,2025-12-05,East,UPI
6517,32,2025-05-05,West,Credit Card
6518,861,2025-07-22,West,Debit Card
6519,61,2024-03-19,South,Wallet
6520,809,2026-05-26,West,Cash on Delivery
6521,339,2024-08-26,South,Debit Card
6522,879,2025-05-09,North,Debit Card
6523,203,2025-10-07,North,UPI
6524,99,2024-12-21,North,Credit Card
6525,1,2024-09-17,East,Credit Card
6526,625,2024-03-21,South,UPI
6527,363,2025-01-17,South,Cash on Delivery
6528,646,2024-10-16,South,Debit Card
6529,924,2024-05-05,North,Credit Card
6530,529,2025-07-29,East,Credit Card
6531,92,2026-03-03,South,Wallet
6532,195,2026-08-12,West,Cash on Delivery
6533,103,2024-05-20,South,UPI
6534,319,2025-03-16,East,UPI
6535,700,2025-04-04,West,Net Banking
6536,274,2026-06-05,North,Credit Card
6537,787,2025-07-19,East,Credit Card
6538,357,2024-12-05,South,Net Banking
6539,142,2026-02-26,South,Debit Card
6540,970,2026-02-05,North,Credit Card
6541,665,2025-07-09,North,UPI
6542,592,2025-07-19,North,Debit Card
6543,179,2025-08-04,East,Credit Card
6544,794,2026-03-28,North,UPI
6545,526,2026-05-02,South,Debit Card
6546,71,2025-10-15,North,UPI
6547,601,2025-04-07,South,Debit Card
6548,244,2025-01-29,South,Net Banking
6549,585,2026-01-13,East,Net Banking
6550,109,2025-06-27,South,Credit Card
6551,264,2025-12-11,East,Wallet
6552,278,2026-01-12,West,Credit Card
6553,808,2025-12-11,South,UPI
6554,685,2024-03-27,East,Debit Card
6555,423,2025-03-12,South,UPI
6556,303,2025-04-05,North,Wallet
6557,495,2024-05-14,Central,Credit Card
6558,45,2025-09-06,East,Cash on Delivery
6559,535,2024-12-31,Central,UPI
6560,691,2025-12-12,West,UPI
6561,607,2024-06-22,West,Net Banking
6562,665,2024-01-08,North,Credit Card
6563,875,2026-03-28,South,Wallet
6564,285,2024-01-15,West,UPI
6565,623,2025-01-31,South,Credit Card
6566,354,2025-12-14,East,Debit Card
6567,912,2024-04-23,South,Net Banking
6568,993,2025-12-18,South,UPI
6569,880,2026-06-09,Central,UPI
6570,76,2024-12-10,East,UPI
6571,777,2026-06-16,North,Credit Card
6572,667,2025-03-07,West,UPI
6573,229,2024-01-29,South,Debit Card
6574,365,2026-05-14,West,Net Banking
6575,866,2025-02-26,South,Cash on Delivery
6576,306,2024-01-25,North,Debit Card
6577,333,2025-07-26,North,UPI
6578,92,2025-11-13,South,Credit Card
6579,258,2026-06-09,South,Net Banking
6580,995,2025-04-21,North,UPI
6581,881,2025-04-28,North,UPI
6582,64,2024-04-02,North,Debit Card
6583,1000,2025-11-08,North,Debit Card
6584,441,2025-01-23,South,UPI
6585,401,2024-10-13,North,UPI
6586,418,2024-06-26,North,Credit Card
6587,902,2024-01-02,East,Debit Card
6588,246,2024-07-27,South,UPI
6589,106,2024-05-09,East,UPI
6590,37,2024-08-31,South,UPI
6591,226,2026-01-13,Central,Credit Card
6592,699,2025-09-17,West,UPI
6593,622,2024-04-05,South,Net Banking
6594,805,2025-03-15,South,UPI
6595,963,2024-05-09,West,Cash on Delivery
6596,421,2024-02-07,South,Credit Card
6597,152,2025-04-28,East,Cash on Delivery
6598,593,2024-04-10,North,Net Banking
6599,540,2025-07-29,North,UPI
6600,301,2025-04-30,North,Debit Card
6601,676,2026-02-12,South,UPI
6602,309,2024-01-04,East,Debit Card
6603,64,2024-09-12,North,Debit Card
6604,219,2024-01-10,West,UPI
6605,221,2025-07-27,West,Debit Card
6606,845,2026-01-09,East,Credit Card
6607,290,2024-04-24,South,UPI
6608,151,2025-12-11,East,Cash on Delivery
6609,538,2025-12-26,West,UPI
6610,177,2026-06-06,South,UPI
6611,659,2025-04-01,West,Credit Card
6612,935,2025-02-03,North,Credit Card
6613,282,2026-05-10,South,Cash on Delivery
6614,854,2026-06-10,North,Credit Card
6615,682,2026-02-19,West,Cash on Delivery
6616,278,2024-12-19,West,Debit Card
6617,191,2026-03-09,West,Credit Card
6618,681,2025-07-15,West,UPI
6619,337,2024-09-04,East,Wallet
6620,386,2026-07-13,North,Credit Card
6621,955,2025-07-04,North,Credit Card
6622,995,2026-03-01,North,Credit Card
6623,570,2026-08-03,West,Credit Card
6624,697,2025-07-11,North,Debit Card
6625,705,2024-04-03,East,UPI
6626,628,2024-11-17,South,Credit Card
6627,749,2024-05-19,North,Cash on Delivery
6628,986,2025-01-03,South,UPI
6629,961,2024-09-29,North,UPI
6630,27,2025-09-28,North,Debit Card
6631,365,2024-03-28,West,Debit Card
6632,222,2024-10-04,North,UPI
6633,905,2024-03-11,South,UPI
6634,868,2025-03-07,West,Credit Card
6635,327,2026-06-26,East,Cash on Delivery
6636,453,2025-07-17,North,UPI
6637,967,2025-08-10,East,UPI
6638,565,2026-06-28,South,Credit Card
6639,733,2025-12-01,North,Debit Card
6640,752,2026-04-20,South,UPI
6641,756,2024-10-26,West,UPI
6642,279,2026-02-16,West,Cash on Delivery
6643,618,2025-09-13,North,UPI
6644,712,2026-05-26,Central,Cash on Delivery
6645,12,2024-02-10,West,Credit Card
6646,815,2025-04-21,West,UPI
6647,915,2024-04-11,East,UPI
6648,160,2026-03-23,South,Debit Card
6649,446,2024-11-17,Central,UPI
6650,389,2025-12-26,Central,Cash on Delivery
6651,892,2026-07-12,South,Net Banking
6652,766,2024-04-29,North,Debit Card
6653,123,2024-08-17,East,Credit Card
6654,594,2025-07-14,East,Credit Card
6655,603,2025-08-26,West,Credit Card
6656,894,2025-10-15,East,UPI
6657,277,2024-02-29,South,Credit Card
6658,86,2025-03-17,North,Net Banking
6659,134,2025-07-28,East,UPI
6660,866,2025-08-09,South,Wallet
6661,677,2024-12-30,South,UPI
6662,471,2024-08-28,North,Cash on Delivery
6663,989,2025-04-24,East,Credit Card
6664,756,2024-06-13,West,Credit Card
6665,805,2025-05-12,South,Debit Card
6666,417,2026-04-25,South,UPI
6667,575,2024-06-24,East,UPI
6668,846,2025-01-16,North,Credit Card
6669,609,2025-07-18,South,Debit Card
6670,39,2024-05-10,West,Net Banking
6671,839,2024-04-16,West,Net Banking
6672,409,2024-06-27,West,Debit Card
6673,371,2025-03-04,West,Credit Card
6674,944,2024-06-23,North,Credit Card
6675,613,2024-04-05,East,Credit Card
6676,828,2024-02-07,East,Debit Card
6677,394,2024-09-13,West,Debit Card
6678,600,2025-07-16,North,Credit Card
6679,244,2026-07-29,South,UPI
6680,511,2024-12-06,North,Credit Card
6681,231,2026-05-29,East,Credit Card
6682,11,2024-03-20,East,Credit Card
6683,103,2024-08-05,South,Credit Card
6684,459,2024-01-10,North,UPI
6685,798,2025-07-13,North,UPI
6686,763,2025-03-09,East,Credit Card
6687,100,2024-11-21,West,UPI
6688,515,2025-03-19,Central,Wallet
6689,107,2024-11-24,West,Wallet
6690,31,2025-09-21,South,UPI
6691,592,2025-03-11,North,Net Banking
6692,435,2024-07-13,South,UPI
6693,530,2024-11-28,South,Credit Card
6694,950,2025-01-14,South,Cash on Delivery
6695,969,2024-11-04,East,UPI
6696,527,2025-03-26,South,Debit Card
6697,911,2024-01-01,East,Cash on Delivery
6698,582,2026-01-27,North,UPI
6699,819,2024-10-04,South,Debit Card
6700,856,2026-08-08,East,Debit Card
6701,348,2025-05-04,East,Debit Card
6702,904,2025-07-06,North,Debit Card
6703,561,2024-09-15,West,Net Banking
6704,515,2024-06-15,Central,Debit Card
6705,951,2026-08-07,West,Debit Card
6706,341,2024-05-08,South,Net Banking
6707,622,2025-08-25,South,UPI
6708,806,2025-02-21,South,Credit Card
6709,432,2025-05-28,South,Credit Card
6710,642,2024-04-29,East,UPI
6711,358,2024-02-20,West,Debit Card
6712,585,2025-02-19,East,Wallet
6713,821,2024-05-31,East,UPI
6714,101,2026-03-05,West,UPI
6715,760,2025-01-12,West,Net Banking
6716,153,2024-11-20,South,Credit Card
6717,372,2026-06-19,North,UPI
6718,730,2025-09-21,North,Cash on Delivery
6719,737,2024-07-14,South,UPI
6720,735,2025-08-31,West,Credit Card
6721,327,2026-01-24,East,UPI
6722,868,2024-11-10,West,Debit Card
6723,269,2025-07-28,South,Credit Card
6724,192,2024-10-30,South,Credit Card
6725,814,2025-05-22,Central,Debit Card
6726,603,2024-02-07,West,UPI
6727,393,2025-09-12,South,UPI
6728,471,2026-05-12,North,UPI
6729,362,2026-01-21,South,Debit Card
6730,472,2024-08-02,South,Credit Card
6731,943,2024-01-18,East,UPI
6732,248,2025-06-10,North,UPI
6733,286,2025-09-17,North,Credit Card
6734,793,2024-11-17,Central,UPI
6735,928,2026-04-17,East,Credit Card
6736,673,2026-04-04,South,Debit Card
6737,877,2024-07-20,North,UPI
6738,379,2026-05-15,West,Wallet
6739,582,2024-06-13,North,UPI
6740,276,2026-05-22,West,Debit Card
6741,62,2024-10-07,South,UPI
6742,256,2024-05-13,Central,Debit Card
6743,481,2025-06-19,South,Cash on Delivery
6744,726,2024-11-02,South,UPI
6745,112,2024-05-26,North,Net Banking
6746,644,2025-08-25,South,Net Banking
6747,991,2025-02-13,North,UPI
6748,131,2024-05-06,South,Debit Card
6749,433,2024-11-04,South,Cash on Delivery
6750,712,2025-09-24,Central,Debit Card
6751,280,2026-08-15,East,Cash on Delivery
6752,515,2024-11-17,Central,Credit Card
6753,129,2026-02-12,South,Credit Card
6754,975,2024-06-25,East,Debit Card
6755,797,2025-08-29,East,UPI
6756,331,2024-02-10,West,UPI
6757,50,2025-04-08,East,Debit Card
6758,638,2024-01-09,North,UPI
6759,84,2025-04-12,South,Net Banking
6760,836,2026-05-11,North,Net Banking
6761,995,2026-07-13,North,Debit Card
6762,855,2026-08-01,West,Cash on Delivery
6763,124,2026-02-07,East,UPI
6764,236,2024-06-23,South,Debit Card
6765,386,2026-04-18,North,Cash on Delivery
6766,193,2026-08-12,East,Debit Card
6767,470,2024-07-02,West,UPI
6768,293,2025-02-18,South,Credit Card
6769,266,2024-05-13,East,Credit Card
6770,964,2026-07-19,West,UPI
6771,598,2026-03-01,South,Credit Card
6772,954,2025-12-15,East,Credit Card
6773,337,2026-04-21,East,Debit Card
6774,312,2026-03-17,West,Debit Card
6775,426,2026-01-17,North,Credit Card
6776,907,2026-01-10,West,Debit Card
6777,161,2026-06-16,Central,Cash on Delivery
6778,976,2025-09-07,South,UPI
6779,717,2025-05-21,East,UPI
6780,526,2024-12-24,South,UPI
6781,810,2024-02-10,South,UPI
6782,925,2024-02-23,West,Credit Card
6783,224,2025-10-11,South,Credit Card
6784,450,2026-07-17,East,Net Banking
6785,771,2024-12-31,North,UPI
6786,13,2025-07-20,South,Cash on Delivery
6787,75,2025-01-28,North,Credit Card
6788,313,2024-06-24,North,UPI
6789,367,2025-09-29,Central,UPI
6790,96,2026-01-13,East,Credit Card
6791,178,2025-06-09,North,Net Banking
6792,557,2025-02-25,North,Credit Card
6793,891,2024-11-05,South,Credit Card
6794,813,2026-07-19,North,UPI
6795,617,2025-01-28,Central,UPI
6796,433,2026-06-14,South,UPI
6797,167,2024-09-10,East,Debit Card
6798,617,2026-04-06,Central,Debit Card
6799,729,2025-04-10,North,UPI
6800,268,2024-02-05,West,UPI
6801,129,2026-04-22,South,Credit Card
6802,105,2026-01-19,West,Cash on Delivery
6803,551,2024-03-10,Central,UPI
6804,421,2026-05-25,South,UPI
6805,157,2024-07-04,North,Cash on Delivery
6806,104,2024-01-16,Central,Credit Card
6807,30,2024-10-20,South,UPI
6808,406,2024-03-29,North,Credit Card
6809,831,2025-11-16,South,Debit Card
6810,10,2025-09-04,North,Credit Card
6811,886,2024-04-13,Central,Net Banking
6812,397,2026-06-07,South,Credit Card
6813,876,2024-06-18,West,Debit Card
6814,769,2024-10-14,South,UPI
6815,209,2025-02-18,South,UPI
6816,571,2026-02-27,North,Debit Card
6817,614,2024-03-16,South,Debit Card
6818,465,2024-05-20,South,Wallet
6819,231,2026-08-08,East,UPI
6820,525,2024-10-27,West,Net Banking
6821,234,2025-03-30,South,Credit Card
6822,480,2025-08-06,Central,Net Banking
6823,987,2024-12-21,West,UPI
6824,575,2025-02-02,East,UPI
6825,576,2026-02-28,South,Cash on Delivery
6826,350,2025-07-31,South,UPI
6827,706,2024-10-10,South,Debit Card
6828,174,2025-07-02,South,Debit Card
6829,295,2026-04-21,North,Credit Card
6830,79,2024-09-02,Central,Credit Card
6831,635,2025-01-07,South,Cash on Delivery
6832,805,2024-09-06,South,UPI
6833,833,2026-03-03,South,UPI
6834,514,2024-07-27,East,UPI
6835,327,2024-09-09,East,Credit Card
6836,972,2025-02-01,East,Credit Card
6837,846,2025-11-05,North,Wallet
6838,330,2024-12-08,South,Net Banking
6839,985,2025-10-20,West,Credit Card
6840,260,2024-12-20,North,Net Banking
6841,720,2025-03-10,North,Cash on Delivery
6842,195,2024-08-14,West,UPI
6843,451,2025-02-16,South,UPI
6844,751,2024-03-27,East,Credit Card
6845,385,2024-11-23,North,Credit Card
6846,190,2025-06-16,South,Credit Card
6847,562,2024-03-14,South,Credit Card
6848,765,2024-03-06,North,Credit Card
6849,437,2025-12-12,East,UPI
6850,358,2026-06-29,West,UPI
6851,89,2025-02-02,North,Net Banking
6852,78,2024-05-28,South,Debit Card
6853,332,2024-11-15,East,Debit Card
6854,982,2026-04-20,West,Cash on Delivery
6855,62,2025-12-28,South,Debit Card
6856,237,2025-07-07,North,Wallet
6857,405,2026-01-07,North,UPI
6858,987,2025-07-13,West,Net Banking
6859,527,2026-05-13,South,Debit Card
6860,687,2025-08-29,South,Debit Card
6861,251,2024-07-15,South,UPI
6862,532,2024-05-24,North,UPI
6863,231,2024-10-23,East,Credit Card
6864,808,2026-07-28,South,UPI
6865,211,2025-12-19,South,Net Banking
6866,938,2025-04-04,South,Credit Card
6867,65,2024-03-28,South,Credit Card
6868,259,2024-09-13,East,Net Banking
6869,728,2026-04-08,West,Net Banking
6870,402,2024-04-10,East,Cash on Delivery
6871,854,2025-05-20,North,Credit Card
6872,461,2025-01-15,East,Credit Card
6873,98,2024-12-24,South,Credit Card
6874,802,2026-04-16,West,Wallet
6875,840,2025-03-22,East,Credit Card
6876,285,2025-08-25,West,UPI
6877,820,2025-11-25,Central,Cash on Delivery
6878,466,2024-06-27,South,UPI
6879,692,2025-08-09,West,Net Banking
6880,549,2024-12-14,East,Credit Card
6881,658,2026-01-03,South,UPI
6882,544,2024-03-19,East,Debit Card
6883,751,2024-06-05,East,UPI
6884,758,2026-06-21,West,Cash on Delivery
6885,244,2025-07-08,South,Credit Card
6886,738,2024-01-16,South,UPI
6887,588,2024-06-30,North,Debit Card
6888,149,2026-02-09,South,Cash on Delivery
6889,732,2025-05-02,East,Credit Card
6890,878,2025-08-19,South,Wallet
6891,304,2026-01-18,West,Credit Card
6892,166,2024-12-22,South,Net Banking
6893,491,2025-04-05,West,UPI
6894,691,2026-05-30,West,UPI
6895,476,2026-06-13,North,Debit Card
6896,464,2024-02-19,North,Debit Card
6897,505,2025-08-30,South,UPI
6898,750,2025-04-17,North,Credit Card
6899,832,2026-04-13,West,Net Banking
6900,627,2025-04-06,North,Cash on Delivery
6901,715,2025-05-19,South,UPI
6902,730,2025-08-06,North,Credit Card
6903,105,2025-07-21,West,Debit Card
6904,714,2026-06-25,West,UPI
6905,517,2026-06-23,South,Debit Card
6906,688,2026-03-16,South,Credit Card
6907,21,2025-04-17,North,Credit Card
6908,457,2026-01-15,West,Debit Card
6909,519,2024-06-30,North,UPI
6910,689,2024-11-05,East,UPI
6911,205,2024-01-25,North,Wallet
6912,372,2026-04-26,North,Credit Card
6913,825,2026-03-31,North,UPI
6914,602,2024-06-02,West,Debit Card
6915,670,2024-11-17,North,UPI
6916,777,2026-06-02,North,Debit Card
6917,429,2024-12-28,East,Cash on Delivery
6918,222,2024-06-28,North,UPI
6919,474,2025-06-25,North,UPI
6920,309,2024-03-27,East,Credit Card
6921,150,2024-10-04,West,UPI
6922,585,2025-03-24,East,Debit Card
6923,284,2024-06-23,West,Debit Card
6924,462,2025-10-29,East,Wallet
6925,2,2024-10-10,East,Debit Card
6926,863,2026-06-12,North,Debit Card
6927,339,2026-01-31,South,UPI
6928,720,2025-09-25,North,UPI
6929,575,2025-06-12,East,Credit Card
6930,238,2026-01-06,West,Credit Card
6931,121,2024-07-07,West,Cash on Delivery
6932,712,2025-05-14,Central,Net Banking
6933,348,2024-01-06,East,Credit Card
6934,110,2026-06-06,North,UPI
6935,94,2024-08-16,West,Debit Card
6936,710,2024-08-01,South,Net Banking
6937,767,2025-07-19,South,Credit Card
6938,260,2026-06-27,North,UPI
6939,307,2024-12-14,South,Debit Card
6940,76,2026-06-17,East,Wallet
6941,796,2025-08-29,West,Debit Card
6942,59,2024-09-14,East,Credit Card
6943,639,2026-08-07,West,Credit Card
6944,476,2026-04-08,North,UPI
6945,954,2026-06-28,East,Net Banking
6946,311,2024-11-28,Central,UPI
6947,315,2026-01-15,South,Credit Card
6948,28,2024-12-05,West,UPI
6949,720,2025-09-14,North,Debit Card
6950,365,2026-07-30,West,Net Banking
6951,707,2024-11-01,South,Credit Card
6952,608,2026-04-26,East,UPI
6953,992,2025-08-21,East,Credit Card
6954,133,2025-08-14,West,UPI
6955,791,2025-10-18,Central,Credit Card
6956,764,2025-08-17,South,Credit Card
6957,958,2026-07-16,South,Credit Card
6958,203,2024-09-30,North,Net Banking
6959,701,2025-03-25,North,UPI
6960,58,2024-06-05,East,Cash on Delivery
6961,924,2025-11-15,North,Net Banking
6962,616,2024-09-04,East,Wallet
6963,929,2025-03-07,East,UPI
6964,38,2025-12-12,South,UPI
6965,646,2024-03-06,South,Cash on Delivery
6966,444,2024-12-11,South,Debit Card
6967,470,2025-12-12,West,UPI
6968,222,2025-09-25,North,UPI
6969,812,2024-03-17,West,Net Banking
6970,934,2025-12-08,North,UPI
6971,102,2025-10-15,South,Net Banking
6972,761,2025-07-06,Central,Credit Card
6973,111,2026-03-17,East,UPI
6974,42,2024-04-04,East,Debit Card
6975,806,2024-10-07,South,Net Banking
6976,508,2025-09-21,East,UPI
6977,435,2025-09-09,South,Debit Card
6978,391,2026-06-29,West,Credit Card
6979,489,2025-03-03,North,UPI
6980,173,2024-09-21,West,Net Banking
6981,230,2024-01-02,East,UPI
6982,194,2026-06-30,West,Net Banking
6983,571,2026-06-22,North,UPI
6984,910,2024-09-11,North,Debit Card
6985,321,2024-01-08,South,UPI
6986,491,2025-09-28,West,UPI
6987,360,2026-01-31,Central,Debit Card
6988,941,2025-03-29,North,UPI
6989,845,2025-06-28,East,Credit Card
6990,212,2024-09-19,South,Wallet
6991,552,2026-04-20,West,UPI
6992,88,2026-02-19,South,Credit Card
6993,803,2025-12-12,South,Debit Card
6994,500,2025-11-20,East,Net Banking
6995,600,2024-07-14,North,Net Banking
6996,438,2024-08-15,East,Credit Card
6997,800,2026-04-24,South,Cash on Delivery
6998,308,2026-03-12,East,Wallet
6999,55,2024-07-19,South,Wallet
7000,353,2024-10-20,West,Debit Card
7001,396,2026-01-22,North,UPI
7002,559,2024-09-21,East,Debit Card
7003,229,2025-07-29,South,Net Banking
7004,623,2024-12-12,South,UPI
7005,833,2024-03-08,South,UPI
7006,253,2025-12-25,North,Debit Card
7007,918,2024-06-10,South,UPI
7008,792,2026-06-04,North,Net Banking
7009,716,2025-06-22,North,Cash on Delivery
7010,490,2025-09-23,North,Credit Card
7011,703,2024-11-21,West,Credit Card
7012,475,2026-06-29,North,Credit Card
7013,551,2024-05-15,Central,Credit Card
7014,459,2025-02-09,North,UPI
7015,614,2025-03-14,South,Debit Card
7016,74,2026-07-16,West,UPI
7017,334,2024-08-09,East,Credit Card
7018,834,2024-12-13,North,UPI
7019,399,2024-04-05,South,UPI
7020,81,2024-06-14,South,Net Banking
7021,739,2026-03-22,East,Cash on Delivery
7022,297,2026-02-07,South,Credit Card
7023,351,2026-04-29,North,Net Banking
7024,563,2024-07-27,East,UPI
7025,113,2024-06-26,North,Credit Card
7026,586,2024-04-03,North,Credit Card
7027,295,2026-08-15,North,UPI
7028,68,2025-08-08,North,Credit Card
7029,6,2025-08-25,North,UPI
7030,323,2024-01-28,South,Cash on Delivery
7031,825,2024-02-12,North,Debit Card
7032,504,2024-12-21,West,Credit Card
7033,830,2026-06-01,South,Debit Card
7034,728,2025-03-16,West,Credit Card
7035,318,2025-01-04,East,Credit Card
7036,835,2025-08-07,North,UPI
7037,863,2024-07-18,North,UPI
7038,637,2024-10-24,West,Credit Card
7039,545,2025-02-20,North,Credit Card
7040,790,2025-01-09,South,UPI
7041,85,2025-09-27,East,Debit Card
7042,628,2024-04-30,South,Debit Card
7043,617,2026-03-31,Central,Credit Card
7044,230,2024-06-12,East,UPI
7045,64,2024-10-29,North,Net Banking
7046,598,2025-03-30,South,UPI
7047,543,2025-02-02,South,UPI
7048,835,2026-04-25,North,UPI
7049,985,2026-04-19,West,Net Banking
7050,824,2025-07-17,North,UPI
7051,385,2024-04-21,North,Credit Card
7052,13,2025-07-01,South,UPI
7053,34,2025-09-14,South,Credit Card
7054,635,2026-03-09,South,Wallet
7055,959,2025-12-12,West,UPI
7056,251,2025-10-06,South,UPI
7057,994,2024-04-08,South,UPI
7058,105,2024-11-23,West,UPI
7059,848,2026-01-28,Central,Wallet
7060,944,2024-04-28,North,Debit Card
7061,961,2024-08-04,North,UPI
7062,773,2024-06-25,South,Net Banking
7063,952,2025-02-04,West,UPI
7064,270,2024-02-23,South,Cash on Delivery
7065,763,2025-11-13,East,Net Banking
7066,927,2024-01-26,South,Wallet
7067,791,2024-06-04,Central,Credit Card
7068,956,2024-05-02,North,Debit Card
7069,442,2025-12-06,North,Net Banking
7070,582,2025-10-19,North,Wallet
7071,139,2025-01-09,North,Credit Card
7072,675,2025-02-08,North,Debit Card
7073,765,2024-10-15,North,Credit Card
7074,266,2025-11-20,East,Debit Card
7075,440,2026-02-25,North,Credit Card
7076,674,2024-11-04,North,Credit Card
7077,651,2026-07-17,North,Cash on Delivery
7078,848,2024-06-26,Central,UPI
7079,876,2026-06-20,West,UPI
7080,903,2024-08-01,West,UPI
7081,360,2026-05-19,Central,UPI
7082,466,2024-04-09,South,Debit Card
7083,821,2024-10-02,East,Credit Card
7084,537,2026-05-13,North,Credit Card
7085,326,2026-03-08,South,UPI
7086,850,2025-01-12,West,Wallet
7087,43,2024-02-07,South,Wallet
7088,373,2025-05-12,South,UPI
7089,1000,2024-08-25,North,Debit Card
7090,755,2026-03-06,South,Credit Card
7091,567,2024-02-10,Central,Debit Card
7092,420,2024-02-28,North,UPI
7093,359,2025-01-21,West,UPI
7094,825,2025-01-01,North,Net Banking
7095,296,2024-10-18,South,Credit Card
7096,64,2024-12-14,North,Debit Card
7097,657,2024-11-18,West,Credit Card
7098,820,2024-03-18,Central,Wallet
7099,418,2024-02-27,North,Cash on Delivery
7100,795,2026-02-04,North,UPI
7101,592,2025-03-17,North,Credit Card
7102,438,2024-12-16,East,Credit Card
7103,890,2026-04-09,East,Wallet
7104,421,2026-07-19,South,Credit Card
7105,539,2026-03-27,West,Debit Card
7106,628,2024-05-15,South,Credit Card
7107,505,2026-08-10,South,Debit Card
7108,463,2025-12-14,North,Credit Card
7109,306,2025-11-06,North,UPI
7110,543,2025-04-21,South,Cash on Delivery
7111,103,2024-08-16,South,UPI
7112,511,2024-06-03,North,UPI
7113,725,2025-10-10,West,UPI
7114,634,2025-01-26,West,Credit Card
7115,309,2025-02-09,East,UPI
7116,539,2025-04-10,West,Net Banking
7117,813,2025-11-13,North,Net Banking
7118,317,2025-05-28,South,Net Banking
7119,575,2025-09-17,East,UPI
7120,994,2026-03-02,South,Credit Card
7121,276,2025-01-09,West,Wallet
7122,975,2024-10-21,East,UPI
7123,560,2024-02-18,South,Credit Card
7124,339,2025-10-05,South,Credit Card
7125,51,2025-05-25,West,UPI
7126,213,2025-09-27,South,Cash on Delivery
7127,834,2024-10-04,North,Credit Card
7128,932,2025-11-03,East,UPI
7129,182,2026-03-25,East,UPI
7130,984,2025-09-05,North,UPI
7131,561,2025-05-13,West,Debit Card
7132,715,2025-01-10,South,Debit Card
7133,421,2026-05-19,South,Net Banking
7134,314,2025-07-14,East,Debit Card
7135,637,2024-11-19,West,Credit Card
7136,845,2025-08-30,East,UPI
7137,763,2026-03-07,East,UPI
7138,869,2024-04-10,South,Credit Card
7139,461,2025-02-13,East,Credit Card
7140,469,2025-08-23,South,Credit Card
7141,182,2026-01-17,East,Credit Card
7142,733,2025-04-15,North,Credit Card
7143,488,2026-02-09,South,UPI
7144,478,2025-06-21,West,Credit Card
7145,202,2024-11-21,West,UPI
7146,697,2024-10-19,North,Debit Card
7147,141,2026-01-18,North,Cash on Delivery
7148,496,2026-04-11,South,Debit Card
7149,156,2026-03-16,West,Net Banking
7150,368,2024-01-26,East,UPI
7151,193,2024-09-02,East,Debit Card
7152,45,2025-06-28,East,Credit Card
7153,892,2024-12-04,South,Credit Card
7154,672,2024-12-20,East,UPI
7155,44,2024-09-03,South,Wallet
7156,514,2024-05-11,East,Debit Card
7157,984,2024-10-15,North,UPI
7158,335,2024-12-22,West,Cash on Delivery
7159,310,2025-10-22,West,Cash on Delivery
7160,546,2024-02-18,West,Credit Card
7161,433,2024-07-14,South,Credit Card
7162,22,2025-05-08,South,Credit Card
7163,540,2024-10-16,North,Net Banking
7164,8,2025-10-11,North,Net Banking
7165,810,2024-11-05,South,Credit Card
7166,44,2026-05-29,South,UPI
7167,508,2026-02-13,East,Net Banking
7168,406,2025-04-10,North,UPI
7169,295,2024-05-24,North,Net Banking
7170,294,2024-11-07,South,UPI
7171,579,2025-02-13,West,Debit Card
7172,278,2026-01-22,West,UPI
7173,231,2024-03-08,East,Credit Card
7174,429,2026-05-28,East,Debit Card
7175,218,2025-01-27,East,Wallet
7176,780,2026-01-23,North,UPI
7177,35,2025-09-06,West,Cash on Delivery
7178,926,2024-06-28,North,Debit Card
7179,110,2025-06-19,North,UPI
7180,267,2025-06-18,North,UPI
7181,180,2025-08-08,East,UPI
7182,988,2024-05-02,West,UPI
7183,554,2026-07-21,South,Debit Card
7184,207,2026-04-07,North,UPI
7185,626,2024-01-17,South,Net Banking
7186,99,2026-07-26,North,Wallet
7187,657,2024-08-21,West,UPI
7188,645,2025-08-03,South,Debit Card
7189,8,2024-07-29,North,Wallet
7190,430,2025-05-08,South,UPI
7191,113,2024-11-03,North,UPI
7192,441,2026-06-14,South,UPI
7193,914,2025-12-07,West,UPI
7194,749,2024-12-12,North,Credit Card
7195,332,2026-08-13,East,Credit Card
7196,891,2024-08-15,South,Credit Card
7197,53,2024-11-23,North,Credit Card
7198,401,2026-07-18,North,Debit Card
7199,39,2025-03-01,West,UPI
7200,873,2025-06-10,South,Credit Card
7201,748,2024-07-28,South,Credit Card
7202,348,2026-03-14,East,UPI
7203,248,2025-09-28,North,UPI
7204,199,2024-01-14,North,Debit Card
7205,181,2024-03-02,South,Cash on Delivery
7206,698,2024-11-07,North,Credit Card
7207,511,2025-10-19,North,UPI
7208,852,2026-06-05,South,UPI
7209,683,2024-01-20,West,Debit Card
7210,938,2024-02-08,South,Net Banking
7211,13,2024-03-22,South,Credit Card
7212,365,2025-02-09,West,Credit Card
7213,338,2024-01-20,East,Wallet
7214,332,2025-12-13,East,Credit Card
7215,968,2024-03-18,South,UPI
7216,782,2025-07-13,South,UPI
7217,757,2025-03-09,North,Net Banking
7218,181,2025-12-23,South,Net Banking
7219,457,2025-11-14,West,UPI
7220,985,2026-05-27,West,Net Banking
7221,775,2024-09-14,South,Debit Card
7222,615,2025-04-30,South,Credit Card
7223,296,2024-06-28,South,Wallet
7224,661,2025-04-07,South,UPI
7225,256,2026-05-06,Central,UPI
7226,475,2024-06-20,North,Credit Card
7227,341,2025-11-22,South,Credit Card
7228,606,2024-06-28,West,UPI
7229,869,2026-04-12,South,UPI
7230,295,2024-10-31,North,Credit Card
7231,951,2026-05-31,West,Net Banking
7232,784,2024-05-23,West,Credit Card
7233,209,2024-05-24,South,Debit Card
7234,586,2026-03-28,North,Debit Card
7235,418,2024-01-04,North,Credit Card
7236,142,2026-04-20,South,UPI
7237,402,2024-10-27,East,Credit Card
7238,114,2024-04-10,South,UPI
7239,224,2025-09-17,South,UPI
7240,383,2025-10-28,West,UPI
7241,49,2025-01-23,North,Net Banking
7242,819,2025-10-30,South,UPI
7243,504,2024-09-23,West,UPI
7244,119,2024-06-15,North,Cash on Delivery
7245,63,2026-04-07,South,Debit Card
7246,836,2025-09-18,North,Credit Card
7247,715,2024-05-08,South,Credit Card
7248,235,2026-05-01,South,UPI
7249,46,2025-08-13,Central,Debit Card
7250,277,2025-08-09,South,UPI
7251,826,2024-04-06,South,Credit Card
7252,933,2025-08-22,North,UPI
7253,629,2025-02-09,Central,Cash on Delivery
7254,603,2025-05-03,West,UPI
7255,402,2024-01-08,East,Credit Card
7256,20,2025-07-28,North,UPI
7257,674,2024-03-16,North,UPI
7258,868,2024-09-26,West,UPI
7259,920,2024-06-22,South,Net Banking
7260,731,2024-01-15,East,Credit Card
7261,132,2024-09-03,West,Debit Card
7262,801,2024-09-11,East,UPI
7263,155,2025-07-31,East,Credit Card
7264,216,2026-05-29,North,UPI
7265,918,2025-04-02,South,Debit Card
7266,146,2025-05-28,North,Debit Card
7267,971,2025-01-24,West,UPI
7268,182,2024-07-04,East,Net Banking
7269,818,2026-04-07,North,Credit Card
7270,631,2024-11-11,West,Net Banking
7271,727,2024-11-04,West,UPI
7272,912,2024-08-14,South,UPI
7273,403,2025-01-26,North,UPI
7274,814,2025-08-24,Central,UPI
7275,870,2024-02-03,North,UPI
7276,289,2025-11-22,West,UPI
7277,183,2026-03-05,West,Debit Card
7278,778,2024-12-08,South,UPI
7279,574,2025-02-13,West,UPI
7280,57,2024-03-17,West,Credit Card
7281,303,2024-03-11,North,Credit Card
7282,259,2026-01-28,East,Credit Card
7283,848,2026-04-11,Central,Debit Card
7284,683,2024-08-10,West,Credit Card
7285,47,2025-05-20,North,Credit Card
7286,899,2026-03-31,North,Net Banking
7287,797,2025-12-22,East,Net Banking
7288,296,2025-02-10,South,UPI
7289,768,2024-03-23,West,Debit Card
7290,330,2025-04-26,South,UPI
7291,565,2026-04-18,South,Cash on Delivery
7292,623,2026-02-03,South,Debit Card
7293,511,2025-11-04,North,Debit Card
7294,339,2024-12-13,South,Wallet
7295,90,2024-03-06,South,Wallet
7296,466,2025-04-26,South,Debit Card
7297,201,2025-10-25,East,Debit Card
7298,760,2024-04-24,West,Wallet
7299,593,2024-07-31,North,Debit Card
7300,876,2025-10-15,West,Cash on Delivery
7301,870,2026-05-20,North,Debit Card
7302,95,2024-11-28,West,Net Banking
7303,269,2026-03-15,South,UPI
7304,646,2026-03-13,South,UPI
7305,443,2024-08-09,South,UPI
7306,188,2025-10-03,North,UPI
7307,397,2026-07-08,South,UPI
7308,994,2025-01-25,South,Credit Card
7309,72,2026-04-01,Central,Credit Card
7310,961,2024-04-28,North,UPI
7311,544,2024-10-28,East,UPI
7312,22,2025-08-23,South,UPI
7313,83,2025-03-30,South,UPI
7314,262,2026-02-26,West,UPI
7315,823,2025-11-15,North,UPI
7316,583,2024-12-16,West,Debit Card
7317,404,2024-03-10,South,Credit Card
7318,508,2024-03-09,East,Wallet
7319,787,2024-02-29,East,Debit Card
7320,266,2025-02-22,East,Credit Card
7321,891,2024-06-06,South,Debit Card
7322,760,2025-09-01,West,UPI
7323,6,2024-10-29,North,Net Banking
7324,503,2026-03-22,North,Credit Card
7325,913,2024-10-24,East,UPI
7326,689,2025-10-05,East,UPI
7327,818,2025-10-02,North,Debit Card
7328,386,2025-01-31,North,UPI
7329,758,2024-11-26,West,UPI
7330,108,2025-04-20,North,UPI
7331,665,2025-06-16,North,Cash on Delivery
7332,614,2024-09-01,South,Credit Card
7333,66,2024-10-23,North,Credit Card
7334,564,2024-04-04,West,UPI
7335,252,2025-09-17,East,UPI
7336,782,2026-01-05,South,Debit Card
7337,643,2024-09-30,East,Debit Card
7338,838,2026-03-14,East,Debit Card
7339,439,2026-07-30,South,Net Banking
7340,350,2025-01-04,South,UPI
7341,748,2024-05-17,South,Credit Card
7342,996,2026-08-13,East,Net Banking
7343,110,2024-04-20,North,UPI
7344,450,2024-05-17,East,Net Banking
7345,551,2025-08-31,Central,UPI
7346,927,2025-11-01,South,UPI
7347,171,2025-07-10,South,UPI
7348,865,2026-07-09,Central,Credit Card
7349,838,2025-11-26,East,UPI
7350,360,2025-03-10,Central,Credit Card
7351,214,2024-07-15,East,Net Banking
7352,806,2025-09-11,South,UPI
7353,568,2026-07-11,South,UPI
7354,271,2025-02-17,East,UPI
7355,357,2026-02-07,South,Credit Card
7356,505,2025-03-11,South,Cash on Delivery
7357,85,2024-09-20,East,Cash on Delivery
7358,395,2026-05-25,South,UPI
7359,124,2026-01-10,East,UPI
7360,508,2025-06-17,East,UPI
7361,302,2025-07-09,South,Credit Card
7362,829,2026-07-28,East,UPI
7363,861,2024-12-09,West,Credit Card
7364,29,2026-04-12,West,Debit Card
7365,766,2024-12-17,North,Credit Card
7366,686,2024-02-01,West,Cash on Delivery
7367,728,2024-11-15,West,UPI
7368,874,2025-03-19,West,Credit Card
7369,847,2024-08-31,South,UPI
7370,493,2026-06-18,South,Net Banking
7371,115,2025-11-19,Central,Debit Card
7372,571,2024-09-15,North,UPI
7373,788,2026-01-22,West,Cash on Delivery
7374,977,2026-06-24,South,UPI
7375,436,2025-05-24,West,UPI
7376,780,2025-07-20,North,Credit Card
7377,384,2025-12-19,South,UPI
7378,709,2025-02-28,South,Wallet
7379,606,2026-07-11,West,Wallet
7380,545,2026-04-19,North,Debit Card
7381,264,2024-10-30,East,Debit Card
7382,827,2024-03-13,South,UPI
7383,847,2024-10-29,South,Debit Card
7384,935,2026-01-02,North,UPI
7385,92,2024-04-19,South,UPI
7386,30,2025-08-07,South,Wallet
7387,762,2025-11-06,West,Wallet
7388,388,2024-01-13,West,Credit Card
7389,67,2025-07-18,South,Credit Card
7390,366,2025-11-23,West,UPI
7391,471,2026-07-01,North,Debit Card
7392,660,2025-03-22,South,Net Banking
7393,291,2025-04-05,South,Credit Card
7394,248,2025-04-28,North,Credit Card
7395,300,2025-01-26,East,UPI
7396,836,2025-12-27,North,Credit Card
7397,563,2025-06-13,East,UPI
7398,93,2026-07-11,North,Debit Card
7399,40,2024-12-03,North,UPI
7400,706,2025-02-20,South,UPI
7401,50,2024-04-04,East,Credit Card
7402,498,2025-10-19,Central,UPI
7403,772,2026-07-07,East,UPI
7404,3,2024-06-03,South,UPI
7405,730,2024-06-29,North,Debit Card
7406,604,2024-10-08,Central,Cash on Delivery
7407,691,2024-06-28,West,UPI
7408,59,2024-02-12,East,Net Banking
7409,671,2024-01-15,North,Wallet
7410,649,2024-07-24,East,Net Banking
7411,676,2025-03-13,South,Debit Card
7412,742,2024-10-31,South,Net Banking
7413,22,2024-06-04,South,Credit Card
7414,917,2024-03-30,East,UPI
7415,166,2025-08-12,South,UPI
7416,647,2025-08-08,South,Net Banking
7417,813,2025-05-19,North,Credit Card
7418,62,2024-09-07,South,UPI
7419,959,2025-01-19,West,UPI
7420,6,2025-06-04,North,Credit Card
7421,144,2026-01-29,South,Credit Card
7422,601,2025-05-24,South,Wallet
7423,586,2026-05-20,North,Credit Card
7424,208,2025-03-15,South,UPI
7425,657,2024-09-11,West,Credit Card
7426,520,2026-04-07,North,Debit Card
7427,381,2024-08-27,South,Credit Card
7428,751,2026-07-02,East,Net Banking
7429,145,2025-05-02,Central,UPI
7430,477,2024-09-08,North,Debit Card
7431,120,2024-11-27,North,UPI
7432,261,2026-01-08,South,Wallet
7433,650,2024-12-06,West,Net Banking
7434,69,2026-02-07,North,Credit Card
7435,563,2024-05-28,East,Net Banking
7436,66,2025-04-14,North,Debit Card
7437,763,2024-02-16,East,Cash on Delivery
7438,877,2026-08-13,North,Net Banking
7439,172,2025-06-07,South,Credit Card
7440,560,2025-01-10,South,UPI
7441,928,2024-04-25,East,UPI
7442,48,2025-08-08,East,Net Banking
7443,127,2026-06-25,West,UPI
7444,35,2025-02-06,West,UPI
7445,330,2024-10-15,South,UPI
7446,269,2024-02-12,South,UPI
7447,666,2024-08-26,East,Credit Card
7448,886,2024-11-19,Central,Cash on Delivery
7449,610,2025-05-21,East,UPI
7450,771,2025-07-22,North,Debit Card
7451,870,2026-01-15,North,Debit Card
7452,836,2026-02-01,North,Net Banking
7453,741,2025-07-23,South,Cash on Delivery
7454,361,2025-05-15,East,Credit Card
7455,448,2025-03-26,North,Cash on Delivery
7456,427,2026-03-02,North,UPI
7457,799,2025-06-12,Central,Net Banking
7458,627,2026-06-21,North,Credit Card
7459,704,2025-07-15,East,Debit Card
7460,677,2026-07-31,South,Credit Card
7461,838,2024-07-27,East,UPI
7462,322,2026-06-02,South,Credit Card
7463,112,2026-04-24,North,Cash on Delivery
7464,431,2025-03-07,East,UPI
7465,646,2024-04-03,South,Credit Card
7466,83,2025-04-17,South,Net Banking
7467,667,2026-05-06,West,Credit Card
7468,318,2024-08-06,East,UPI
7469,931,2026-01-15,South,Debit Card
7470,625,2024-04-18,South,Credit Card
7471,466,2026-07-20,South,UPI
7472,675,2024-01-11,North,Credit Card
7473,889,2025-12-31,East,UPI
7474,624,2026-02-19,West,UPI
7475,307,2025-10-15,South,Debit Card
7476,408,2024-07-04,West,Cash on Delivery
7477,816,2026-02-05,East,UPI
7478,54,2025-10-27,West,Cash on Delivery
7479,338,2025-12-24,East,Debit Card
7480,665,2024-11-29,North,UPI
7481,889,2025-12-29,East,Credit Card
7482,678,2024-06-26,Central,UPI
7483,918,2026-05-28,South,Cash on Delivery
7484,483,2024-03-04,South,UPI
7485,512,2024-07-27,South,UPI
7486,479,2024-01-26,South,Credit Card
7487,780,2024-12-07,North,UPI
7488,228,2025-08-01,West,Credit Card
7489,583,2024-11-22,West,Cash on Delivery
7490,694,2026-04-17,West,Debit Card
7491,537,2025-10-02,North,Credit Card
7492,186,2025-01-19,North,UPI
7493,429,2024-05-09,East,UPI
7494,346,2024-09-12,South,UPI
7495,83,2026-02-16,South,Wallet
7496,929,2026-03-25,East,Debit Card
7497,238,2024-05-06,West,Debit Card
7498,697,2025-08-13,North,Debit Card
7499,779,2024-10-17,West,Credit Card
7500,373,2024-11-17,South,UPI
7501,258,2025-12-24,South,Debit Card
7502,268,2025-04-30,West,UPI
7503,94,2024-10-15,West,Credit Card
7504,256,2024-07-10,Central,UPI
7505,571,2026-06-28,North,UPI
7506,766,2025-03-16,North,Credit Card
7507,741,2025-11-23,South,Credit Card
7508,596,2026-02-26,South,Credit Card
7509,414,2024-05-03,North,UPI
7510,281,2026-07-09,South,UPI
7511,617,2024-03-08,Central,Debit Card
7512,259,2026-02-15,East,Credit Card
7513,832,2025-08-08,West,UPI
7514,389,2025-04-23,Central,Debit Card
7515,426,2026-05-08,North,Cash on Delivery
7516,837,2025-07-20,East,Credit Card
7517,997,2024-04-05,Central,Credit Card
7518,185,2024-01-24,East,Credit Card
7519,145,2024-04-06,Central,Cash on Delivery
7520,966,2026-07-18,West,UPI
7521,877,2024-02-17,North,Wallet
7522,663,2025-04-12,South,Debit Card
7523,724,2025-04-30,East,UPI
7524,533,2024-10-23,West,Net Banking
7525,764,2024-11-01,South,Debit Card
7526,200,2025-01-31,North,UPI
7527,882,2026-07-01,West,Cash on Delivery
7528,359,2025-05-25,West,UPI
7529,799,2025-04-03,Central,Credit Card
7530,388,2026-02-25,West,UPI
7531,313,2024-10-28,North,UPI
7532,591,2026-03-10,South,Debit Card
7533,750,2025-02-02,North,Cash on Delivery
7534,653,2025-06-16,East,Cash on Delivery
7535,870,2026-04-24,North,Credit Card
7536,493,2025-03-03,South,Net Banking
7537,151,2026-03-09,East,Net Banking
7538,222,2024-06-02,North,Cash on Delivery
7539,175,2026-06-08,East,UPI
7540,157,2024-08-29,North,Debit Card
7541,820,2025-06-30,Central,Debit Card
7542,544,2026-08-13,East,Debit Card
7543,819,2025-02-05,South,UPI
7544,502,2024-12-01,Central,UPI
7545,445,2025-07-22,East,UPI
7546,978,2025-10-01,South,UPI
7547,732,2026-02-16,East,Debit Card
7548,571,2025-10-15,North,Debit Card
7549,687,2024-03-10,South,UPI
7550,618,2025-07-04,North,UPI
7551,913,2024-02-13,East,Debit Card
7552,812,2025-09-21,West,Credit Card
7553,982,2024-07-21,West,Credit Card
7554,503,2026-03-31,North,Wallet
7555,713,2025-08-26,South,Wallet
7556,469,2024-05-23,South,Credit Card
7557,679,2024-12-12,West,Credit Card
7558,97,2026-04-09,South,UPI
7559,654,2026-02-06,West,UPI
7560,341,2024-01-21,South,Net Banking
7561,389,2024-02-19,Central,Debit Card
7562,275,2025-01-16,South,Wallet
7563,541,2026-05-16,Central,Net Banking
7564,844,2024-07-12,South,Wallet
7565,603,2026-05-06,West,UPI
7566,610,2025-03-15,East,UPI
7567,696,2026-03-24,South,Debit Card
7568,985,2026-07-12,West,Credit Card
7569,26,2026-01-25,East,Credit Card
7570,464,2025-01-13,North,Debit Card
7571,368,2025-05-15,East,UPI
7572,358,2025-03-26,West,Net Banking
7573,208,2026-01-11,South,Credit Card
7574,644,2024-02-19,South,Net Banking
7575,876,2025-02-18,West,Net Banking
7576,599,2025-09-29,South,Credit Card
7577,172,2025-06-23,South,Net Banking
7578,345,2026-05-02,East,Credit Card
7579,487,2024-06-06,East,Credit Card
7580,356,2026-01-03,South,Credit Card
7581,848,2025-12-28,Central,UPI
7582,512,2025-04-04,South,Debit Card
7583,363,2024-10-19,South,Net Banking
7584,899,2025-05-13,North,Cash on Delivery
7585,964,2025-08-28,West,Debit Card
7586,941,2024-06-20,North,UPI
7587,582,2026-06-05,North,UPI
7588,328,2026-05-28,East,Debit Card
7589,153,2024-06-22,South,Credit Card
7590,660,2026-05-14,South,UPI
7591,509,2025-04-30,North,Cash on Delivery
7592,202,2025-05-13,West,UPI
7593,769,2025-01-09,South,UPI
7594,652,2026-07-20,South,UPI
7595,179,2024-11-27,East,Credit Card
7596,227,2024-01-18,North,Cash on Delivery
7597,439,2025-01-09,South,UPI
7598,116,2024-10-15,West,Credit Card
7599,554,2024-10-19,South,UPI
7600,657,2026-05-23,West,Cash on Delivery
7601,780,2024-08-19,North,Net Banking
7602,899,2025-10-15,North,Debit Card
7603,113,2024-12-05,North,UPI
7604,393,2024-04-03,South,Net Banking
7605,881,2026-06-24,North,Cash on Delivery
7606,628,2026-06-19,South,Credit Card
7607,951,2025-07-16,West,Credit Card
7608,464,2025-05-20,North,Credit Card
7609,165,2024-06-16,South,Net Banking
7610,415,2025-11-26,South,Credit Card
7611,964,2024-11-28,West,UPI
7612,131,2024-02-22,South,Debit Card
7613,129,2025-05-06,South,Credit Card
7614,560,2025-03-09,South,Credit Card
7615,56,2024-05-30,North,Debit Card
7616,810,2025-05-02,South,Credit Card
7617,85,2024-11-22,East,UPI
7618,763,2024-02-20,East,UPI
7619,357,2025-07-18,South,Credit Card
7620,221,2024-03-02,West,Credit Card
7621,615,2024-02-09,South,Debit Card
7622,564,2026-06-07,West,Credit Card
7623,586,2026-01-05,North,Cash on Delivery
7624,591,2025-01-30,South,Debit Card
7625,122,2024-08-27,South,UPI
7626,21,2024-01-09,North,UPI
7627,81,2025-07-06,South,Net Banking
7628,954,2026-07-12,East,Credit Card
7629,78,2026-06-17,South,Wallet
7630,664,2026-02-12,East,Credit Card
7631,592,2024-03-24,North,Debit Card
7632,244,2024-05-30,South,Debit Card
7633,830,2025-09-23,South,Credit Card
7634,21,2026-01-03,North,UPI
7635,509,2026-07-20,North,Credit Card
7636,747,2025-11-11,South,Credit Card
7637,850,2024-04-18,West,Cash on Delivery
7638,257,2024-10-10,South,Net Banking
7639,69,2025-07-08,North,Net Banking
7640,734,2025-04-25,South,Debit Card
7641,907,2025-03-18,West,Credit Card
7642,446,2024-06-12,Central,Net Banking
7643,409,2024-01-01,West,Cash on Delivery
7644,33,2026-07-27,West,Cash on Delivery
7645,559,2024-07-26,East,Cash on Delivery
7646,436,2026-06-08,West,UPI
7647,917,2025-10-12,East,Wallet
7648,923,2024-11-10,South,Net Banking
7649,976,2024-12-07,South,UPI
7650,955,2026-02-09,North,UPI
7651,472,2025-02-03,South,Credit Card
7652,833,2025-01-07,South,Credit Card
7653,209,2025-09-02,South,UPI
7654,199,2026-05-19,North,Debit Card
7655,441,2024-08-05,South,Wallet
7656,256,2024-11-02,Central,Credit Card
7657,615,2025-01-16,South,Credit Card
7658,835,2024-10-09,North,Debit Card
7659,139,2025-03-19,North,Debit Card
7660,81,2024-03-05,South,Credit Card
7661,543,2025-10-20,South,UPI
7662,944,2025-02-04,North,Net Banking
7663,458,2025-12-24,North,Credit Card
7664,583,2025-12-14,West,Debit Card
7665,533,2024-03-04,West,UPI
7666,623,2026-07-06,South,UPI
7667,641,2024-06-15,South,UPI
7668,745,2024-05-26,South,Credit Card
7669,694,2024-05-20,West,Credit Card
7670,878,2025-02-08,South,Wallet
7671,543,2025-03-09,South,Net Banking
7672,612,2024-05-06,North,Debit Card
7673,33,2025-10-10,West,Wallet
7674,234,2026-02-02,South,Cash on Delivery
7675,927,2025-01-17,South,Credit Card
7676,204,2024-12-31,North,UPI
7677,9,2025-04-11,South,Credit Card
7678,352,2024-10-31,West,Net Banking
7679,392,2026-03-15,West,Debit Card
7680,345,2024-11-28,East,Debit Card
7681,448,2024-10-24,North,Credit Card
7682,634,2026-06-23,West,Debit Card
7683,394,2025-06-26,West,Cash on Delivery
7684,325,2024-07-24,East,UPI
7685,117,2024-10-01,Central,Net Banking
7686,958,2024-03-12,South,Credit Card
7687,596,2024-02-11,South,Debit Card
7688,112,2024-01-19,North,UPI
7689,444,2024-03-10,South,Debit Card
7690,228,2024-01-18,West,Wallet
7691,578,2026-08-01,West,Credit Card
7692,953,2025-07-29,West,UPI
7693,814,2025-03-16,Central,UPI
7694,206,2024-08-10,North,UPI
7695,816,2024-06-01,East,UPI
7696,916,2024-09-07,South,UPI
7697,44,2025-04-19,South,UPI
7698,911,2026-05-15,East,Wallet
7699,94,2025-06-08,West,Credit Card
7700,499,2024-06-20,West,Credit Card
7701,596,2024-12-08,South,Debit Card
7702,652,2024-04-06,South,Cash on Delivery
7703,603,2024-07-22,West,UPI
7704,42,2025-03-29,East,UPI
7705,457,2025-06-11,West,Debit Card
7706,853,2024-09-29,South,Credit Card
7707,430,2025-04-04,South,Cash on Delivery
7708,724,2026-03-20,East,Credit Card
7709,580,2026-03-27,North,Credit Card
7710,524,2024-04-08,East,UPI
7711,729,2025-06-02,North,Credit Card
7712,715,2026-04-13,South,Net Banking
7713,110,2024-12-26,North,Debit Card
7714,534,2026-02-15,West,Cash on Delivery
7715,9,2025-11-09,South,UPI
7716,839,2025-10-09,West,UPI
7717,506,2024-08-28,East,Net Banking
7718,759,2024-02-25,North,UPI
7719,582,2025-05-14,North,Wallet
7720,182,2026-06-12,East,Debit Card
7721,168,2025-04-26,North,UPI
7722,504,2025-04-15,West,Wallet
7723,43,2025-12-31,South,Credit Card
7724,60,2026-01-30,South,Net Banking
7725,242,2026-05-07,West,UPI
7726,577,2025-08-21,North,UPI
7727,308,2026-04-24,East,Credit Card
7728,740,2026-05-13,South,UPI
7729,562,2026-02-20,South,UPI
7730,220,2026-01-17,South,UPI
7731,542,2025-04-01,North,UPI
7732,330,2025-11-17,South,UPI
7733,942,2024-04-21,South,Debit Card
7734,147,2024-01-11,North,UPI
7735,33,2024-08-28,West,Net Banking
7736,128,2025-04-19,North,Debit Card
7737,48,2026-02-28,East,Credit Card
7738,310,2026-05-12,West,UPI
7739,524,2026-04-22,East,UPI
7740,175,2024-04-06,East,Debit Card
7741,678,2024-10-10,Central,Debit Card
7742,701,2024-11-26,North,Credit Card
7743,582,2025-09-26,North,Net Banking
7744,303,2025-08-27,North,Credit Card
7745,250,2024-01-09,West,Credit Card
7746,209,2024-02-04,South,Credit Card
7747,793,2025-01-29,Central,UPI
7748,544,2024-03-20,East,Debit Card
7749,127,2024-01-15,West,Credit Card
7750,857,2024-03-29,North,Credit Card
7751,612,2024-04-06,North,Cash on Delivery
7752,64,2024-05-14,North,Net Banking
7753,517,2025-03-16,South,UPI
7754,754,2026-06-13,East,Cash on Delivery
7755,250,2025-07-18,West,Credit Card
7756,955,2026-03-13,North,Debit Card
7757,720,2025-09-22,North,Debit Card
7758,885,2025-12-01,Central,Wallet
7759,125,2024-06-01,Central,Debit Card
7760,64,2024-04-19,North,UPI
7761,351,2024-11-16,North,Debit Card
7762,380,2026-06-20,South,UPI
7763,904,2025-06-02,North,UPI
7764,116,2024-04-11,West,Wallet
7765,525,2025-04-20,West,Credit Card
7766,189,2025-07-26,East,UPI
7767,985,2024-07-24,West,UPI
7768,399,2025-01-28,South,UPI
7769,736,2025-02-28,South,Credit Card
7770,195,2024-12-15,West,Credit Card
7771,980,2025-06-27,West,Credit Card
7772,658,2024-09-19,South,Cash on Delivery
7773,170,2024-01-25,North,Credit Card
7774,661,2026-05-21,South,Debit Card
7775,32,2025-02-11,West,UPI
7776,968,2025-11-08,South,Debit Card
7777,518,2024-08-27,North,UPI
7778,539,2024-07-28,West,Credit Card
7779,596,2026-07-19,South,Net Banking
7780,461,2025-08-23,East,Cash on Delivery
7781,906,2026-05-24,Central,Credit Card
7782,467,2025-08-30,North,UPI
7783,63,2025-09-28,South,Credit Card
7784,287,2024-03-26,North,Net Banking
7785,70,2025-11-17,South,UPI
7786,162,2024-12-27,South,UPI
7787,933,2024-08-04,North,Cash on Delivery
7788,873,2024-08-26,South,UPI
7789,613,2025-11-27,East,UPI
7790,780,2024-12-22,North,Debit Card
7791,696,2024-02-21,South,Cash on Delivery
7792,311,2024-03-15,Central,UPI
7793,531,2026-07-27,South,Credit Card
7794,621,2026-06-27,South,Wallet
7795,18,2024-11-09,East,Credit Card
7796,540,2026-01-24,North,UPI
7797,886,2025-03-14,Central,Credit Card
7798,98,2024-01-09,South,UPI
7799,687,2026-06-16,South,Debit Card
7800,216,2024-12-30,North,Credit Card
7801,883,2026-02-05,North,UPI
7802,673,2025-05-23,South,UPI
7803,217,2024-05-02,South,UPI
7804,372,2025-12-15,North,Credit Card
7805,596,2024-09-06,South,UPI
7806,650,2024-12-31,West,Credit Card
7807,715,2025-02-18,South,Wallet
7808,611,2025-11-19,North,Net Banking
7809,838,2026-07-24,East,UPI
7810,651,2024-02-14,North,UPI
7811,262,2024-02-14,West,UPI
7812,943,2025-12-10,East,UPI
7813,528,2025-10-07,Central,Credit Card
7814,36,2024-08-21,North,Wallet
7815,976,2026-06-05,South,UPI
7816,816,2026-06-02,East,Debit Card
7817,216,2025-05-15,North,Credit Card
7818,944,2025-10-11,North,Debit Card
7819,111,2024-11-20,East,Net Banking
7820,982,2025-07-12,West,UPI
7821,282,2025-10-28,South,UPI
7822,126,2024-12-10,North,UPI
7823,723,2024-02-02,South,UPI
7824,304,2026-01-22,West,UPI
7825,714,2025-08-24,West,Credit Card
7826,226,2024-11-01,Central,Wallet
7827,62,2024-09-19,South,Credit Card
7828,670,2024-02-21,North,Credit Card
7829,645,2025-02-02,South,UPI
7830,56,2025-03-08,North,UPI
7831,147,2024-10-11,North,Credit Card
7832,390,2025-07-07,South,Debit Card
7833,601,2025-05-08,South,Debit Card
7834,698,2025-05-04,North,UPI
7835,420,2024-03-23,North,Credit Card
7836,997,2025-08-31,Central,Net Banking
7837,63,2024-01-04,South,Credit Card
7838,40,2024-12-18,North,Credit Card
7839,336,2024-10-29,South,Net Banking
7840,117,2024-04-26,Central,UPI
7841,620,2024-11-09,North,UPI
7842,269,2026-04-08,South,Credit Card
7843,966,2025-08-12,West,Debit Card
7844,807,2026-02-15,East,Credit Card
7845,988,2025-10-31,West,Debit Card
7846,611,2025-10-30,North,Net Banking
7847,253,2025-05-03,North,UPI
7848,557,2025-07-23,North,Wallet
7849,70,2024-10-22,South,Credit Card
7850,58,2026-04-23,East,UPI
7851,84,2025-08-22,South,Debit Card
7852,355,2025-10-07,North,Credit Card
7853,748,2024-02-24,South,UPI
7854,948,2025-11-06,East,Credit Card
7855,143,2025-04-03,South,Cash on Delivery
7856,421,2024-11-25,South,UPI
7857,552,2024-09-07,West,UPI
7858,24,2024-07-23,Central,Credit Card
7859,757,2026-03-22,North,Debit Card
7860,331,2026-06-25,West,Credit Card
7861,84,2025-03-25,South,Debit Card
7862,492,2025-10-15,South,UPI
7863,861,2026-07-13,West,Credit Card
7864,149,2024-05-31,South,Debit Card
7865,22,2025-04-14,South,Credit Card
7866,480,2025-05-23,Central,Credit Card
7867,544,2025-04-23,East,Debit Card
7868,745,2026-02-10,South,UPI
7869,602,2026-03-12,West,Debit Card
7870,323,2024-09-29,South,Wallet
7871,38,2024-12-08,South,UPI
7872,626,2025-05-29,South,UPI
7873,723,2026-07-04,South,Debit Card
7874,342,2025-04-19,North,UPI
7875,75,2024-01-29,North,UPI
7876,840,2025-02-11,East,Debit Card
7877,56,2025-12-27,North,Credit Card
7878,783,2025-09-04,North,Net Banking
7879,961,2026-07-20,North,UPI
7880,748,2026-02-23,South,Debit Card
7881,417,2026-03-20,South,UPI
7882,79,2024-07-10,Central,UPI
7883,335,2025-05-26,West,Cash on Delivery
7884,582,2026-01-01,North,UPI
7885,952,2024-09-04,West,Debit Card
7886,779,2024-12-13,West,Credit Card
7887,562,2025-09-15,South,UPI
7888,589,2024-05-29,North,Net Banking
7889,245,2024-04-20,North,Wallet
7890,797,2025-08-31,East,Net Banking
7891,506,2026-07-28,East,UPI
7892,366,2024-07-28,West,Wallet
7893,752,2025-05-28,South,Credit Card
7894,182,2024-04-09,East,UPI
7895,917,2025-09-02,East,UPI
7896,813,2024-02-10,North,UPI
7897,21,2026-04-01,North,UPI
7898,276,2025-07-17,West,Net Banking
7899,826,2025-11-26,South,Wallet
7900,389,2024-09-11,Central,UPI
7901,735,2026-05-15,West,Credit Card
7902,77,2025-05-15,West,Net Banking
7903,956,2024-06-12,North,Debit Card
7904,283,2025-12-11,South,UPI
7905,783,2024-09-17,North,Credit Card
7906,162,2025-01-22,South,UPI
7907,441,2024-03-18,South,Net Banking
7908,79,2025-11-02,Central,Debit Card
7909,875,2024-02-26,South,Debit Card
7910,823,2025-06-17,North,Cash on Delivery
7911,492,2026-02-16,South,UPI
7912,72,2026-06-27,Central,Credit Card
7913,622,2025-05-05,South,Credit Card
7914,728,2025-06-12,West,Credit Card
7915,377,2024-10-23,South,UPI
7916,108,2025-04-08,North,Cash on Delivery
7917,479,2024-01-15,South,Debit Card
7918,671,2026-05-24,North,Debit Card
7919,453,2025-09-03,North,Debit Card
7920,567,2024-03-24,Central,Credit Card
7921,489,2024-12-15,North,Credit Card
7922,15,2024-11-06,North,Net Banking
7923,403,2025-10-03,North,Cash on Delivery
7924,325,2024-12-26,East,Credit Card
7925,679,2025-12-09,West,Wallet
7926,567,2024-10-06,Central,Credit Card
7927,436,2025-01-29,West,Wallet
7928,803,2025-07-03,South,Credit Card
7929,157,2024-03-17,North,UPI
7930,652,2025-10-17,South,Net Banking
7931,884,2024-10-07,West,Net Banking
7932,94,2024-03-01,West,Net Banking
7933,633,2024-03-19,South,Debit Card
7934,731,2025-07-03,East,UPI
7935,249,2024-09-25,South,Debit Card
7936,211,2026-03-19,South,Debit Card
7937,789,2025-02-21,South,Debit Card
7938,99,2026-02-12,North,Cash on Delivery
7939,784,2024-08-22,West,Net Banking
7940,212,2025-03-22,South,Cash on Delivery
7941,174,2026-08-03,South,UPI
7942,218,2024-01-27,East,Credit Card
7943,747,2025-07-22,South,UPI
7944,741,2026-01-10,South,Credit Card
7945,209,2025-06-17,South,Net Banking
7946,401,2026-06-14,North,Debit Card
7947,689,2026-06-25,East,Wallet
7948,36,2024-12-22,North,Credit Card
7949,6,2025-06-05,North,Credit Card
7950,831,2024-03-29,South,Credit Card
7951,630,2025-02-21,West,Credit Card
7952,441,2024-08-25,South,Debit Card
7953,392,2026-07-29,West,UPI
7954,953,2024-08-08,West,UPI
7955,423,2024-03-05,South,Cash on Delivery
7956,741,2026-06-13,South,Debit Card
7957,724,2024-03-16,East,UPI
7958,80,2024-03-02,South,Credit Card
7959,920,2025-06-18,South,Credit Card
7960,169,2024-01-06,East,UPI
7961,253,2024-09-01,North,Wallet
7962,837,2024-01-08,East,Cash on Delivery
7963,174,2025-07-28,South,Cash on Delivery
7964,130,2025-12-27,South,Cash on Delivery
7965,679,2026-01-26,West,Debit Card
7966,311,2025-11-09,Central,Credit Card
7967,714,2026-02-04,West,Credit Card
7968,265,2026-06-30,North,Debit Card
7969,919,2026-04-06,East,Credit Card
7970,966,2024-09-17,West,Net Banking
7971,48,2026-04-03,East,Debit Card
7972,881,2026-04-16,North,Credit Card
7973,145,2026-02-22,Central,Cash on Delivery
7974,502,2024-05-21,Central,Credit Card
7975,737,2025-05-12,South,UPI
7976,984,2024-12-13,North,UPI
7977,868,2024-04-16,West,UPI
7978,793,2025-11-09,Central,Net Banking
7979,980,2026-04-09,West,Credit Card
7980,131,2026-04-21,South,Net Banking
7981,296,2025-01-09,South,UPI
7982,26,2026-05-01,East,Credit Card
7983,177,2024-03-02,South,UPI
7984,616,2026-04-30,East,UPI
7985,821,2026-06-30,East,Debit Card
7986,23,2024-04-16,West,Cash on Delivery
7987,411,2025-07-28,South,Debit Card
7988,658,2024-07-05,South,Credit Card
7989,177,2024-02-05,South,Debit Card
7990,230,2024-03-10,East,Cash on Delivery
7991,569,2024-07-24,East,Credit Card
7992,132,2025-08-09,West,Net Banking
7993,310,2025-03-30,West,Net Banking
7994,978,2025-04-20,South,Debit Card
7995,32,2026-03-05,West,Wallet
7996,911,2026-03-30,East,UPI
7997,960,2026-02-21,East,Credit Card
7998,434,2026-02-13,North,Debit Card
7999,188,2025-11-27,North,Credit Card
8000,879,2024-06-02,North,Credit Card
